student_id,name,age,gender,score,phone,city,email,date_of_join,course,attendance,status,gpa,remarks,money_spent,event_time,address_raw,profile_json,email_valid,email_status,phone_digits,phone_formatted,phone_operator,hobbies,skills_tech_python,skills_tech_excel,skills_tech_sql,skills_soft_count,skills_soft_list,family_siblings,family_income_father,family_income_mother,family_income_total,devices_count,has_laptop,has_phone,latest_device_year,devices_types_str,devices_brands_str,addr_raw,addr_postal,addr_city,addr_district
1,Claudia Short,20,,,+1-619-379-4152x102,Katieland,someonegmail.com,2022-09-03 23:22:44,Data Science,,active,3.72,good,135.0,2021-08-18 18:53:50,"Apartment 37, South Kevin district, Tashkent, UZ, 100539","{'hobbies': ['gun', 'nice'], 'skills': {'tech': {'python': 2, 'excel': 5, 'sql': 1}, 'soft': ['with', 'onto']}, 'family': {'siblings': 4, 'income': {'father': 1198, 'mother': 1089}}, 'devices': [{'type': 'laptop', 'brand': 'HP', 'year': 2021}, {'type': 'phone', 'brand': 'Xiaomi', 'year': 2021}]}",False,invalid_format,16193794152102,+998 79 415 21 02,Unknown,"gun, nice",2.0,5.0,1.0,2.0,"with, onto",4.0,1198.0,1089.0,2287.0,2,True,True,2021,"laptop, phone","HP, Xiaomi","Apartment 37, South Kevin district, Tashkent, UZ, 100539",100539,Tashkent,Kevin
2,,20,Female,,,Dawnburgh,psmith@chen.com,2017-08-29 00:00:00,Data Science,,active,1.88,excellent,152.0,2001-11-10 04:19:00,UZ 100332 Tashkent South Patricia,"{hobbies:['against', 'good']}",True,valid,,,,,,,,,,,,,,0,False,False,0,,,UZ 100332 Tashkent South Patricia,100332,Tashkent,Unknown
3,Kathryn Moyer,20,,,,Lake Stevenmouth,,2017-08-14 00:00:00,DATA SCIENCE,,pending,,excellent,185.0,2022-07-14 22:27:02,"Wendyshire 12-kv, dom 1, Tashkent","{'hobbies': ['fast', 'clearly'], 'skills': {'tech': {'python': 5, 'excel': 3, 'sql': 1}, 'soft': ['despite', 'clearly']}, 'family': {'siblings': 1, 'income': {'father': 263, 'mother': 202}}, 'devices': [{'type': 'laptop', 'brand': 'HP', 'year': 2020}, {'type': 'phone', 'brand': 'Samsung', 'year': 2023}]}",False,missing,,,,"fast, clearly",5.0,3.0,1.0,2.0,"despite, clearly",1.0,263.0,202.0,465.0,2,True,True,2023,"laptop, phone","HP, Samsung","Wendyshire 12-kv, dom 1, Tashkent",Unknown,Tashkent,Unknown
4,Ruben Wilson,,fmale,81.0,,Port Pamelafort,special,1973-09-17 00:00:00,data-sciens,,inactive,0.0,good,175.0,2023-04-29 19:05:30,"Apartment 16, North Tamara district, Tashkent, UZ, 100097","{'hobbies': ['left', 'role'], 'skills': {'tech': {'python': 3, 'excel': 5, 'sql': 1}, 'soft': ['full', 'series']}, 'family': {'siblings': 4, 'income': {'father': 508, 'mother': 698}}, 'devices': [{'type': 'laptop', 'brand': 'Lenovo', 'year': 2020}, {'type': 'phone', 'brand': 'Samsung', 'year': 2024}]}",False,invalid_format,,,,"left, role",3.0,5.0,1.0,2.0,"full, series",4.0,508.0,698.0,1206.0,2,True,True,2024,"laptop, phone","Lenovo, Samsung","Apartment 16, North Tamara district, Tashkent, UZ, 100097",100097,Tashkent,Tamara
5,Robert Pruitt,20,Female,,001-182-659-5631x02803,Kingburgh,six,2023-11-25 00:00:00,data_sciense,,pending,4.37,average,282.0,2013-10-13 00:00:00,"BROKEN,ADDRESS,DATA,,,","{'hobbies': ['sort', 'science'], 'skills': {'tech': {'python': 1, 'excel': 4, 'sql': 1}, 'soft': ['whose', 'save']}, 'family': {'siblings': 3, 'income': {'father': 862, 'mother': 1058}}, 'devices': [{'type': 'laptop', 'brand': 'Lenovo', 'year': 2023}, {'type': 'phone', 'brand': 'Apple', 'year': 2022}]}",False,invalid_format,001182659563102803,+998 56 310 28 03,Unknown,"sort, science",1.0,4.0,1.0,2.0,"whose, save",3.0,862.0,1058.0,1920.0,2,True,True,2023,"laptop, phone","Lenovo, Apple","BROKEN,ADDRESS,DATA,,,",Unknown,Unknown,Unknown
6,David Martinez,20,Male,,001-074-828-6016x937,Hugheshaven,nathangibbs@hotmail.com,2020-10-23 22:54:07,DATA SCIENCE,110,pending,15.5,average,8500.0,1983-04-30 01:46:36,"Apartment 42, North Jamesfurt district, Tashkent, UZ, 100551","{hobbies:['order', 'keep']}",True,valid,0010748286016937,+998 28 601 69 37,Unknown,,,,,,,,,,,0,False,False,0,,,"Apartment 42, North Jamesfurt district, Tashkent, UZ, 100551",100551,Tashkent,Jamesfurt
7,,18,FEMALE,71.0,314.018.0928x3134,Sharpfurt,nguyenlisa@@horn.org,1982-01-16 00:00:00,data science,,active,0.0,excellent,275.0,2004-11-19 23:42:00,"Lake Tracishire 29-kv, dom 8, Tashkent","{'hobbies': ['fall', 'teacher'], 'skills': {'tech': {'python': 4, 'excel': 1, 'sql': 4}, 'soft': ['teacher', 'good']}, 'family': {'siblings': 3, 'income': {'father': 1270, 'mother': 931}}, 'devices': [{'type': 'laptop', 'brand': 'HP', 'year': 2018}, {'type': 'phone', 'brand': 'Xiaomi', 'year': 2023}]}",False,invalid_format,31401809283134,+998 80 928 31 34,Unknown,"fall, teacher",4.0,1.0,4.0,2.0,"teacher, good",3.0,1270.0,931.0,2201.0,2,True,True,2023,"laptop, phone","HP, Xiaomi","Lake Tracishire 29-kv, dom 8, Tashkent",Unknown,Tashkent,Unknown
8,Nicholas Dennis,21,FEMALE,,8091556011,Matthewfort,avoid,2000-06-26 00:00:00,python,63,active,,excellent,135.0,1978-09-23 00:00:00,"70576 Butler Harbor Suite 847, Janetberg",INVALID_JSON_DATA,False,invalid_format,8091556011,+998 09 155 60 11,Unknown,,,,,,,,,,,0,False,False,0,,,"70576 Butler Harbor Suite 847, Janetberg",70576,Unknown,Unknown
9,,,fmale,77.0,854-964-5423,South Paulchester,stacysmith@taylor.biz,2000-03-15 00:00:00,ds,110,active,15.5,excellent,104.0,1995-10-20 00:00:00,"Williamsborough 2-kv, dom 18, Tashkent","{'hobbies': ['require', 'open'], 'skills': {'tech': {'python': 1, 'excel': 5, 'sql': 4}, 'soft': ['partner', 'walk']}, 'family': {'siblings': 0, 'income': {'father': 850, 'mother': 1062}}, 'devices': [{'type': 'laptop', 'brand': 'Dell', 'year': 2019}, {'type': 'phone', 'brand': 'Apple', 'year': 2020}]}",True,valid,8549645423,+998 54 964 54 23,Unknown,"require, open",1.0,5.0,4.0,2.0,"partner, walk",0.0,850.0,1062.0,1912.0,2,True,True,2020,"laptop, phone","Dell, Apple","Williamsborough 2-kv, dom 18, Tashkent",Unknown,Tashkent,Unknown
10,Elizabeth Villegas,22,femlae,,(205)467-4476x0583,South Dianatown,anthonywalker@@gmail.com,2013-02-11 07:12:29,data_sciense,99,inactive,37.0,average,21500.0,2014-12-16 06:44:51,"BROKEN,ADDRESS,DATA,,,","{'hobbies': ['management', 'to'], 'skills': {'tech': {'python': 1, 'excel': 1, 'sql': 4}, 'soft': ['beat', 'southern']}, 'family': {'siblings': 3, 'income': {'father': 597, 'mother': 1150}}, 'devices': [{'type': 'laptop', 'brand': 'Dell', 'year': 2016}, {'type': 'phone', 'brand': 'Xiaomi', 'year': 2023}]}",False,invalid_format,20546744760583,+998 74 476 05 83,Unknown,"management, to",1.0,1.0,4.0,2.0,"beat, southern",3.0,597.0,1150.0,1747.0,2,True,True,2023,"laptop, phone","Dell, Xiaomi","BROKEN,ADDRESS,DATA,,,",Unknown,Unknown,Unknown
11,Shawn Baker,19,,,9868509629,Zhangstad,stand,2025-06-10 00:00:00,data science,110,active,37.0,excellent,18300.0,2001-06-06 05:29:47,"Apartment 34, North Samantha district, Tashkent, UZ, 100659",INVALID_JSON_DATA,False,invalid_format,9868509629,+998 86 850 96 29,Unknown,,,,,,,,,,,0,False,False,0,,,"Apartment 34, North Samantha district, Tashkent, UZ, 100659",100659,Tashkent,Samantha
12,,18,femlae,71.0,,Austinside,annalee@@gmail.com,2013-01-14 19:16:00,d.s.,110,inactive,-2.0,average,208.0,2003-05-27 00:00:00,"Apartment 13, Morrismouth district, Tashkent, UZ, 100315","{hobbies:['forward', 'like']}",False,invalid_format,,,,,,,,,,,,,,0,False,False,0,,,"Apartment 13, Morrismouth district, Tashkent, UZ, 100315",100315,Tashkent,Morrismouth
13,,19,fmale,,(223)573-6311x916,Lesliefurt,someonegmail.com,2014-12-24 00:00:00,data science,110,inactive,,excellent,84.0,2010-11-21 00:00:00,"Frankchester 9-kv, dom 20, Tashkent",INVALID_JSON_DATA,False,invalid_format,2235736311916,+998 73 631 19 16,Unknown,,,,,,,,,,,0,False,False,0,,,"Frankchester 9-kv, dom 20, Tashkent",Unknown,Tashkent,Unknown
14,Thomas Prince,20,,,,East Michellestad,aphillips@holland-diaz.org,2012-02-09 00:00:00,PYTHNO,114,inactive,15.5,excellent,210.0,2013-05-14 00:00:00,UZ 100394 Tashkent Stevensborough,"{hobbies:['understand', 'become']}",True,valid,,,,,,,,,,,,,,0,False,False,0,,,UZ 100394 Tashkent Stevensborough,100394,Tashkent,Unknown
15,,21,MALE,73.0,,Michellebury,kevin65@maxwell.info,1971-03-17 08:30:18,python,110,pending,37.0,good,191.0,1984-10-29 14:14:47,"Davidborough 9-kv, dom 29, Tashkent",INVALID_JSON_DATA,True,valid,,,,,,,,,,,,,,0,False,False,0,,,"Davidborough 9-kv, dom 29, Tashkent",Unknown,Tashkent,Unknown
16,Adrian Allen,20,FEMALE,,,Antoniobury,,1999-08-29 00:00:00,PYTHNO,110,pending,37.0,excellent,53.0,1983-10-13 00:00:00,"1965 Jacobs Branch Apt. 418, Timburgh","{'hobbies': ['partner', 'race'], 'skills': {'tech': {'python': 4, 'excel': 4, 'sql': 4}, 'soft': ['onto', 'owner']}, 'family': {'siblings': 3, 'income': {'father': 798, 'mother': 626}}, 'devices': [{'type': 'laptop', 'brand': 'Dell', 'year': 2019}, {'type': 'phone', 'brand': 'Apple', 'year': 2022}]}",False,missing,,,,"partner, race",4.0,4.0,4.0,2.0,"onto, owner",3.0,798.0,626.0,1424.0,2,True,True,2022,"laptop, phone","Dell, Apple","1965 Jacobs Branch Apt. 418, Timburgh",Unknown,Unknown,Unknown
17,Stephen Lyons,19,,76.0,,New Adam,yourself,2009-10-13 02:20:00,data-sciens,110,active,,good,110.0,1984-12-04 09:17:45,UZ 100399 Tashkent Joehaven,"{'hobbies': ['nothing', 'community'], 'skills': {'tech': {'python': 1, 'excel': 1, 'sql': 5}, 'soft': ['wear', 'will']}, 'family': {'siblings': 1, 'income': {'father': 772, 'mother': 498}}, 'devices': [{'type': 'laptop', 'brand': 'Lenovo', 'year': 2023}, {'type': 'phone', 'brand': 'Apple', 'year': 2021}]}",False,invalid_format,,,,"nothing, community",1.0,1.0,5.0,2.0,"wear, will",1.0,772.0,498.0,1270.0,2,True,True,2023,"laptop, phone","Lenovo, Apple",UZ 100399 Tashkent Joehaven,100399,Tashkent,Unknown
18,Zachary Lyons,18,male,68.0,(242)552-5722,Chenport,sport,2003-09-25 00:00:00,data_sciense,110,inactive,,average,138.0,1997-08-27 00:00:00,"Apartment 22, Port Kevin district, Tashkent, UZ, 100106",INVALID_JSON_DATA,False,invalid_format,2425525722,+998 42 552 57 22,Unknown,,,,,,,,,,,0,False,False,0,,,"Apartment 22, Port Kevin district, Tashkent, UZ, 100106",100106,Tashkent,Kevin
19,,20,fmale,50.0,+1-179-099-6883,West Danaville,down,1974-02-20 00:00:00,data_sciense,110,active,3.05,excellent,6600.0,1976-05-07 00:00:00,"BROKEN,ADDRESS,DATA,,,",INVALID_JSON_DATA,False,invalid_format,11790996883,+998 79 099 68 83,Unknown,,,,,,,,,,,0,False,False,0,,,"BROKEN,ADDRESS,DATA,,,",Unknown,Unknown,Unknown
20,Anthony Hardy,20,male,,669-272-8730x1241,Kimport,voice,1973-05-20 19:05:00,ds,65,pending,,excellent,218.0,2021-07-23 07:23:13,"Masontown 10-kv, dom 21, Tashkent","{'hobbies': ['certainly', 'defense'], 'skills': {'tech': {'python': 5, 'excel': 2, 'sql': 4}, 'soft': ['medical', 'quality']}, 'family': {'siblings': 4, 'income': {'father': 1220, 'mother': 1220}}, 'devices': [{'type': 'laptop', 'brand': 'Lenovo', 'year': 2018}, {'type': 'phone', 'brand': 'Apple', 'year': 2019}]}",False,invalid_format,66927287301241,+998 28 730 12 41,Unknown,"certainly, defense",5.0,2.0,4.0,2.0,"medical, quality",4.0,1220.0,1220.0,2440.0,2,True,True,2019,"laptop, phone","Lenovo, Apple","Masontown 10-kv, dom 21, Tashkent",Unknown,Tashkent,Unknown
21,Hector Beltran,20,male,52.0,,North Harry,preid@hotmail.com,2010-02-02 00:00:00,DATA SCIENCE,110,active,15.5,good,153.0,1983-03-31 17:15:15,"BROKEN,ADDRESS,DATA,,,",INVALID_JSON_DATA,True,valid,,,,,,,,,,,,,,0,False,False,0,,,"BROKEN,ADDRESS,DATA,,,",Unknown,Unknown,Unknown
22,Tara Nguyen,22,,73.0,038.874.2999x225,Brittanychester,rrodriguez@@newman.com,2000-06-04 17:46:54,Pyhton,78,inactive,,excellent,174.0,2020-11-26 00:00:00,UZ 100063 Tashkent Lake Shaneland,"{'hobbies': ['create', 'accept'], 'skills': {'tech': {'python': 1, 'excel': 3, 'sql': 1}, 'soft': ['new', 'manager']}, 'family': {'siblings': 3, 'income': {'father': 1140, 'mother': 1117}}, 'devices': [{'type': 'laptop', 'brand': 'Dell', 'year': 2016}, {'type': 'phone', 'brand': 'Xiaomi', 'year': 2018}]}",False,invalid_format,0388742999225,+998 74 299 92 25,Unknown,"create, accept",1.0,3.0,1.0,2.0,"new, manager",3.0,1140.0,1117.0,2257.0,2,True,True,2018,"laptop, phone","Dell, Xiaomi",UZ 100063 Tashkent Lake Shaneland,100063,Tashkent,Unknown
23,Jessica Robinson,22,Male,,+1-169-715-0937x68300,Jonesfurt,,2010-05-10 12:48:00,ds,81,inactive,37.0,good,26100.0,2005-06-09 00:00:00,"0451 James Cliffs Suite 725, Wagnermouth","{hobbies:['type', 'beautiful']}",False,missing,1169715093768300,+998 09 376 83 00,Unknown,,,,,,,,,,,0,False,False,0,,,"0451 James Cliffs Suite 725, Wagnermouth",Unknown,Unknown,Unknown
24,Latoya Williams,18,male,60.0,,North Ashleyborough,,2021-08-06 11:33:00,data science,110,pending,37.0,excellent,14800.0,2021-11-12 15:59:30,"0258 Sean Keys Apt. 380, Kevinfort","{'hobbies': ['step', 'section'], 'skills': {'tech': {'python': 1, 'excel': 5, 'sql': 3}, 'soft': ['beat', 'popular']}, 'family': {'siblings': 0, 'income': {'father': 1376, 'mother': 871}}, 'devices': [{'type': 'laptop', 'brand': 'Dell', 'year': 2022}, {'type': 'phone', 'brand': 'Xiaomi', 'year': 2019}]}",False,missing,,,,"step, section",1.0,5.0,3.0,2.0,"beat, popular",0.0,1376.0,871.0,2247.0,2,True,True,2022,"laptop, phone","Dell, Xiaomi","0258 Sean Keys Apt. 380, Kevinfort",Unknown,Unknown,Unknown
25,,21,,,,Donnaview,urodriguez@@ferrell.com,2025-03-08 00:00:00,data science,,pending,15.5,excellent,135.0,2000-07-16 13:07:00,"06462 Buck Springs Apt. 169, North Lisa","{'hobbies': ['phone', 'consider'], 'skills': {'tech': {'python': 1, 'excel': 3, 'sql': 2}, 'soft': ['must', 'around']}, 'family': {'siblings': 0, 'income': {'father': 1453, 'mother': 206}}, 'devices': [{'type': 'laptop', 'brand': 'Lenovo', 'year': 2019}, {'type': 'phone', 'brand': 'Xiaomi', 'year': 2020}]}",False,invalid_format,,,,"phone, consider",1.0,3.0,2.0,2.0,"must, around",0.0,1453.0,206.0,1659.0,2,True,True,2020,"laptop, phone","Lenovo, Xiaomi","06462 Buck Springs Apt. 169, North Lisa",06462,Unknown,Unknown
26,,21,fmale,,,Harrisbury,about,2022-07-18 17:43:00,ds,96,pending,15.5,good,29900.0,2001-02-12 00:00:00,"Apartment 20, Lake Crystal district, Tashkent, UZ, 100119","{'hobbies': ['tough', 'role'], 'skills': {'tech': {'python': 3, 'excel': 1, 'sql': 2}, 'soft': ['south', 'his']}, 'family': {'siblings': 1, 'income': {'father': 623, 'mother': 577}}, 'devices': [{'type': 'laptop', 'brand': 'Dell', 'year': 2022}, {'type': 'phone', 'brand': 'Apple', 'year': 2019}]}",False,invalid_format,,,,"tough, role",3.0,1.0,2.0,2.0,"south, his",1.0,623.0,577.0,1200.0,2,True,True,2022,"laptop, phone","Dell, Apple","Apartment 20, Lake Crystal district, Tashkent, UZ, 100119",100119,Tashkent,Crystal
27,Emily Cummings,22,female,59.0,,East Dariuston,direction,2023-04-28 18:06:01,python,,inactive,1.18,average,245.0,2000-12-24 00:42:00,"Apartment 27, South David district, Tashkent, UZ, 100696","{""hobbies"": [""billion"", ""feeling""], ""skills"": {""tech"": {""python"": 3, ""excel"": 1, ""sql"": 3}, ""soft"": [""thought"", ""particularly""]}, ""family"": {""siblings"": 4, ""income"": {""father"": 303, ""mother"": 1245}}, ""devices"": [{""type"": ""laptop"", ""brand"": ""Lenovo"", ""year"": 2023}, {""type"": ""phone"", ""brand"": ""Samsung"", ""year"": 2023}]}",False,invalid_format,,,,"billion, feeling",3.0,1.0,3.0,2.0,"thought, particularly",4.0,303.0,1245.0,1548.0,2,True,True,2023,"laptop, phone","Lenovo, Samsung","Apartment 27, South David district, Tashkent, UZ, 100696",100696,Tashkent,David
28,Brandy Powell,,,87.0,404.233.0292x9740,Oconnellburgh,benjamincollins@@davis.info,2000-07-27 00:00:00,Pyhton,107,inactive,,excellent,285.0,2014-07-31 11:40:00,"BROKEN,ADDRESS,DATA,,,","{'hobbies': ['energy', 'however'], 'skills': {'tech': {'python': 2, 'excel': 1, 'sql': 3}, 'soft': ['either', 'plan']}, 'family': {'siblings': 4, 'income': {'father': 1105, 'mother': 1106}}, 'devices': [{'type': 'laptop', 'brand': 'Lenovo', 'year': 2023}, {'type': 'phone', 'brand': 'Samsung', 'year': 2022}]}",False,invalid_format,40423302929740,+998 30 292 97 40,Unknown,"energy, however",2.0,1.0,3.0,2.0,"either, plan",4.0,1105.0,1106.0,2211.0,2,True,True,2023,"laptop, phone","Lenovo, Samsung","BROKEN,ADDRESS,DATA,,,",Unknown,Unknown,Unknown
29,,21,male,88.0,(521)168-1029x21287,West Rachel,elizabeth49@yahoo.com,2014-09-19 00:00:00,ds,,inactive,,,295.0,1992-05-20 00:00:00,"241 Sarah Spring, Bridgetton",INVALID_JSON_DATA,True,valid,521168102921287,+998 10 292 12 87,Unknown,,,,,,,,,,,0,False,False,0,,,"241 Sarah Spring, Bridgetton",Unknown,Unknown,Unknown
30,Jaime Rowe,,femlae,69.0,046-892-9598x929,Shepardmouth,eolson@carr.net,1972-01-29 01:01:06,Data Science,64,pending,37.0,average,294.0,2022-04-24 08:54:19,"Port Robertstad 16-kv, dom 50, Tashkent","{'hobbies': ['woman', 'wear'], 'skills': {'tech': {'python': 4, 'excel': 5, 'sql': 3}, 'soft': ['reduce', 'than']}, 'family': {'siblings': 4, 'income': {'father': 1291, 'mother': 913}}, 'devices': [{'type': 'laptop', 'brand': 'Lenovo', 'year': 2024}, {'type': 'phone', 'brand': 'Xiaomi', 'year': 2019}]}",True,valid,0468929598929,+998 92 959 89 29,Uzbektelecom,"woman, wear",4.0,5.0,3.0,2.0,"reduce, than",4.0,1291.0,913.0,2204.0,2,True,True,2024,"laptop, phone","Lenovo, Xiaomi","Port Robertstad 16-kv, dom 50, Tashkent",Unknown,Tashkent,Unknown
31,Brianna Castro,21,,,,East Regina,?ali@@gmail..com,2007-10-13 09:29:00,data science,110,pending,-2.0,average,63.0,1970-09-12 00:00:00,"BROKEN,ADDRESS,DATA,,,",INVALID_JSON_DATA,False,invalid_format,,,,,,,,,,,,,,0,False,False,0,,,"BROKEN,ADDRESS,DATA,,,",Unknown,Unknown,Unknown
32,April Johnson,20,male,,0548293587,Andersontown,daniel21@@hotmail.com,2021-11-27 01:13:12,PYTHNO,110,active,-2.0,good,289.0,2022-04-21 06:18:32,"Apartment 42, Christineburgh district, Tashkent, UZ, 100686","{'hobbies': ['material', 'relate'], 'skills': {'tech': {'python': 5, 'excel': 3, 'sql': 3}, 'soft': ['against', 'history']}, 'family': {'siblings': 4, 'income': {'father': 1124, 'mother': 1323}}, 'devices': [{'type': 'laptop', 'brand': 'Dell', 'year': 2023}, {'type': 'phone', 'brand': 'Apple', 'year': 2018}]}",False,invalid_format,0548293587,+998 54 829 35 87,Unknown,"material, relate",5.0,3.0,3.0,2.0,"against, history",4.0,1124.0,1323.0,2447.0,2,True,True,2023,"laptop, phone","Dell, Apple","Apartment 42, Christineburgh district, Tashkent, UZ, 100686",100686,Tashkent,Christineburgh
33,Joyce Franklin,20,FEMALE,60.0,618.090.5816x281,South Brittany,exist,2000-06-29 21:16:26,Data Science,66,inactive,15.5,excellent,57.0,1982-05-31 00:00:00,"New Antonio 12-kv, dom 41, Tashkent","{""hobbies"": [""run"", ""case""], ""skills"": {""tech"": {""python"": 4, ""excel"": 2, ""sql"": 3}, ""soft"": [""rock"", ""never""]}, ""family"": {""siblings"": 4, ""income"": {""father"": 1009, ""mother"": 1369}}, ""devices"": [{""type"": ""laptop"", ""brand"": ""Dell"", ""year"": 2022}, {""type"": ""phone"", ""brand"": ""Xiaomi"", ""year"": 2020}]}",False,invalid_format,6180905816281,+998 90 581 62 81,Beeline,"run, case",4.0,2.0,3.0,2.0,"rock, never",4.0,1009.0,1369.0,2378.0,2,True,True,2022,"laptop, phone","Dell, Xiaomi","New Antonio 12-kv, dom 41, Tashkent",Unknown,Tashkent,Unknown
34,,20,female,,,Hillmouth,?ali@@gmail..com,1983-05-24 00:00:00,data_sciense,67,active,37.0,excellent,17200.0,1975-06-08 00:00:00,UZ 100883 Tashkent West Michaelport,"{'hobbies': ['decide', 'least'], 'skills': {'tech': {'python': 5, 'excel': 5, 'sql': 2}, 'soft': ['mouth', 'laugh']}, 'family': {'siblings': 4, 'income': {'father': 763, 'mother': 1393}}, 'devices': [{'type': 'laptop', 'brand': 'HP', 'year': 2019}, {'type': 'phone', 'brand': 'Samsung', 'year': 2020}]}",False,invalid_format,,,,"decide, least",5.0,5.0,2.0,2.0,"mouth, laugh",4.0,763.0,1393.0,2156.0,2,True,True,2020,"laptop, phone","HP, Samsung",UZ 100883 Tashkent West Michaelport,100883,Tashkent,Unknown
35,,22,FEMALE,,(356)552-3035x22091,North Maryfort,,2008-01-25 20:03:00,data science,110,pending,-2.0,,136.0,1998-08-30 02:53:00,UZ 100652 Tashkent Lake Donaldton,INVALID_JSON_DATA,False,missing,356552303522091,+998 30 352 20 91,Unknown,,,,,,,,,,,0,False,False,0,,,UZ 100652 Tashkent Lake Donaldton,100652,Tashkent,Unknown
36,,22,,87.0,001-893-021-7782x51647,North Gerald,?ali@@gmail..com,2018-11-11 00:00:00,python,110,inactive,15.5,average,202.0,2024-12-18 00:00:00,"North Amy 11-kv, dom 49, Tashkent","{""hobbies"": [""stay"", ""even""], ""skills"": {""tech"": {""python"": 3, ""excel"": 5, ""sql"": 3}, ""soft"": [""generation"", ""group""]}, ""family"": {""siblings"": 1, ""income"": {""father"": 219, ""mother"": 1344}}, ""devices"": [{""type"": ""laptop"", ""brand"": ""Dell"", ""year"": 2017}, {""type"": ""phone"", ""brand"": ""Apple"", ""year"": 2021}]}",False,invalid_format,001893021778251647,+998 77 825 16 47,Unknown,"stay, even",3.0,5.0,3.0,2.0,"generation, group",1.0,219.0,1344.0,1563.0,2,True,True,2021,"laptop, phone","Dell, Apple","North Amy 11-kv, dom 49, Tashkent",Unknown,Tashkent,Unknown
37,Jeremy Fry,18,femlae,,(773)180-2562x2965,New Kent,mccoyandrew@yahoo.com,2023-08-30 22:57:05,data science,110,pending,,average,157.0,1971-02-04 00:00:00,"Apartment 49, New Ian district, Tashkent, UZ, 100606","{hobbies:['score', 'bar']}",True,valid,77318025622965,+998 02 562 29 65,Unknown,,,,,,,,,,,0,False,False,0,,,"Apartment 49, New Ian district, Tashkent, UZ, 100606",100606,Tashkent,Ian
38,Christopher Sosa,20,male,,001-138-648-1737x665,New Aliceland,stock,2022-08-12 00:00:00,d.s.,67,active,,excellent,242.0,1970-02-17 19:58:04,"Apartment 22, Youngton district, Tashkent, UZ, 100192","{""hobbies"": [""art"", ""learn""], ""skills"": {""tech"": {""python"": 3, ""excel"": 2, ""sql"": 3}, ""soft"": [""write"", ""alone""]}, ""family"": {""siblings"": 2, ""income"": {""father"": 1354, ""mother"": 448}}, ""devices"": [{""type"": ""laptop"", ""brand"": ""Lenovo"", ""year"": 2024}, {""type"": ""phone"", ""brand"": ""Samsung"", ""year"": 2020}]}",False,invalid_format,0011386481737665,+998 48 173 76 65,Unknown,"art, learn",3.0,2.0,3.0,2.0,"write, alone",2.0,1354.0,448.0,1802.0,2,True,True,2024,"laptop, phone","Lenovo, Samsung","Apartment 22, Youngton district, Tashkent, UZ, 100192",100192,Tashkent,Youngton
39,David Duke,20,fmale,,526-677-6949,Harrishaven,baguilar@@hotmail.com,2004-09-26 00:00:00,python,110,active,,excellent,159.0,2022-05-25 01:20:33,UZ 100766 Tashkent Port William,"{hobbies:['challenge', 'trouble']}",False,invalid_format,5266776949,+998 26 677 69 49,Unknown,,,,,,,,,,,0,False,False,0,,,UZ 100766 Tashkent Port William,100766,Tashkent,Unknown
40,Sara Page,20,fmale,71.0,,West William,edgar27@phillips-martin.info,2022-03-26 05:45:17,python,110,inactive,,,140.0,1993-10-06 00:00:00,"73317 Timothy Port Suite 163, Dicksonbury","{""hobbies"": [""imagine"", ""middle""], ""skills"": {""tech"": {""python"": 3, ""excel"": 4, ""sql"": 4}, ""soft"": [""begin"", ""movement""]}, ""family"": {""siblings"": 5, ""income"": {""father"": 270, ""mother"": 255}}, ""devices"": [{""type"": ""laptop"", ""brand"": ""Lenovo"", ""year"": 2020}, {""type"": ""phone"", ""brand"": ""Apple"", ""year"": 2021}]}",True,valid,,,,"imagine, middle",3.0,4.0,4.0,2.0,"begin, movement",5.0,270.0,255.0,525.0,2,True,True,2021,"laptop, phone","Lenovo, Apple","73317 Timothy Port Suite 163, Dicksonbury",73317,Unknown,Unknown
41,,19,male,,,West Georgefort,,1975-12-17 00:00:00,data_sciense,,active,15.5,average,225.0,2021-04-03 02:43:08,"4613 Robert Cliff Suite 875, South Leslie","{""hobbies"": [""particular"", ""turn""], ""skills"": {""tech"": {""python"": 1, ""excel"": 4, ""sql"": 2}, ""soft"": [""trip"", ""toward""]}, ""family"": {""siblings"": 5, ""income"": {""father"": 1364, ""mother"": 1312}}, ""devices"": [{""type"": ""laptop"", ""brand"": ""HP"", ""year"": 2017}, {""type"": ""phone"", ""brand"": ""Xiaomi"", ""year"": 2019}]}",False,missing,,,,"particular, turn",1.0,4.0,2.0,2.0,"trip, toward",5.0,1364.0,1312.0,2676.0,2,True,True,2019,"laptop, phone","HP, Xiaomi","4613 Robert Cliff Suite 875, South Leslie",Unknown,Unknown,Unknown
42,Mark Smith,,Male,,,West Morganchester,force,1980-12-09 00:00:00,data-sciens,81,inactive,-2.0,excellent,255.0,1980-06-06 03:12:08,"Apartment 17, Port Kristopherberg district, Tashkent, UZ, 100563",INVALID_JSON_DATA,False,invalid_format,,,,,,,,,,,,,,0,False,False,0,,,"Apartment 17, Port Kristopherberg district, Tashkent, UZ, 100563",100563,Tashkent,Kristopherberg
43,Amanda Myers,19,fmale,,6981153243,North Christopherborough,hoganandrew@@hotmail.com,2021-06-24 12:05:49,data science,110,pending,-2.0,average,14000.0,1990-02-09 05:03:04,UZ 100515 Tashkent North Joseph,"{'hobbies': ['professional', 'necessary'], 'skills': {'tech': {'python': 5, 'excel': 4, 'sql': 2}, 'soft': ['recent', 'tend']}, 'family': {'siblings': 1, 'income': {'father': 1134, 'mother': 1304}}, 'devices': [{'type': 'laptop', 'brand': 'Dell', 'year': 2018}, {'type': 'phone', 'brand': 'Apple', 'year': 2021}]}",False,invalid_format,6981153243,+998 98 115 32 43,Perfectum,"professional, necessary",5.0,4.0,2.0,2.0,"recent, tend",1.0,1134.0,1304.0,2438.0,2,True,True,2021,"laptop, phone","Dell, Apple",UZ 100515 Tashkent North Joseph,100515,Tashkent,Unknown
44,Eric George,18,male,93.0,,Nathanborough,cynthia47@@oneill.com,2022-03-17 10:25:13,Pyhton,,inactive,,good,205.0,2022-06-27 20:25:36,UZ 100297 Tashkent North Candace,"{hobbies:['official', 'begin']}",False,invalid_format,,,,,,,,,,,,,,0,False,False,0,,,UZ 100297 Tashkent North Candace,100297,Tashkent,Unknown
45,,20,,83.0,,Duncanfort,someonegmail.com,2022-12-26 11:07:23,data-sciens,110,active,0.0,excellent,135.0,2022-11-21 00:00:00,"Annahaven 19-kv, dom 3, Tashkent","{'hobbies': ['finish', 'true'], 'skills': {'tech': {'python': 4, 'excel': 2, 'sql': 2}, 'soft': ['enter', 'response']}, 'family': {'siblings': 5, 'income': {'father': 778, 'mother': 355}}, 'devices': [{'type': 'laptop', 'brand': 'Lenovo', 'year': 2021}, {'type': 'phone', 'brand': 'Xiaomi', 'year': 2022}]}",False,invalid_format,,,,"finish, true",4.0,2.0,2.0,2.0,"enter, response",5.0,778.0,355.0,1133.0,2,True,True,2022,"laptop, phone","Lenovo, Xiaomi","Annahaven 19-kv, dom 3, Tashkent",Unknown,Tashkent,Unknown
46,Brandi Jones,20,male,,,Ramirezborough,lawrence93@robinson-davis.com,1989-02-03 04:53:00,data_sciense,92,inactive,15.5,,172.0,1975-05-22 00:00:00,"BROKEN,ADDRESS,DATA,,,","{""hobbies"": [""raise"", ""let""], ""skills"": {""tech"": {""python"": 1, ""excel"": 5, ""sql"": 2}, ""soft"": [""tell"", ""compare""]}, ""family"": {""siblings"": 3, ""income"": {""father"": 209, ""mother"": 1191}}, ""devices"": [{""type"": ""laptop"", ""brand"": ""Dell"", ""year"": 2016}, {""type"": ""phone"", ""brand"": ""Apple"", ""year"": 2021}]}",True,valid,,,,"raise, let",1.0,5.0,2.0,2.0,"tell, compare",3.0,209.0,1191.0,1400.0,2,True,True,2021,"laptop, phone","Dell, Apple","BROKEN,ADDRESS,DATA,,,",Unknown,Unknown,Unknown
47,John Robinson,19,,51.0,,Port Tracy,wallacerandy@bradshaw.com,2021-01-18 15:09:03,ds,,active,15.5,average,16600.0,1994-04-25 00:00:00,UZ 100626 Tashkent East Williamport,"{'hobbies': ['above', 'even'], 'skills': {'tech': {'python': 3, 'excel': 2, 'sql': 5}, 'soft': ['minute', 'view']}, 'family': {'siblings': 4, 'income': {'father': 1127, 'mother': 1111}}, 'devices': [{'type': 'laptop', 'brand': 'HP', 'year': 2020}, {'type': 'phone', 'brand': 'Apple', 'year': 2022}]}",True,valid,,,,"above, even",3.0,2.0,5.0,2.0,"minute, view",4.0,1127.0,1111.0,2238.0,2,True,True,2022,"laptop, phone","HP, Apple",UZ 100626 Tashkent East Williamport,100626,Tashkent,Unknown
48,Suzanne Meyer,,MALE,95.0,,South Joshua,bartlettchristy@perez-strickland.com,1972-09-21 00:00:00,DATA SCIENCE,110,active,,,144.0,1976-01-20 00:00:00,"6637 Michelle Unions Apt. 959, Erikfort","{'hobbies': ['do', 'property'], 'skills': {'tech': {'python': 3, 'excel': 1, 'sql': 4}, 'soft': ['parent', 'raise']}, 'family': {'siblings': 1, 'income': {'father': 709, 'mother': 1006}}, 'devices': [{'type': 'laptop', 'brand': 'Dell', 'year': 2015}, {'type': 'phone', 'brand': 'Apple', 'year': 2024}]}",True,valid,,,,"do, property",3.0,1.0,4.0,2.0,"parent, raise",1.0,709.0,1006.0,1715.0,2,True,True,2024,"laptop, phone","Dell, Apple","6637 Michelle Unions Apt. 959, Erikfort",Unknown,Unknown,Unknown
49,,18,FEMALE,,+1-271-809-4741,Lake Michael,ablair@@gomez.com,2023-01-02 03:42:09,data_sciense,81,active,-2.0,average,225.0,1992-09-19 00:00:00,"00607 Alvarez Circles Suite 553, North Benjamin","{hobbies:['wonder', 'strong']}",False,invalid_format,12718094741,+998 71 809 47 41,Unknown,,,,,,,,,,,0,False,False,0,,,"00607 Alvarez Circles Suite 553, North Benjamin",00607,Unknown,Unknown
50,Justin Wong,18,femlae,90.0,(010)809-9177x1999,Travisfort,?ali@@gmail..com,1970-02-03 13:13:00,d.s.,110,active,37.0,average,164.0,1995-02-16 00:00:00,"Apartment 28, East Andrew district, Tashkent, UZ, 100090","{'hobbies': ['decide', 'continue'], 'skills': {'tech': {'python': 4, 'excel': 4, 'sql': 3}, 'soft': ['these', 'could']}, 'family': {'siblings': 3, 'income': {'father': 204, 'mother': 506}}, 'devices': [{'type': 'laptop', 'brand': 'Lenovo', 'year': 2016}, {'type': 'phone', 'brand': 'Samsung', 'year': 2024}]}",False,invalid_format,01080991771999,+998 99 177 19 99,Uzbektelecom,"decide, continue",4.0,4.0,3.0,2.0,"these, could",3.0,204.0,506.0,710.0,2,True,True,2024,"laptop, phone","Lenovo, Samsung","Apartment 28, East Andrew district, Tashkent, UZ, 100090",100090,Tashkent,Andrew
51,James Davis,20,female,61.0,,New Emilyshire,organization,2014-02-09 00:00:00,data science,,inactive,37.0,average,132.0,1995-04-07 00:00:00,UZ 100391 Tashkent Lake Amy,"{hobbies:['prove', 'central']}",False,invalid_format,,,,,,,,,,,,,,0,False,False,0,,,UZ 100391 Tashkent Lake Amy,100391,Tashkent,Unknown
52,Mitchell Conway,19,Female,63.0,5709119906,Lake Louis,,1994-06-13 04:13:00,ds,,inactive,-2.0,,205.0,2023-01-10 06:52:10,"BROKEN,ADDRESS,DATA,,,","{""hobbies"": [""painting"", ""tough""], ""skills"": {""tech"": {""python"": 4, ""excel"": 5, ""sql"": 2}, ""soft"": [""hour"", ""series""]}, ""family"": {""siblings"": 3, ""income"": {""father"": 543, ""mother"": 1003}}, ""devices"": [{""type"": ""laptop"", ""brand"": ""Dell"", ""year"": 2015}, {""type"": ""phone"", ""brand"": ""Apple"", ""year"": 2020}]}",False,missing,5709119906,+998 70 911 99 06,Unknown,"painting, tough",4.0,5.0,2.0,2.0,"hour, series",3.0,543.0,1003.0,1546.0,2,True,True,2020,"laptop, phone","Dell, Apple","BROKEN,ADDRESS,DATA,,,",Unknown,Unknown,Unknown
53,,20,fmale,88.0,(780)869-1118x5301,West Lindsayview,dclark@boyd.info,2012-06-25 00:00:00,d.s.,110,inactive,37.0,average,251.0,1990-03-31 00:00:00,UZ 100232 Tashkent Annabury,"{hobbies:['least', 'question']}",True,valid,78086911185301,+998 91 118 53 01,Beeline,,,,,,,,,,,0,False,False,0,,,UZ 100232 Tashkent Annabury,100232,Tashkent,Unknown
54,Heather Moreno,19,fmale,83.0,438-917-8289x05514,South Jasmine,woodsanna@@wilkinson-glenn.info,2025-07-25 00:00:00,DATA SCIENCE,,pending,,excellent,221.0,2024-01-16 00:00:00,"Christown 6-kv, dom 20, Tashkent","{""hobbies"": [""leave"", ""effect""], ""skills"": {""tech"": {""python"": 3, ""excel"": 5, ""sql"": 5}, ""soft"": [""six"", ""reduce""]}, ""family"": {""siblings"": 1, ""income"": {""father"": 581, ""mother"": 302}}, ""devices"": [{""type"": ""laptop"", ""brand"": ""Dell"", ""year"": 2020}, {""type"": ""phone"", ""brand"": ""Apple"", ""year"": 2020}]}",False,invalid_format,438917828905514,+998 82 890 55 14,Unknown,"leave, effect",3.0,5.0,5.0,2.0,"six, reduce",1.0,581.0,302.0,883.0,2,True,True,2020,"laptop, phone","Dell, Apple","Christown 6-kv, dom 20, Tashkent",Unknown,Tashkent,Unknown
55,Todd Moore,21,MALE,,+1-517-494-2230x14006,Richardview,schmidtregina@gmail.com,1999-04-29 21:01:29,ds,110,inactive,0.0,excellent,51.0,1998-03-22 03:51:00,"Apartment 40, West Davidhaven district, Tashkent, UZ, 100291","{hobbies:['save', 'most']}",True,valid,1517494223014006,+998 22 301 40 06,Unknown,,,,,,,,,,,0,False,False,0,,,"Apartment 40, West Davidhaven district, Tashkent, UZ, 100291",100291,Tashkent,Davidhaven
56,,21,Female,,,Katelynton,dominguezerin@solis.org,2021-09-21 03:28:09,Pyhton,,inactive,,,298.0,1980-07-14 00:00:00,"Apartment 42, South Charles district, Tashkent, UZ, 100904","{'hobbies': ['where', 'game'], 'skills': {'tech': {'python': 4, 'excel': 2, 'sql': 1}, 'soft': ['per', 'detail']}, 'family': {'siblings': 1, 'income': {'father': 602, 'mother': 1380}}, 'devices': [{'type': 'laptop', 'brand': 'Lenovo', 'year': 2019}, {'type': 'phone', 'brand': 'Samsung', 'year': 2022}]}",True,valid,,,,"where, game",4.0,2.0,1.0,2.0,"per, detail",1.0,602.0,1380.0,1982.0,2,True,True,2022,"laptop, phone","Lenovo, Samsung","Apartment 42, South Charles district, Tashkent, UZ, 100904",100904,Tashkent,Charles
57,Ashley Lowe,,FEMALE,,+1-501-690-0671x5583,Robertshire,zvargas@chapman.org,2025-02-08 09:46:00,ds,,inactive,,average,236.0,2023-01-02 00:00:00,"87807 Kayla Glens, Autumnmouth",INVALID_JSON_DATA,True,valid,150169006715583,+998 00 671 55 83,Unknown,,,,,,,,,,,0,False,False,0,,,"87807 Kayla Glens, Autumnmouth",87807,Unknown,Unknown
58,Eric Holmes,18,Male,57.0,+1-421-927-3279,West Tricia,?ali@@gmail..com,2001-03-13 12:56:00,ds,80,pending,15.5,excellent,160.0,2020-05-21 00:00:00,"682 Vasquez Expressway Suite 699, West Nicolechester","{'hobbies': ['recognize', 'between'], 'skills': {'tech': {'python': 5, 'excel': 2, 'sql': 2}, 'soft': ['image', 'leg']}, 'family': {'siblings': 5, 'income': {'father': 1178, 'mother': 1209}}, 'devices': [{'type': 'laptop', 'brand': 'Lenovo', 'year': 2021}, {'type': 'phone', 'brand': 'Xiaomi', 'year': 2020}]}",False,invalid_format,14219273279,+998 21 927 32 79,Unknown,"recognize, between",5.0,2.0,2.0,2.0,"image, leg",5.0,1178.0,1209.0,2387.0,2,True,True,2021,"laptop, phone","Lenovo, Xiaomi","682 Vasquez Expressway Suite 699, West Nicolechester",Unknown,Unknown,Unknown
59,Nathan Melendez,20,fmale,75.0,(267)108-2545,Wheelerport,direction,1971-06-20 00:00:00,Data Science,,active,,average,65.0,1970-09-19 00:00:00,"Apartment 9, Laurabury district, Tashkent, UZ, 100798","{hobbies:['offer', 'president']}",False,invalid_format,2671082545,+998 67 108 25 45,Unknown,,,,,,,,,,,0,False,False,0,,,"Apartment 9, Laurabury district, Tashkent, UZ, 100798",100798,Tashkent,Laurabury
60,Brett Cabrera,,,,,Port Carlos,together,2022-07-07 17:07:18,data-sciens,,active,15.5,excellent,12100.0,1972-01-29 00:00:00,"East Elizabethhaven 9-kv, dom 15, Tashkent",INVALID_JSON_DATA,False,invalid_format,,,,,,,,,,,,,,0,False,False,0,,,"East Elizabethhaven 9-kv, dom 15, Tashkent",Unknown,Tashkent,Unknown
61,William Moore,,Female,93.0,542-835-7188,Port Juanland,,2010-05-07 00:00:00,data science,,inactive,3.2,average,5000.0,1983-06-05 05:46:56,"6258 Gordon Road, Smithshire","{'hobbies': ['painting', 'kid'], 'skills': {'tech': {'python': 1, 'excel': 4, 'sql': 2}, 'soft': ['fill', 'growth']}, 'family': {'siblings': 5, 'income': {'father': 964, 'mother': 1178}}, 'devices': [{'type': 'laptop', 'brand': 'Lenovo', 'year': 2017}, {'type': 'phone', 'brand': 'Samsung', 'year': 2024}]}",False,missing,5428357188,+998 42 835 71 88,Unknown,"painting, kid",1.0,4.0,2.0,2.0,"fill, growth",5.0,964.0,1178.0,2142.0,2,True,True,2024,"laptop, phone","Lenovo, Samsung","6258 Gordon Road, Smithshire",Unknown,Unknown,Unknown
62,Margaret Lopez,20,MALE,,518-984-8100x51067,East Caitlinfurt,ogarcia@@hahn.net,1980-02-04 04:04:00,Pyhton,106,active,4.07,,18300.0,2023-09-26 21:00:08,"BROKEN,ADDRESS,DATA,,,","{'hobbies': ['others', 'one'], 'skills': {'tech': {'python': 3, 'excel': 5, 'sql': 2}, 'soft': ['enjoy', 'test']}, 'family': {'siblings': 5, 'income': {'father': 946, 'mother': 741}}, 'devices': [{'type': 'laptop', 'brand': 'HP', 'year': 2024}, {'type': 'phone', 'brand': 'Samsung', 'year': 2018}]}",False,invalid_format,518984810051067,+998 81 005 10 67,Unknown,"others, one",3.0,5.0,2.0,2.0,"enjoy, test",5.0,946.0,741.0,1687.0,2,True,True,2024,"laptop, phone","HP, Samsung","BROKEN,ADDRESS,DATA,,,",Unknown,Unknown,Unknown
63,William Olsen,22,FEMALE,,+1-207-589-1183x975,East Sophia,someonegmail.com,1995-11-13 00:00:00,data_sciense,,inactive,3.72,excellent,138.0,1999-04-21 00:00:00,"9057 Griffin Heights, Rasmussenside",INVALID_JSON_DATA,False,invalid_format,12075891183975,+998 89 118 39 75,Unknown,,,,,,,,,,,0,False,False,0,,,"9057 Griffin Heights, Rasmussenside",Unknown,Unknown,Unknown
64,,19,femlae,,,Christopherborough,maybe,2014-12-15 00:00:00,python,,active,,good,97.0,2011-04-16 00:00:00,"BROKEN,ADDRESS,DATA,,,","{""hobbies"": [""stock"", ""management""], ""skills"": {""tech"": {""python"": 3, ""excel"": 5, ""sql"": 1}, ""soft"": [""move"", ""bar""]}, ""family"": {""siblings"": 3, ""income"": {""father"": 786, ""mother"": 987}}, ""devices"": [{""type"": ""laptop"", ""brand"": ""HP"", ""year"": 2020}, {""type"": ""phone"", ""brand"": ""Samsung"", ""year"": 2018}]}",False,invalid_format,,,,"stock, management",3.0,5.0,1.0,2.0,"move, bar",3.0,786.0,987.0,1773.0,2,True,True,2020,"laptop, phone","HP, Samsung","BROKEN,ADDRESS,DATA,,,",Unknown,Unknown,Unknown
65,Randall Heath,18,male,,346-373-6033x101,Deleonside,someonegmail.com,2022-08-11 18:02:11,PYTHNO,65,pending,,average,105.0,1985-10-02 00:00:00,"Apartment 7, Lutzfort district, Tashkent, UZ, 100220","{""hobbies"": [""position"", ""stuff""], ""skills"": {""tech"": {""python"": 3, ""excel"": 4, ""sql"": 1}, ""soft"": [""two"", ""economy""]}, ""family"": {""siblings"": 5, ""income"": {""father"": 527, ""mother"": 408}}, ""devices"": [{""type"": ""laptop"", ""brand"": ""HP"", ""year"": 2021}, {""type"": ""phone"", ""brand"": ""Xiaomi"", ""year"": 2023}]}",False,invalid_format,3463736033101,+998 73 603 31 01,Unknown,"position, stuff",3.0,4.0,1.0,2.0,"two, economy",5.0,527.0,408.0,935.0,2,True,True,2023,"laptop, phone","HP, Xiaomi","Apartment 7, Lutzfort district, Tashkent, UZ, 100220",100220,Tashkent,Lutzfort
66,,20,Male,,1149895033,North Markbury,nrichard@carney.com,2012-03-29 00:00:00,data_sciense,99,inactive,,average,27400.0,2016-12-24 09:42:22,"67890 Conrad Walks, East Tannermouth","{'hobbies': ['shake', 'behind'], 'skills': {'tech': {'python': 3, 'excel': 4, 'sql': 5}, 'soft': ['what', 'happy']}, 'family': {'siblings': 5, 'income': {'father': 1227, 'mother': 564}}, 'devices': [{'type': 'laptop', 'brand': 'Dell', 'year': 2017}, {'type': 'phone', 'brand': 'Apple', 'year': 2019}]}",True,valid,1149895033,+998 14 989 50 33,Unknown,"shake, behind",3.0,4.0,5.0,2.0,"what, happy",5.0,1227.0,564.0,1791.0,2,True,True,2019,"laptop, phone","Dell, Apple","67890 Conrad Walks, East Tannermouth",67890,Unknown,Unknown
67,Ashley Mills,,Female,,,Youngside,someonegmail.com,2012-07-27 00:00:00,ds,,pending,,excellent,276.0,1991-06-04 04:44:47,"BROKEN,ADDRESS,DATA,,,","{""hobbies"": [""share"", ""fly""], ""skills"": {""tech"": {""python"": 2, ""excel"": 5, ""sql"": 3}, ""soft"": [""floor"", ""question""]}, ""family"": {""siblings"": 0, ""income"": {""father"": 1427, ""mother"": 1378}}, ""devices"": [{""type"": ""laptop"", ""brand"": ""Lenovo"", ""year"": 2017}, {""type"": ""phone"", ""brand"": ""Xiaomi"", ""year"": 2022}]}",False,invalid_format,,,,"share, fly",2.0,5.0,3.0,2.0,"floor, question",0.0,1427.0,1378.0,2805.0,2,True,True,2022,"laptop, phone","Lenovo, Xiaomi","BROKEN,ADDRESS,DATA,,,",Unknown,Unknown,Unknown
68,John Rosario,18,female,82.0,(759)089-5599x29289,Belindabury,,1971-07-20 08:45:22,data-sciens,,inactive,-2.0,good,190.0,1990-08-02 14:57:53,"Apartment 1, North Adammouth district, Tashkent, UZ, 100059","{'hobbies': ['result', 'current'], 'skills': {'tech': {'python': 3, 'excel': 1, 'sql': 4}, 'soft': ['return', 'address']}, 'family': {'siblings': 5, 'income': {'father': 1037, 'mother': 1043}}, 'devices': [{'type': 'laptop', 'brand': 'HP', 'year': 2021}, {'type': 'phone', 'brand': 'Apple', 'year': 2022}]}",False,missing,759089559929289,+998 55 992 92 89,Unknown,"result, current",3.0,1.0,4.0,2.0,"return, address",5.0,1037.0,1043.0,2080.0,2,True,True,2022,"laptop, phone","HP, Apple","Apartment 1, North Adammouth district, Tashkent, UZ, 100059",100059,Tashkent,Adammouth
69,,21,,,,Jenniferfort,appear,2021-03-31 07:13:37,data science,109,inactive,,average,209.0,2001-08-11 00:00:00,"BROKEN,ADDRESS,DATA,,,",INVALID_JSON_DATA,False,invalid_format,,,,,,,,,,,,,,0,False,False,0,,,"BROKEN,ADDRESS,DATA,,,",Unknown,Unknown,Unknown
70,,18,FEMALE,66.0,977-328-5987x96579,Lake Josephville,nathaniel54@lloyd.biz,2002-10-31 12:03:00,data-sciens,110,pending,,excellent,88.0,2012-06-13 19:49:00,"Port Lisa 17-kv, dom 46, Tashkent","{'hobbies': ['ahead', 'force'], 'skills': {'tech': {'python': 5, 'excel': 1, 'sql': 1}, 'soft': ['where', 'responsibility']}, 'family': {'siblings': 5, 'income': {'father': 658, 'mother': 561}}, 'devices': [{'type': 'laptop', 'brand': 'Lenovo', 'year': 2022}, {'type': 'phone', 'brand': 'Apple', 'year': 2023}]}",True,valid,977328598796579,+998 59 879 65 79,Unknown,"ahead, force",5.0,1.0,1.0,2.0,"where, responsibility",5.0,658.0,561.0,1219.0,2,True,True,2023,"laptop, phone","Lenovo, Apple","Port Lisa 17-kv, dom 46, Tashkent",Unknown,Tashkent,Unknown
71,Robert Hayes,,MALE,,(780)408-5623x62942,Tabithafurt,teresa05@collins.biz,2021-12-02 18:05:32,PYTHNO,63,pending,,excellent,10300.0,1996-09-27 00:00:00,"Benitezmouth 14-kv, dom 38, Tashkent","{""hobbies"": [""lead"", ""toward""], ""skills"": {""tech"": {""python"": 1, ""excel"": 2, ""sql"": 3}, ""soft"": [""through"", ""water""]}, ""family"": {""siblings"": 5, ""income"": {""father"": 494, ""mother"": 1415}}, ""devices"": [{""type"": ""laptop"", ""brand"": ""HP"", ""year"": 2018}, {""type"": ""phone"", ""brand"": ""Xiaomi"", ""year"": 2019}]}",True,valid,780408562362942,+998 56 236 29 42,Unknown,"lead, toward",1.0,2.0,3.0,2.0,"through, water",5.0,494.0,1415.0,1909.0,2,True,True,2019,"laptop, phone","HP, Xiaomi","Benitezmouth 14-kv, dom 38, Tashkent",Unknown,Tashkent,Unknown
72,William Weiss,,femlae,78.0,336.187.5307,Williamfort,someonegmail.com,2022-05-11 09:28:45,Data Science,,active,15.5,,5700.0,1977-11-15 00:00:00,"313 Ayala Point, East Nicholas",INVALID_JSON_DATA,False,invalid_format,3361875307,+998 36 187 53 07,Unknown,,,,,,,,,,,0,False,False,0,,,"313 Ayala Point, East Nicholas",Unknown,Unknown,Unknown
73,,18,FEMALE,,,Smithville,scampbell@mendez.biz,1993-12-18 00:00:00,d.s.,,inactive,3.19,good,117.0,2001-05-06 00:00:00,"BROKEN,ADDRESS,DATA,,,","{hobbies:['majority', 'week']}",True,valid,,,,,,,,,,,,,,0,False,False,0,,,"BROKEN,ADDRESS,DATA,,,",Unknown,Unknown,Unknown
74,Brandi Reed,18,Male,,,Port Randallberg,stacy11@@yahoo.com,1990-09-05 00:00:00,python,89,pending,37.0,excellent,176.0,2013-07-28 22:26:51,"BROKEN,ADDRESS,DATA,,,",INVALID_JSON_DATA,False,invalid_format,,,,,,,,,,,,,,0,False,False,0,,,"BROKEN,ADDRESS,DATA,,,",Unknown,Unknown,Unknown
75,,22,FEMALE,98.0,001-993-695-0828,East Shelly,lsmith@gmail.com,2023-03-06 03:01:15,d.s.,,active,2.71,average,200.0,2006-03-02 10:39:00,"BROKEN,ADDRESS,DATA,,,","{""hobbies"": [""dark"", ""exist""], ""skills"": {""tech"": {""python"": 5, ""excel"": 1, ""sql"": 4}, ""soft"": [""store"", ""position""]}, ""family"": {""siblings"": 0, ""income"": {""father"": 294, ""mother"": 207}}, ""devices"": [{""type"": ""laptop"", ""brand"": ""Lenovo"", ""year"": 2021}, {""type"": ""phone"", ""brand"": ""Samsung"", ""year"": 2019}]}",True,valid,0019936950828,+998 93 695 08 28,Ucell,"dark, exist",5.0,1.0,4.0,2.0,"store, position",0.0,294.0,207.0,501.0,2,True,True,2021,"laptop, phone","Lenovo, Samsung","BROKEN,ADDRESS,DATA,,,",Unknown,Unknown,Unknown
76,Anthony Hendricks,,,,+1-795-616-6147x591,Figueroamouth,,2000-07-19 00:00:00,Data Science,110,inactive,,,117.0,2023-04-14 02:02:02,UZ 100760 Tashkent Millermouth,"{hobbies:['particular', 'lead']}",False,missing,17956166147591,+998 16 614 75 91,Unknown,,,,,,,,,,,0,False,False,0,,,UZ 100760 Tashkent Millermouth,100760,Tashkent,Unknown
77,Alexa Sanders,21,MALE,73.0,347-747-5643,Lake Randymouth,johnsonchelsea@yahoo.com,1986-12-20 00:00:00,DATA SCIENCE,,active,0.0,excellent,25600.0,2021-07-18 00:00:00,"034 Cooley Way, East Ian",INVALID_JSON_DATA,True,valid,3477475643,+998 47 747 56 43,Unknown,,,,,,,,,,,0,False,False,0,,,"034 Cooley Way, East Ian",Unknown,Unknown,Unknown
78,,18,male,95.0,,Romeroville,?ali@@gmail..com,2017-12-25 12:00:00,PYTHNO,,active,,good,217.0,1989-02-04 00:00:00,"BROKEN,ADDRESS,DATA,,,",INVALID_JSON_DATA,False,invalid_format,,,,,,,,,,,,,,0,False,False,0,,,"BROKEN,ADDRESS,DATA,,,",Unknown,Unknown,Unknown
79,Garrett Taylor,,fmale,,001-768-865-5394x29066,Martinezfort,,2005-11-18 17:34:28,ds,89,active,0.0,excellent,225.0,1974-11-07 16:09:00,UZ 100510 Tashkent Andrewmouth,INVALID_JSON_DATA,False,missing,001768865539429066,+998 53 942 90 66,Unknown,,,,,,,,,,,0,False,False,0,,,UZ 100510 Tashkent Andrewmouth,100510,Tashkent,Unknown
80,Brandy Gray,19,MALE,,+1-294-780-6766x42283,Andrewborough,ballen@barber-saunders.com,1986-04-11 00:00:00,data science,105,active,4.49,average,266.0,2025-07-12 00:00:00,UZ 100622 Tashkent Aarontown,"{hobbies:['back', 'carry']}",True,valid,1294780676642283,+998 67 664 22 83,Unknown,,,,,,,,,,,0,False,False,0,,,UZ 100622 Tashkent Aarontown,100622,Tashkent,Unknown
81,Donna Scott,19,FEMALE,,+1-607-536-6003x596,Lake Timfort,alicia71@robles.com,1996-11-30 17:12:35,ds,110,active,-2.0,excellent,65.0,2015-03-29 18:51:00,UZ 100720 Tashkent Lake Hollytown,"{hobbies:['participant', 'spring']}",True,valid,16075366003596,+998 36 600 35 96,Unknown,,,,,,,,,,,0,False,False,0,,,UZ 100720 Tashkent Lake Hollytown,100720,Tashkent,Unknown
82,Karen Baker MD,,Female,60.0,,Kristinabury,paul48@brown.com,1974-09-10 00:00:00,Data Science,110,active,37.0,average,68.0,2022-12-26 17:00:20,UZ 100855 Tashkent Lake Tyler,"{'hobbies': ['garden', 'possible'], 'skills': {'tech': {'python': 1, 'excel': 4, 'sql': 4}, 'soft': ['after', 'similar']}, 'family': {'siblings': 4, 'income': {'father': 349, 'mother': 536}}, 'devices': [{'type': 'laptop', 'brand': 'Dell', 'year': 2019}, {'type': 'phone', 'brand': 'Samsung', 'year': 2022}]}",True,valid,,,,"garden, possible",1.0,4.0,4.0,2.0,"after, similar",4.0,349.0,536.0,885.0,2,True,True,2022,"laptop, phone","Dell, Samsung",UZ 100855 Tashkent Lake Tyler,100855,Tashkent,Unknown
83,,18,femlae,,976-833-8760x7654,Ayershaven,someonegmail.com,1995-04-15 05:21:46,ds,102,inactive,15.5,good,172.0,2000-09-03 00:00:00,"Apartment 18, Tarafurt district, Tashkent, UZ, 100739","{'hobbies': ['actually', 'commercial'], 'skills': {'tech': {'python': 1, 'excel': 3, 'sql': 5}, 'soft': ['example', 'defense']}, 'family': {'siblings': 1, 'income': {'father': 1111, 'mother': 456}}, 'devices': [{'type': 'laptop', 'brand': 'HP', 'year': 2023}, {'type': 'phone', 'brand': 'Apple', 'year': 2023}]}",False,invalid_format,97683387607654,+998 38 760 76 54,Unknown,"actually, commercial",1.0,3.0,5.0,2.0,"example, defense",1.0,1111.0,456.0,1567.0,2,True,True,2023,"laptop, phone","HP, Apple","Apartment 18, Tarafurt district, Tashkent, UZ, 100739",100739,Tashkent,Tarafurt
84,Michael Jenkins,18,Female,68.0,864.413.5870x913,New Brenda,mcolon@gmail.com,2002-11-25 00:00:00,ds,110,inactive,-2.0,average,284.0,2008-04-09 00:00:00,"BROKEN,ADDRESS,DATA,,,","{'hobbies': ['collection', 'single'], 'skills': {'tech': {'python': 4, 'excel': 4, 'sql': 1}, 'soft': ['expect', 'fall']}, 'family': {'siblings': 5, 'income': {'father': 675, 'mother': 1465}}, 'devices': [{'type': 'laptop', 'brand': 'Dell', 'year': 2020}, {'type': 'phone', 'brand': 'Apple', 'year': 2019}]}",True,valid,8644135870913,+998 13 587 09 13,Unknown,"collection, single",4.0,4.0,1.0,2.0,"expect, fall",5.0,675.0,1465.0,2140.0,2,True,True,2020,"laptop, phone","Dell, Apple","BROKEN,ADDRESS,DATA,,,",Unknown,Unknown,Unknown
85,,21,MALE,75.0,001-092-547-7688x44761,New Nicoleside,someonegmail.com,1996-10-08 21:47:00,data science,,inactive,-2.0,excellent,9500.0,1994-05-31 00:00:00,"33084 Williams Point, Jesusborough","{hobbies:['trial', 'place']}",False,invalid_format,001092547768844761,+998 76 884 47 61,Unknown,,,,,,,,,,,0,False,False,0,,,"33084 Williams Point, Jesusborough",33084,Unknown,Unknown
86,Mario Ramirez,22,,,,Deannachester,zford@@parker.info,2022-04-22 21:23:10,PYTHNO,110,pending,0.0,,11100.0,1984-03-09 07:06:32,"BROKEN,ADDRESS,DATA,,,","{hobbies:['buy', 'now']}",False,invalid_format,,,,,,,,,,,,,,0,False,False,0,,,"BROKEN,ADDRESS,DATA,,,",Unknown,Unknown,Unknown
87,Kyle Doyle,,femlae,,,Powersland,?ali@@gmail..com,2001-11-27 00:00:00,data science,,inactive,,,66.0,2016-05-02 00:00:00,"South Jacobview 25-kv, dom 42, Tashkent","{'hobbies': ['example', 'break'], 'skills': {'tech': {'python': 3, 'excel': 4, 'sql': 3}, 'soft': ['PM', 'structure']}, 'family': {'siblings': 4, 'income': {'father': 491, 'mother': 426}}, 'devices': [{'type': 'laptop', 'brand': 'Lenovo', 'year': 2024}, {'type': 'phone', 'brand': 'Xiaomi', 'year': 2018}]}",False,invalid_format,,,,"example, break",3.0,4.0,3.0,2.0,"PM, structure",4.0,491.0,426.0,917.0,2,True,True,2024,"laptop, phone","Lenovo, Xiaomi","South Jacobview 25-kv, dom 42, Tashkent",Unknown,Tashkent,Unknown
88,Hannah Montes,21,,,,South Thomas,,2008-07-18 06:10:35,PYTHNO,68,active,3.81,,110.0,2022-01-30 22:39:47,UZ 100240 Tashkent Charlesshire,"{'hobbies': ['dream', 'forward'], 'skills': {'tech': {'python': 5, 'excel': 5, 'sql': 2}, 'soft': ['like', 'clear']}, 'family': {'siblings': 5, 'income': {'father': 626, 'mother': 1045}}, 'devices': [{'type': 'laptop', 'brand': 'Dell', 'year': 2018}, {'type': 'phone', 'brand': 'Apple', 'year': 2023}]}",False,missing,,,,"dream, forward",5.0,5.0,2.0,2.0,"like, clear",5.0,626.0,1045.0,1671.0,2,True,True,2023,"laptop, phone","Dell, Apple",UZ 100240 Tashkent Charlesshire,100240,Tashkent,Unknown
89,James Weaver,22,Female,,480-026-9976,West Jonathan,?ali@@gmail..com,2000-04-09 11:39:29,python,110,pending,,,149.0,2022-02-19 15:21:07,"Apartment 8, South Christina district, Tashkent, UZ, 100031","{'hobbies': ['anything', 'catch'], 'skills': {'tech': {'python': 1, 'excel': 2, 'sql': 2}, 'soft': ['like', 'how']}, 'family': {'siblings': 4, 'income': {'father': 503, 'mother': 394}}, 'devices': [{'type': 'laptop', 'brand': 'Dell', 'year': 2019}, {'type': 'phone', 'brand': 'Apple', 'year': 2020}]}",False,invalid_format,4800269976,+998 80 026 99 76,Unknown,"anything, catch",1.0,2.0,2.0,2.0,"like, how",4.0,503.0,394.0,897.0,2,True,True,2020,"laptop, phone","Dell, Apple","Apartment 8, South Christina district, Tashkent, UZ, 100031",100031,Tashkent,Christina
90,Johnny Nguyen,20,MALE,,,West Henrymouth,sherrimanning@gmail.com,2004-08-30 00:00:00,PYTHNO,,inactive,,excellent,288.0,2003-03-15 05:06:48,"BROKEN,ADDRESS,DATA,,,","{hobbies:['water', 'hot']}",True,valid,,,,,,,,,,,,,,0,False,False,0,,,"BROKEN,ADDRESS,DATA,,,",Unknown,Unknown,Unknown
91,Barry Cooper,,femlae,82.0,001-676-017-8005,Georgeshire,full,2018-05-23 00:00:00,PYTHNO,,active,2.48,excellent,283.0,1997-11-24 00:00:00,"Apartment 15, North Nicholas district, Tashkent, UZ, 100716",INVALID_JSON_DATA,False,invalid_format,0016760178005,+998 76 017 80 05,Unknown,,,,,,,,,,,0,False,False,0,,,"Apartment 15, North Nicholas district, Tashkent, UZ, 100716",100716,Tashkent,Nicholas
92,Peter Rogers,18,female,,,Tonytown,?ali@@gmail..com,1971-12-22 21:02:00,PYTHNO,,active,,excellent,260.0,1997-07-15 00:00:00,"East Joshuaton 6-kv, dom 44, Tashkent",INVALID_JSON_DATA,False,invalid_format,,,,,,,,,,,,,,0,False,False,0,,,"East Joshuaton 6-kv, dom 44, Tashkent",Unknown,Tashkent,Unknown
93,Samantha Garcia,,femlae,,,Port Jeremyburgh,?ali@@gmail..com,2023-08-07 14:22:18,Data Science,89,pending,,excellent,195.0,2017-01-31 00:00:00,"BROKEN,ADDRESS,DATA,,,","{hobbies:['doctor', 'set']}",False,invalid_format,,,,,,,,,,,,,,0,False,False,0,,,"BROKEN,ADDRESS,DATA,,,",Unknown,Unknown,Unknown
94,,21,fmale,,,West Bryanburgh,someonegmail.com,2015-09-14 00:00:00,d.s.,110,pending,3.72,good,51.0,1995-10-29 00:00:00,"3646 Micheal Place, Port Douglas","{'hobbies': ['fly', 'me'], 'skills': {'tech': {'python': 5, 'excel': 1, 'sql': 3}, 'soft': ['ago', 'per']}, 'family': {'siblings': 2, 'income': {'father': 1215, 'mother': 272}}, 'devices': [{'type': 'laptop', 'brand': 'HP', 'year': 2022}, {'type': 'phone', 'brand': 'Xiaomi', 'year': 2020}]}",False,invalid_format,,,,"fly, me",5.0,1.0,3.0,2.0,"ago, per",2.0,1215.0,272.0,1487.0,2,True,True,2022,"laptop, phone","HP, Xiaomi","3646 Micheal Place, Port Douglas",Unknown,Unknown,Unknown
95,,19,MALE,82.0,,Leechester,senior,2012-11-23 00:00:00,data science,,pending,4.44,good,144.0,1987-03-21 11:08:51,"BROKEN,ADDRESS,DATA,,,","{hobbies:['avoid', 'consumer']}",False,invalid_format,,,,,,,,,,,,,,0,False,False,0,,,"BROKEN,ADDRESS,DATA,,,",Unknown,Unknown,Unknown
96,Joel Cantrell,18,FEMALE,91.0,699-868-7229x572,Duncanshire,john55@cox-horne.org,1984-10-14 00:00:00,d.s.,110,inactive,15.5,average,295.0,1971-02-21 00:00:00,"902 Wiggins Mill, East Susan","{""hobbies"": [""skill"", ""continue""], ""skills"": {""tech"": {""python"": 1, ""excel"": 5, ""sql"": 4}, ""soft"": [""actually"", ""condition""]}, ""family"": {""siblings"": 3, ""income"": {""father"": 1454, ""mother"": 391}}, ""devices"": [{""type"": ""laptop"", ""brand"": ""HP"", ""year"": 2023}, {""type"": ""phone"", ""brand"": ""Apple"", ""year"": 2020}]}",True,valid,6998687229572,+998 68 722 95 72,Unknown,"skill, continue",1.0,5.0,4.0,2.0,"actually, condition",3.0,1454.0,391.0,1845.0,2,True,True,2023,"laptop, phone","HP, Apple","902 Wiggins Mill, East Susan",Unknown,Unknown,Unknown
97,,19,femlae,,,Port Donald,,1985-11-17 11:43:00,Pyhton,,pending,37.0,excellent,106.0,1973-10-17 05:45:10,UZ 100535 Tashkent South Jasonfurt,"{hobbies:['throw', 'security']}",False,missing,,,,,,,,,,,,,,0,False,False,0,,,UZ 100535 Tashkent South Jasonfurt,100535,Tashkent,Unknown
98,Kathy Massey,,Female,,001-943-484-4684x408,Eddiefort,kathrynsmith@@brown-davis.com,1978-04-22 07:43:00,data-sciens,110,inactive,37.0,average,251.0,2002-05-04 00:00:00,UZ 100126 Tashkent South Teresafurt,INVALID_JSON_DATA,False,invalid_format,0019434844684408,+998 84 468 44 08,Unknown,,,,,,,,,,,0,False,False,0,,,UZ 100126 Tashkent South Teresafurt,100126,Tashkent,Unknown
99,Christopher Williams,22,male,,+1-136-313-7124,Meganfort,bbaker@@gmail.com,2022-05-16 14:15:24,data_sciense,110,active,-2.0,average,265.0,1992-01-07 00:00:00,"BROKEN,ADDRESS,DATA,,,","{'hobbies': ['never', 'agent'], 'skills': {'tech': {'python': 5, 'excel': 4, 'sql': 3}, 'soft': ['necessary', 'billion']}, 'family': {'siblings': 2, 'income': {'father': 1201, 'mother': 1493}}, 'devices': [{'type': 'laptop', 'brand': 'Lenovo', 'year': 2024}, {'type': 'phone', 'brand': 'Xiaomi', 'year': 2024}]}",False,invalid_format,11363137124,+998 36 313 71 24,Unknown,"never, agent",5.0,4.0,3.0,2.0,"necessary, billion",2.0,1201.0,1493.0,2694.0,2,True,True,2024,"laptop, phone","Lenovo, Xiaomi","BROKEN,ADDRESS,DATA,,,",Unknown,Unknown,Unknown
100,,18,femlae,91.0,+1-211-768-8641x32941,West Jacqueline,?ali@@gmail..com,2023-09-03 00:43:26,data_sciense,114,pending,37.0,excellent,145.0,2021-04-10 10:50:17,UZ 100196 Tashkent West Dawnport,"{'hobbies': ['Mrs', 'director'], 'skills': {'tech': {'python': 4, 'excel': 1, 'sql': 2}, 'soft': ['need', 'relationship']}, 'family': {'siblings': 4, 'income': {'father': 281, 'mother': 791}}, 'devices': [{'type': 'laptop', 'brand': 'Dell', 'year': 2015}, {'type': 'phone', 'brand': 'Xiaomi', 'year': 2022}]}",False,invalid_format,1211768864132941,+998 86 413 29 41,Unknown,"Mrs, director",4.0,1.0,2.0,2.0,"need, relationship",4.0,281.0,791.0,1072.0,2,True,True,2022,"laptop, phone","Dell, Xiaomi",UZ 100196 Tashkent West Dawnport,100196,Tashkent,Unknown
101,Sharon Rodriguez,18,Male,93.0,,Tammytown,,1990-05-01 02:46:14,d.s.,110,pending,,excellent,169.0,2009-11-18 03:15:00,"4414 Jessica Mountains Apt. 231, Evansfort","{'hobbies': ['watch', 'movement'], 'skills': {'tech': {'python': 4, 'excel': 5, 'sql': 4}, 'soft': ['morning', 'garden']}, 'family': {'siblings': 3, 'income': {'father': 1483, 'mother': 283}}, 'devices': [{'type': 'laptop', 'brand': 'HP', 'year': 2018}, {'type': 'phone', 'brand': 'Samsung', 'year': 2022}]}",False,missing,,,,"watch, movement",4.0,5.0,4.0,2.0,"morning, garden",3.0,1483.0,283.0,1766.0,2,True,True,2022,"laptop, phone","HP, Samsung","4414 Jessica Mountains Apt. 231, Evansfort",Unknown,Unknown,Unknown
102,Gary Allison,18,femlae,,052.639.0071x28211,Michaelmouth,renee09@@jones.org,1985-09-26 10:21:00,python,110,pending,-2.0,good,26100.0,2007-12-22 20:55:40,"BROKEN,ADDRESS,DATA,,,","{'hobbies': ['always', 'wife'], 'skills': {'tech': {'python': 2, 'excel': 3, 'sql': 1}, 'soft': ['several', 'federal']}, 'family': {'siblings': 5, 'income': {'father': 744, 'mother': 1338}}, 'devices': [{'type': 'laptop', 'brand': 'Dell', 'year': 2016}, {'type': 'phone', 'brand': 'Samsung', 'year': 2020}]}",False,invalid_format,052639007128211,+998 00 712 82 11,Unknown,"always, wife",2.0,3.0,1.0,2.0,"several, federal",5.0,744.0,1338.0,2082.0,2,True,True,2020,"laptop, phone","Dell, Samsung","BROKEN,ADDRESS,DATA,,,",Unknown,Unknown,Unknown
103,Barbara Goodman,,Female,,,West Sergiochester,emilycarson@hotmail.com,2023-06-13 16:16:20,ds,,pending,0.0,excellent,189.0,1986-05-30 00:00:00,"BROKEN,ADDRESS,DATA,,,","{""hobbies"": [""final"", ""son""], ""skills"": {""tech"": {""python"": 5, ""excel"": 5, ""sql"": 4}, ""soft"": [""process"", ""include""]}, ""family"": {""siblings"": 0, ""income"": {""father"": 1376, ""mother"": 1070}}, ""devices"": [{""type"": ""laptop"", ""brand"": ""Lenovo"", ""year"": 2018}, {""type"": ""phone"", ""brand"": ""Samsung"", ""year"": 2019}]}",True,valid,,,,"final, son",5.0,5.0,4.0,2.0,"process, include",0.0,1376.0,1070.0,2446.0,2,True,True,2019,"laptop, phone","Lenovo, Samsung","BROKEN,ADDRESS,DATA,,,",Unknown,Unknown,Unknown
104,Melissa Crane,20,Female,81.0,409-036-3015,Colemanland,brownmicheal@@taylor.com,1970-12-20 00:00:00,PYTHNO,,active,15.5,good,198.0,2004-04-12 23:36:00,UZ 100349 Tashkent New Heather,"{'hobbies': ['none', 'child'], 'skills': {'tech': {'python': 3, 'excel': 3, 'sql': 4}, 'soft': ['community', 'sound']}, 'family': {'siblings': 1, 'income': {'father': 361, 'mother': 403}}, 'devices': [{'type': 'laptop', 'brand': 'HP', 'year': 2016}, {'type': 'phone', 'brand': 'Xiaomi', 'year': 2023}]}",False,invalid_format,4090363015,+998 09 036 30 15,Unknown,"none, child",3.0,3.0,4.0,2.0,"community, sound",1.0,361.0,403.0,764.0,2,True,True,2023,"laptop, phone","HP, Xiaomi",UZ 100349 Tashkent New Heather,100349,Tashkent,Unknown
105,,19,female,77.0,,Lake Jerry,davidsavage@yahoo.com,2021-02-04 07:16:10,PYTHNO,,inactive,-2.0,average,85.0,2021-09-25 12:30:13,"West Billy 17-kv, dom 10, Tashkent","{'hobbies': ['plan', 'why'], 'skills': {'tech': {'python': 4, 'excel': 3, 'sql': 4}, 'soft': ['administration', 'the']}, 'family': {'siblings': 3, 'income': {'father': 282, 'mother': 598}}, 'devices': [{'type': 'laptop', 'brand': 'Dell', 'year': 2022}, {'type': 'phone', 'brand': 'Samsung', 'year': 2022}]}",True,valid,,,,"plan, why",4.0,3.0,4.0,2.0,"administration, the",3.0,282.0,598.0,880.0,2,True,True,2022,"laptop, phone","Dell, Samsung","West Billy 17-kv, dom 10, Tashkent",Unknown,Tashkent,Unknown
106,Jeanette Harmon,20,femlae,81.0,2956182527,Bowerschester,olsonkathy@@gmail.com,2020-11-28 07:41:47,Data Science,82,active,-2.0,excellent,23500.0,2021-08-12 20:55:45,"Apartment 32, Port Kyleburgh district, Tashkent, UZ, 100452","{hobbies:['on', 'interesting']}",False,invalid_format,2956182527,+998 95 618 25 27,Uzmobile,,,,,,,,,,,0,False,False,0,,,"Apartment 32, Port Kyleburgh district, Tashkent, UZ, 100452",100452,Tashkent,Kyleburgh
107,,20,FEMALE,89.0,,Port Bonniestad,christinaclark@hotmail.com,1982-02-17 00:00:00,data-sciens,,inactive,,excellent,192.0,2023-06-06 04:29:33,"New Amber 19-kv, dom 4, Tashkent",INVALID_JSON_DATA,True,valid,,,,,,,,,,,,,,0,False,False,0,,,"New Amber 19-kv, dom 4, Tashkent",Unknown,Tashkent,Unknown
108,Jennifer Phelps,21,Female,,313.992.0889x0335,Toddstad,bcastro@@davis.com,1997-03-27 20:53:00,Pyhton,,inactive,-2.0,good,18300.0,1972-01-20 22:38:21,"30197 Mary Fork, South Brittany",INVALID_JSON_DATA,False,invalid_format,31399208890335,+998 20 889 03 35,Unknown,,,,,,,,,,,0,False,False,0,,,"30197 Mary Fork, South Brittany",30197,Unknown,Unknown
109,Toni Mcdonald,22,femlae,61.0,(362)522-6895x12037,New Paulton,?ali@@gmail..com,1982-01-02 00:00:00,data-sciens,120,pending,37.0,excellent,220.0,2018-02-18 00:00:00,UZ 100223 Tashkent Port David,"{hobbies:['possible', 'book']}",False,invalid_format,362522689512037,+998 68 951 20 37,Unknown,,,,,,,,,,,0,False,False,0,,,UZ 100223 Tashkent Port David,100223,Tashkent,Unknown
110,,19,male,,661-235-1246x57244,West Justinborough,jenniferyoung@@craig-potter.com,1990-07-16 00:00:00,data science,,inactive,3.19,good,210.0,1993-07-15 00:00:00,"BROKEN,ADDRESS,DATA,,,",INVALID_JSON_DATA,False,invalid_format,661235124657244,+998 12 465 72 44,Unknown,,,,,,,,,,,0,False,False,0,,,"BROKEN,ADDRESS,DATA,,,",Unknown,Unknown,Unknown
111,Justin Bell,21,male,70.0,502.707.7552x635,Fullerland,?ali@@gmail..com,2011-06-29 05:58:09,python,,inactive,,good,252.0,2021-07-05 20:20:00,"BROKEN,ADDRESS,DATA,,,","{'hobbies': ['despite', 'result'], 'skills': {'tech': {'python': 3, 'excel': 2, 'sql': 4}, 'soft': ['sound', 'until']}, 'family': {'siblings': 1, 'income': {'father': 1321, 'mother': 825}}, 'devices': [{'type': 'laptop', 'brand': 'Dell', 'year': 2024}, {'type': 'phone', 'brand': 'Xiaomi', 'year': 2018}]}",False,invalid_format,5027077552635,+998 07 755 26 35,Unknown,"despite, result",3.0,2.0,4.0,2.0,"sound, until",1.0,1321.0,825.0,2146.0,2,True,True,2024,"laptop, phone","Dell, Xiaomi","BROKEN,ADDRESS,DATA,,,",Unknown,Unknown,Unknown
112,,20,FEMALE,81.0,,New Emilytown,floresmegan@@hotmail.com,2020-11-29 01:22:56,data_sciense,110,pending,3.56,good,200.0,2020-06-15 00:00:00,"BROKEN,ADDRESS,DATA,,,","{'hobbies': ['song', 'chance'], 'skills': {'tech': {'python': 4, 'excel': 3, 'sql': 3}, 'soft': ['concern', 'evidence']}, 'family': {'siblings': 5, 'income': {'father': 1473, 'mother': 226}}, 'devices': [{'type': 'laptop', 'brand': 'Lenovo', 'year': 2017}, {'type': 'phone', 'brand': 'Samsung', 'year': 2022}]}",False,invalid_format,,,,"song, chance",4.0,3.0,3.0,2.0,"concern, evidence",5.0,1473.0,226.0,1699.0,2,True,True,2022,"laptop, phone","Lenovo, Samsung","BROKEN,ADDRESS,DATA,,,",Unknown,Unknown,Unknown
113,Joseph Burton,21,,,,East Saraville,shannon36@york-vargas.com,1989-02-18 05:14:00,data science,103,pending,,good,27000.0,1984-08-15 00:00:00,"Apartment 19, Scotthaven district, Tashkent, UZ, 100170","{""hobbies"": [""he"", ""magazine""], ""skills"": {""tech"": {""python"": 5, ""excel"": 4, ""sql"": 3}, ""soft"": [""resource"", ""late""]}, ""family"": {""siblings"": 3, ""income"": {""father"": 945, ""mother"": 632}}, ""devices"": [{""type"": ""laptop"", ""brand"": ""HP"", ""year"": 2022}, {""type"": ""phone"", ""brand"": ""Samsung"", ""year"": 2018}]}",True,valid,,,,"he, magazine",5.0,4.0,3.0,2.0,"resource, late",3.0,945.0,632.0,1577.0,2,True,True,2022,"laptop, phone","HP, Samsung","Apartment 19, Scotthaven district, Tashkent, UZ, 100170",100170,Tashkent,Scotthaven
114,,22,,78.0,540-492-9940x176,Hallton,?ali@@gmail..com,1982-01-17 06:40:00,data science,102,inactive,3.72,,289.0,2005-07-24 00:00:00,UZ 100075 Tashkent Boothtown,"{'hobbies': ['degree', 'two'], 'skills': {'tech': {'python': 4, 'excel': 3, 'sql': 1}, 'soft': ['front', 'change']}, 'family': {'siblings': 2, 'income': {'father': 1402, 'mother': 1448}}, 'devices': [{'type': 'laptop', 'brand': 'Dell', 'year': 2023}, {'type': 'phone', 'brand': 'Xiaomi', 'year': 2024}]}",False,invalid_format,5404929940176,+998 92 994 01 76,Uzbektelecom,"degree, two",4.0,3.0,1.0,2.0,"front, change",2.0,1402.0,1448.0,2850.0,2,True,True,2024,"laptop, phone","Dell, Xiaomi",UZ 100075 Tashkent Boothtown,100075,Tashkent,Unknown
115,Thomas Meyer,20,FEMALE,76.0,,East Robert,pparker@peters-hall.com,2004-06-19 00:00:00,Pyhton,110,pending,0.0,,148.0,1993-12-03 04:42:51,"Apartment 5, Fosterside district, Tashkent, UZ, 100730",INVALID_JSON_DATA,True,valid,,,,,,,,,,,,,,0,False,False,0,,,"Apartment 5, Fosterside district, Tashkent, UZ, 100730",100730,Tashkent,Fosterside
116,Susan Bowen,20,female,50.0,3063198751,Port Traceyton,someonegmail.com,2021-12-17 12:00:11,ds,110,pending,,excellent,170.0,2018-04-19 07:18:46,"9072 Pratt Summit Suite 990, South Jason","{'hobbies': ['send', 'parent'], 'skills': {'tech': {'python': 4, 'excel': 4, 'sql': 2}, 'soft': ['care', 'fly']}, 'family': {'siblings': 3, 'income': {'father': 330, 'mother': 788}}, 'devices': [{'type': 'laptop', 'brand': 'HP', 'year': 2022}, {'type': 'phone', 'brand': 'Xiaomi', 'year': 2024}]}",False,invalid_format,3063198751,+998 06 319 87 51,Unknown,"send, parent",4.0,4.0,2.0,2.0,"care, fly",3.0,330.0,788.0,1118.0,2,True,True,2024,"laptop, phone","HP, Xiaomi","9072 Pratt Summit Suite 990, South Jason",Unknown,Unknown,Unknown
117,Richard Burton,21,,,,Catherineview,david83@@leon.com,1978-06-06 00:00:00,PYTHNO,105,inactive,15.5,good,17200.0,2021-07-25 00:00:00,"BROKEN,ADDRESS,DATA,,,","{'hobbies': ['although', 'at'], 'skills': {'tech': {'python': 4, 'excel': 2, 'sql': 4}, 'soft': ['simple', 'fire']}, 'family': {'siblings': 1, 'income': {'father': 993, 'mother': 869}}, 'devices': [{'type': 'laptop', 'brand': 'Lenovo', 'year': 2016}, {'type': 'phone', 'brand': 'Apple', 'year': 2018}]}",False,invalid_format,,,,"although, at",4.0,2.0,4.0,2.0,"simple, fire",1.0,993.0,869.0,1862.0,2,True,True,2018,"laptop, phone","Lenovo, Apple","BROKEN,ADDRESS,DATA,,,",Unknown,Unknown,Unknown
118,Andrew Taylor,,,80.0,844-841-3465x66078,Marvinmouth,someonegmail.com,2010-06-30 00:00:00,python,110,pending,15.5,,79.0,2021-01-25 14:45:10,"392 Christopher Center, Port Lindseyfort","{'hobbies': ['research', 'keep'], 'skills': {'tech': {'python': 5, 'excel': 4, 'sql': 3}, 'soft': ['recently', 'her']}, 'family': {'siblings': 4, 'income': {'father': 1157, 'mother': 606}}, 'devices': [{'type': 'laptop', 'brand': 'Lenovo', 'year': 2021}, {'type': 'phone', 'brand': 'Samsung', 'year': 2022}]}",False,invalid_format,844841346566078,+998 34 656 60 78,Unknown,"research, keep",5.0,4.0,3.0,2.0,"recently, her",4.0,1157.0,606.0,1763.0,2,True,True,2022,"laptop, phone","Lenovo, Samsung","392 Christopher Center, Port Lindseyfort",Unknown,Unknown,Unknown
119,,22,FEMALE,,+1-621-354-6546x35098,Port Andrew,sharonbrooks@hotmail.com,1995-01-18 00:00:00,python,110,active,0.0,excellent,61.0,2020-10-11 10:46:14,"Barryborough 13-kv, dom 6, Tashkent","{'hobbies': ['think', 'establish'], 'skills': {'tech': {'python': 2, 'excel': 2, 'sql': 2}, 'soft': ['stop', 'modern']}, 'family': {'siblings': 2, 'income': {'father': 335, 'mother': 1288}}, 'devices': [{'type': 'laptop', 'brand': 'Dell', 'year': 2019}, {'type': 'phone', 'brand': 'Apple', 'year': 2024}]}",True,valid,1621354654635098,+998 65 463 50 98,Unknown,"think, establish",2.0,2.0,2.0,2.0,"stop, modern",2.0,335.0,1288.0,1623.0,2,True,True,2024,"laptop, phone","Dell, Apple","Barryborough 13-kv, dom 6, Tashkent",Unknown,Tashkent,Unknown
120,Raymond Stewart,18,,76.0,,Alexanderhaven,reality,2015-01-01 19:00:00,ds,,active,,good,7300.0,1990-08-02 00:00:00,"BROKEN,ADDRESS,DATA,,,","{'hobbies': ['loss', 'own'], 'skills': {'tech': {'python': 2, 'excel': 1, 'sql': 5}, 'soft': ['foot', 'town']}, 'family': {'siblings': 5, 'income': {'father': 593, 'mother': 527}}, 'devices': [{'type': 'laptop', 'brand': 'Lenovo', 'year': 2016}, {'type': 'phone', 'brand': 'Apple', 'year': 2018}]}",False,invalid_format,,,,"loss, own",2.0,1.0,5.0,2.0,"foot, town",5.0,593.0,527.0,1120.0,2,True,True,2018,"laptop, phone","Lenovo, Apple","BROKEN,ADDRESS,DATA,,,",Unknown,Unknown,Unknown
121,Andrew Mcdowell,18,,,651-907-3802x97460,Isaacshire,,2022-10-05 00:00:00,Data Science,110,pending,-2.0,,194.0,1970-06-16 00:00:00,"BROKEN,ADDRESS,DATA,,,","{hobbies:['together', 'sea']}",False,missing,651907380297460,+998 38 029 74 60,Unknown,,,,,,,,,,,0,False,False,0,,,"BROKEN,ADDRESS,DATA,,,",Unknown,Unknown,Unknown
122,Glenn Jordan,21,female,,246.161.8310,Jonesbury,someonegmail.com,1975-08-05 14:03:00,data_sciense,110,inactive,1.55,,152.0,1970-05-11 00:00:00,"BROKEN,ADDRESS,DATA,,,","{'hobbies': ['manage', 'senior'], 'skills': {'tech': {'python': 1, 'excel': 1, 'sql': 3}, 'soft': ['artist', 'bit']}, 'family': {'siblings': 4, 'income': {'father': 1201, 'mother': 902}}, 'devices': [{'type': 'laptop', 'brand': 'HP', 'year': 2020}, {'type': 'phone', 'brand': 'Samsung', 'year': 2019}]}",False,invalid_format,2461618310,+998 46 161 83 10,Unknown,"manage, senior",1.0,1.0,3.0,2.0,"artist, bit",4.0,1201.0,902.0,2103.0,2,True,True,2020,"laptop, phone","HP, Samsung","BROKEN,ADDRESS,DATA,,,",Unknown,Unknown,Unknown
123,Chelsea Thomas,18,fmale,71.0,,New Hayleymouth,someonegmail.com,1973-06-16 00:00:00,ds,,pending,,good,58.0,1979-02-26 00:00:00,"55540 Wilson Islands, West Steventon",INVALID_JSON_DATA,False,invalid_format,,,,,,,,,,,,,,0,False,False,0,,,"55540 Wilson Islands, West Steventon",55540,Unknown,Unknown
124,,,Male,,,Lake Denisemouth,villatheresa@@fisher-jones.com,1994-04-23 00:00:00,Data Science,,pending,-2.0,average,199.0,2024-11-01 00:00:00,"East Andrewshire 1-kv, dom 31, Tashkent",INVALID_JSON_DATA,False,invalid_format,,,,,,,,,,,,,,0,False,False,0,,,"East Andrewshire 1-kv, dom 31, Tashkent",Unknown,Tashkent,Unknown
125,,,femlae,,+1-844-581-8285,Joneston,at,2004-06-24 00:00:00,Pyhton,110,active,15.5,excellent,174.0,1977-02-20 00:00:00,UZ 100418 Tashkent West Angelafort,"{'hobbies': ['worker', 'rise'], 'skills': {'tech': {'python': 4, 'excel': 2, 'sql': 4}, 'soft': ['debate', 'chair']}, 'family': {'siblings': 4, 'income': {'father': 668, 'mother': 1032}}, 'devices': [{'type': 'laptop', 'brand': 'Lenovo', 'year': 2023}, {'type': 'phone', 'brand': 'Xiaomi', 'year': 2019}]}",False,invalid_format,18445818285,+998 44 581 82 85,Unknown,"worker, rise",4.0,2.0,4.0,2.0,"debate, chair",4.0,668.0,1032.0,1700.0,2,True,True,2023,"laptop, phone","Lenovo, Xiaomi",UZ 100418 Tashkent West Angelafort,100418,Tashkent,Unknown
126,Mark Scott,21,,79.0,(359)996-1128x17987,Port Carolyn,?ali@@gmail..com,2008-05-21 00:00:00,Data Science,87,pending,0.0,excellent,299.0,1993-10-25 10:56:20,"BROKEN,ADDRESS,DATA,,,","{'hobbies': ['bed', 'agree'], 'skills': {'tech': {'python': 2, 'excel': 1, 'sql': 1}, 'soft': ['town', 'expect']}, 'family': {'siblings': 4, 'income': {'father': 431, 'mother': 751}}, 'devices': [{'type': 'laptop', 'brand': 'HP', 'year': 2024}, {'type': 'phone', 'brand': 'Xiaomi', 'year': 2023}]}",False,invalid_format,359996112817987,+998 11 281 79 87,Unknown,"bed, agree",2.0,1.0,1.0,2.0,"town, expect",4.0,431.0,751.0,1182.0,2,True,True,2024,"laptop, phone","HP, Xiaomi","BROKEN,ADDRESS,DATA,,,",Unknown,Unknown,Unknown
127,Lindsey Jacobs,20,,81.0,,Bushmouth,indeed,1993-07-10 00:00:00,DATA SCIENCE,87,pending,,excellent,293.0,2023-03-29 08:13:59,"Apartment 41, Lake Patriciaborough district, Tashkent, UZ, 100625","{hobbies:['half', 'tax']}",False,invalid_format,,,,,,,,,,,,,,0,False,False,0,,,"Apartment 41, Lake Patriciaborough district, Tashkent, UZ, 100625",100625,Tashkent,Patriciaborough
128,Michael Gay,20,Male,83.0,580.047.6884,East Carlaville,someonegmail.com,2017-02-19 00:00:00,d.s.,110,active,0.0,,286.0,1983-09-03 00:00:00,UZ 100183 Tashkent Padillaborough,"{'hobbies': ['campaign', 'create'], 'skills': {'tech': {'python': 1, 'excel': 2, 'sql': 4}, 'soft': ['coach', 'support']}, 'family': {'siblings': 3, 'income': {'father': 676, 'mother': 844}}, 'devices': [{'type': 'laptop', 'brand': 'HP', 'year': 2022}, {'type': 'phone', 'brand': 'Xiaomi', 'year': 2023}]}",False,invalid_format,5800476884,+998 80 047 68 84,Unknown,"campaign, create",1.0,2.0,4.0,2.0,"coach, support",3.0,676.0,844.0,1520.0,2,True,True,2023,"laptop, phone","HP, Xiaomi",UZ 100183 Tashkent Padillaborough,100183,Tashkent,Unknown
129,Jeffrey Murphy,19,female,88.0,+1-771-685-3844x0650,North Jessica,,2004-03-22 15:35:33,PYTHNO,110,pending,37.0,good,222.0,2007-02-01 00:00:00,"1902 William Causeway Apt. 941, South Melissa","{hobbies:['visit', 'Mrs']}",False,missing,177168538440650,+998 53 844 06 50,Unknown,,,,,,,,,,,0,False,False,0,,,"1902 William Causeway Apt. 941, South Melissa",Unknown,Unknown,Unknown
130,Tamara Nguyen,22,fmale,,,South Nathanberg,claire76@@saunders.com,2001-10-10 09:28:00,PYTHNO,63,inactive,-2.0,,228.0,2023-04-22 01:12:38,"Apartment 22, Gillside district, Tashkent, UZ, 100582","{hobbies:['international', 'language']}",False,invalid_format,,,,,,,,,,,,,,0,False,False,0,,,"Apartment 22, Gillside district, Tashkent, UZ, 100582",100582,Tashkent,Gillside
131,Maxwell Dickson,18,female,100.0,5665036519,West Ricardo,,2001-11-14 05:57:00,Pyhton,110,pending,-2.0,excellent,205.0,1974-11-13 00:00:00,"BROKEN,ADDRESS,DATA,,,","{hobbies:['have', 'give']}",False,missing,5665036519,+998 66 503 65 19,Unknown,,,,,,,,,,,0,False,False,0,,,"BROKEN,ADDRESS,DATA,,,",Unknown,Unknown,Unknown
132,,19,Female,,001-795-817-1695x662,West Jacobmouth,?ali@@gmail..com,1981-03-22 00:00:00,PYTHNO,87,pending,0.0,good,29000.0,1974-05-24 00:00:00,"BROKEN,ADDRESS,DATA,,,","{'hobbies': ['vote', 'poor'], 'skills': {'tech': {'python': 4, 'excel': 4, 'sql': 2}, 'soft': ['far', 'safe']}, 'family': {'siblings': 1, 'income': {'father': 961, 'mother': 1331}}, 'devices': [{'type': 'laptop', 'brand': 'Dell', 'year': 2016}, {'type': 'phone', 'brand': 'Apple', 'year': 2021}]}",False,invalid_format,0017958171695662,+998 17 169 56 62,Unknown,"vote, poor",4.0,4.0,2.0,2.0,"far, safe",1.0,961.0,1331.0,2292.0,2,True,True,2021,"laptop, phone","Dell, Apple","BROKEN,ADDRESS,DATA,,,",Unknown,Unknown,Unknown
133,,20,FEMALE,79.0,001-294-133-8991x2733,Whiteburgh,,1995-02-20 00:05:00,PYTHNO,,inactive,0.0,excellent,142.0,2023-09-27 02:09:07,UZ 100829 Tashkent Robertton,INVALID_JSON_DATA,False,missing,00129413389912733,+998 38 991 27 33,Unknown,,,,,,,,,,,0,False,False,0,,,UZ 100829 Tashkent Robertton,100829,Tashkent,Unknown
134,,21,femlae,77.0,,Woodmouth,,1987-08-24 07:42:43,ds,110,pending,-2.0,good,9400.0,2010-04-14 10:07:00,"Apartment 50, North Daniel district, Tashkent, UZ, 100874","{hobbies:['watch', 'full']}",False,missing,,,,,,,,,,,,,,0,False,False,0,,,"Apartment 50, North Daniel district, Tashkent, UZ, 100874",100874,Tashkent,Daniel
135,Victoria Davidson,,femlae,92.0,499.948.2352x8541,Jessicatown,someonegmail.com,1981-11-05 00:00:00,ds,110,inactive,-2.0,average,12900.0,1974-02-15 00:00:00,"Apartment 10, Port Brittney district, Tashkent, UZ, 100582","{'hobbies': ['catch', 'interesting'], 'skills': {'tech': {'python': 5, 'excel': 2, 'sql': 2}, 'soft': ['environment', 'understand']}, 'family': {'siblings': 0, 'income': {'father': 1007, 'mother': 1457}}, 'devices': [{'type': 'laptop', 'brand': 'Lenovo', 'year': 2021}, {'type': 'phone', 'brand': 'Samsung', 'year': 2019}]}",False,invalid_format,49994823528541,+998 82 352 85 41,Unknown,"catch, interesting",5.0,2.0,2.0,2.0,"environment, understand",0.0,1007.0,1457.0,2464.0,2,True,True,2021,"laptop, phone","Lenovo, Samsung","Apartment 10, Port Brittney district, Tashkent, UZ, 100582",100582,Tashkent,Brittney
136,Thomas Dillon,20,Female,50.0,229-125-3095,Zhangbury,they,2022-10-23 00:00:00,Pyhton,77,inactive,,excellent,126.0,2023-09-22 11:14:57,UZ 100820 Tashkent West John,"{'hobbies': ['born', 'quality'], 'skills': {'tech': {'python': 3, 'excel': 1, 'sql': 3}, 'soft': ['positive', 'shoulder']}, 'family': {'siblings': 1, 'income': {'father': 1346, 'mother': 1186}}, 'devices': [{'type': 'laptop', 'brand': 'HP', 'year': 2017}, {'type': 'phone', 'brand': 'Samsung', 'year': 2022}]}",False,invalid_format,2291253095,+998 29 125 30 95,Unknown,"born, quality",3.0,1.0,3.0,2.0,"positive, shoulder",1.0,1346.0,1186.0,2532.0,2,True,True,2022,"laptop, phone","HP, Samsung",UZ 100820 Tashkent West John,100820,Tashkent,Unknown
137,Dylan Rodriguez,,,75.0,,North Luketown,?ali@@gmail..com,2001-04-21 22:30:00,data-sciens,113,inactive,0.0,,154.0,2022-10-30 17:18:51,"Apartment 40, Jonesborough district, Tashkent, UZ, 100895","{'hobbies': ['bed', 'customer'], 'skills': {'tech': {'python': 5, 'excel': 1, 'sql': 4}, 'soft': ['various', 'son']}, 'family': {'siblings': 4, 'income': {'father': 1009, 'mother': 1110}}, 'devices': [{'type': 'laptop', 'brand': 'Lenovo', 'year': 2020}, {'type': 'phone', 'brand': 'Apple', 'year': 2019}]}",False,invalid_format,,,,"bed, customer",5.0,1.0,4.0,2.0,"various, son",4.0,1009.0,1110.0,2119.0,2,True,True,2020,"laptop, phone","Lenovo, Apple","Apartment 40, Jonesborough district, Tashkent, UZ, 100895",100895,Tashkent,Jonesborough
138,Brianna Wong,,,87.0,,Sototon,someonegmail.com,2021-03-18 12:44:57,python,110,inactive,-2.0,excellent,111.0,1998-09-03 00:00:00,"BROKEN,ADDRESS,DATA,,,","{""hobbies"": [""sea"", ""guy""], ""skills"": {""tech"": {""python"": 4, ""excel"": 5, ""sql"": 2}, ""soft"": [""past"", ""during""]}, ""family"": {""siblings"": 4, ""income"": {""father"": 1344, ""mother"": 1336}}, ""devices"": [{""type"": ""laptop"", ""brand"": ""Dell"", ""year"": 2024}, {""type"": ""phone"", ""brand"": ""Samsung"", ""year"": 2019}]}",False,invalid_format,,,,"sea, guy",4.0,5.0,2.0,2.0,"past, during",4.0,1344.0,1336.0,2680.0,2,True,True,2024,"laptop, phone","Dell, Samsung","BROKEN,ADDRESS,DATA,,,",Unknown,Unknown,Unknown
139,,22,,,(474)641-3490x200,Georgestad,kgreen@ortega.com,2015-08-19 00:00:00,PYTHNO,,inactive,-2.0,,86.0,1975-03-29 00:00:00,UZ 100502 Tashkent West Jennifer,"{'hobbies': ['every', 'small'], 'skills': {'tech': {'python': 3, 'excel': 2, 'sql': 5}, 'soft': ['green', 'there']}, 'family': {'siblings': 4, 'income': {'father': 496, 'mother': 1240}}, 'devices': [{'type': 'laptop', 'brand': 'Dell', 'year': 2017}, {'type': 'phone', 'brand': 'Samsung', 'year': 2021}]}",True,valid,4746413490200,+998 41 349 02 00,Unknown,"every, small",3.0,2.0,5.0,2.0,"green, there",4.0,496.0,1240.0,1736.0,2,True,True,2021,"laptop, phone","Dell, Samsung",UZ 100502 Tashkent West Jennifer,100502,Tashkent,Unknown
140,Ann Young,20,,,(305)690-1742x234,North Leestad,,2022-02-05 12:58:07,Pyhton,,active,15.5,excellent,171.0,1984-02-01 14:56:00,"Apartment 50, Kimberlychester district, Tashkent, UZ, 100258","{hobbies:['should', 'especially']}",False,missing,3056901742234,+998 90 174 22 34,Beeline,,,,,,,,,,,0,False,False,0,,,"Apartment 50, Kimberlychester district, Tashkent, UZ, 100258",100258,Tashkent,Kimberlychester
141,Zachary Thornton,20,,,462.273.5066x8910,Stephensonfurt,top,1981-01-03 19:15:00,ds,,pending,,,218.0,1994-11-04 00:00:00,UZ 100077 Tashkent Aguilarmouth,"{""hobbies"": [""order"", ""hour""], ""skills"": {""tech"": {""python"": 5, ""excel"": 4, ""sql"": 1}, ""soft"": [""smile"", ""check""]}, ""family"": {""siblings"": 1, ""income"": {""father"": 903, ""mother"": 373}}, ""devices"": [{""type"": ""laptop"", ""brand"": ""Lenovo"", ""year"": 2017}, {""type"": ""phone"", ""brand"": ""Apple"", ""year"": 2023}]}",False,invalid_format,46227350668910,+998 35 066 89 10,Unknown,"order, hour",5.0,4.0,1.0,2.0,"smile, check",1.0,903.0,373.0,1276.0,2,True,True,2023,"laptop, phone","Lenovo, Apple",UZ 100077 Tashkent Aguilarmouth,100077,Tashkent,Unknown
142,David Graves,,fmale,,596-627-3929,South Johnshire,someonegmail.com,2020-09-30 11:04:41,data science,110,active,15.5,,162.0,1982-10-27 00:00:00,"Martinmouth 11-kv, dom 16, Tashkent","{hobbies:['let', 'week']}",False,invalid_format,5966273929,+998 96 627 39 29,Unknown,,,,,,,,,,,0,False,False,0,,,"Martinmouth 11-kv, dom 16, Tashkent",Unknown,Tashkent,Unknown
143,,20,FEMALE,91.0,311-382-4273,Byrdmouth,johnsamy@hotmail.com,2003-09-11 17:40:42,PYTHNO,,pending,3.69,excellent,112.0,2022-04-11 12:18:00,"Apartment 39, Tylerland district, Tashkent, UZ, 100293",INVALID_JSON_DATA,True,valid,3113824273,+998 11 382 42 73,Unknown,,,,,,,,,,,0,False,False,0,,,"Apartment 39, Tylerland district, Tashkent, UZ, 100293",100293,Tashkent,Tylerland
144,,21,Female,63.0,001-707-530-9445x266,Paulchester,bpatel@@gmail.com,2009-02-04 10:55:08,data science,110,pending,15.5,,298.0,1975-05-14 09:25:00,"Lake Matthew 4-kv, dom 24, Tashkent",INVALID_JSON_DATA,False,invalid_format,0017075309445266,+998 30 944 52 66,Unknown,,,,,,,,,,,0,False,False,0,,,"Lake Matthew 4-kv, dom 24, Tashkent",Unknown,Tashkent,Unknown
145,,18,,,948.234.5778,South Thomasfort,walkerlisa@hotmail.com,2006-01-10 00:00:00,data science,69,active,,average,203.0,2022-09-18 00:00:00,"6231 Patrick Inlet, North Robertfurt","{hobbies:['pattern', 'item']}",True,valid,9482345778,+998 48 234 57 78,Unknown,,,,,,,,,,,0,False,False,0,,,"6231 Patrick Inlet, North Robertfurt",Unknown,Unknown,Unknown
146,Theresa Compton,22,female,,703.528.0200,New Andrew,brownkenneth@@montes.info,1985-08-23 00:00:00,data science,110,inactive,15.5,excellent,146.0,1992-05-30 00:00:00,"East Michaelport 23-kv, dom 49, Tashkent",INVALID_JSON_DATA,False,invalid_format,7035280200,+998 03 528 02 00,Unknown,,,,,,,,,,,0,False,False,0,,,"East Michaelport 23-kv, dom 49, Tashkent",Unknown,Tashkent,Unknown
147,,18,Male,,+1-547-067-4434,Mitchellton,?ali@@gmail..com,2022-11-13 00:00:00,data-sciens,,inactive,,good,89.0,1973-04-30 00:00:00,"Robertville 11-kv, dom 22, Tashkent","{hobbies:['daughter', 'increase']}",False,invalid_format,15470674434,+998 47 067 44 34,Unknown,,,,,,,,,,,0,False,False,0,,,"Robertville 11-kv, dom 22, Tashkent",Unknown,Tashkent,Unknown
148,Louis Gillespie,20,female,,,Port Marymouth,,2025-08-20 06:01:00,PYTHNO,,inactive,37.0,average,175.0,1982-06-16 00:00:00,"Pamelaborough 22-kv, dom 11, Tashkent","{'hobbies': ['point', 'product'], 'skills': {'tech': {'python': 4, 'excel': 4, 'sql': 2}, 'soft': ['line', 'dream']}, 'family': {'siblings': 4, 'income': {'father': 1056, 'mother': 1038}}, 'devices': [{'type': 'laptop', 'brand': 'Dell', 'year': 2016}, {'type': 'phone', 'brand': 'Samsung', 'year': 2021}]}",False,missing,,,,"point, product",4.0,4.0,2.0,2.0,"line, dream",4.0,1056.0,1038.0,2094.0,2,True,True,2021,"laptop, phone","Dell, Samsung","Pamelaborough 22-kv, dom 11, Tashkent",Unknown,Tashkent,Unknown
149,,18,male,,266.209.7518,Shannonhaven,?ali@@gmail..com,2005-08-23 00:00:00,ds,110,active,,,297.0,1980-01-05 00:00:00,"Ewingview 29-kv, dom 16, Tashkent","{'hobbies': ['possible', 'should'], 'skills': {'tech': {'python': 1, 'excel': 4, 'sql': 5}, 'soft': ['public', 'soldier']}, 'family': {'siblings': 5, 'income': {'father': 1435, 'mother': 1303}}, 'devices': [{'type': 'laptop', 'brand': 'Lenovo', 'year': 2022}, {'type': 'phone', 'brand': 'Apple', 'year': 2021}]}",False,invalid_format,2662097518,+998 66 209 75 18,Unknown,"possible, should",1.0,4.0,5.0,2.0,"public, soldier",5.0,1435.0,1303.0,2738.0,2,True,True,2022,"laptop, phone","Lenovo, Apple","Ewingview 29-kv, dom 16, Tashkent",Unknown,Tashkent,Unknown
150,,,,91.0,396-796-4477x7354,Jessicaview,someonegmail.com,2023-08-04 04:14:23,data_sciense,69,inactive,,excellent,27300.0,1992-08-10 16:01:00,"Port Beth 17-kv, dom 5, Tashkent","{hobbies:['out', 'bank']}",False,invalid_format,39679644777354,+998 64 477 73 54,Unknown,,,,,,,,,,,0,False,False,0,,,"Port Beth 17-kv, dom 5, Tashkent",Unknown,Tashkent,Unknown
151,Natasha Mayer,20,Male,,(053)853-2569x18559,Millermouth,?ali@@gmail..com,2011-06-11 00:00:00,data science,,active,,good,173.0,2007-06-07 11:04:00,"579 Alyssa Lake, Port Sarah","{hobbies:['make', 'main']}",False,invalid_format,053853256918559,+998 25 691 85 59,Unknown,,,,,,,,,,,0,False,False,0,,,"579 Alyssa Lake, Port Sarah",Unknown,Unknown,Unknown
152,Andrew Ramirez,20,,,+1-075-578-5425,Alicialand,morsetheresa@@hotmail.com,2000-07-25 00:00:00,DATA SCIENCE,110,inactive,-2.0,excellent,163.0,1991-08-10 03:06:00,"815 Maxwell Pike Apt. 262, Eddiemouth","{""hobbies"": [""morning"", ""chair""], ""skills"": {""tech"": {""python"": 1, ""excel"": 2, ""sql"": 3}, ""soft"": [""way"", ""level""]}, ""family"": {""siblings"": 1, ""income"": {""father"": 367, ""mother"": 1052}}, ""devices"": [{""type"": ""laptop"", ""brand"": ""Lenovo"", ""year"": 2021}, {""type"": ""phone"", ""brand"": ""Xiaomi"", ""year"": 2020}]}",False,invalid_format,10755785425,+998 75 578 54 25,Unknown,"morning, chair",1.0,2.0,3.0,2.0,"way, level",1.0,367.0,1052.0,1419.0,2,True,True,2021,"laptop, phone","Lenovo, Xiaomi","815 Maxwell Pike Apt. 262, Eddiemouth",Unknown,Unknown,Unknown
153,,,male,,,Lake Nathanport,,2015-05-12 00:00:00,DATA SCIENCE,,active,15.5,,128.0,1982-07-06 04:56:00,"Frankport 5-kv, dom 9, Tashkent",INVALID_JSON_DATA,False,missing,,,,,,,,,,,,,,0,False,False,0,,,"Frankport 5-kv, dom 9, Tashkent",Unknown,Tashkent,Unknown
154,Heather Meyers,21,FEMALE,86.0,001-398-124-9448,East Donaldview,beverly27@martinez.com,2002-02-23 00:00:00,data-sciens,87,pending,37.0,,175.0,2002-12-06 00:00:00,"BROKEN,ADDRESS,DATA,,,","{'hobbies': ['represent', 'statement'], 'skills': {'tech': {'python': 3, 'excel': 1, 'sql': 3}, 'soft': ['right', 'land']}, 'family': {'siblings': 2, 'income': {'father': 1296, 'mother': 574}}, 'devices': [{'type': 'laptop', 'brand': 'HP', 'year': 2020}, {'type': 'phone', 'brand': 'Apple', 'year': 2023}]}",True,valid,0013981249448,+998 98 124 94 48,Perfectum,"represent, statement",3.0,1.0,3.0,2.0,"right, land",2.0,1296.0,574.0,1870.0,2,True,True,2023,"laptop, phone","HP, Apple","BROKEN,ADDRESS,DATA,,,",Unknown,Unknown,Unknown
155,John Blevins,,fmale,,001-061-017-6352,West Alicia,john04@@hotmail.com,2001-02-08 19:22:00,python,110,pending,15.5,,152.0,1970-04-12 00:00:00,"Apartment 14, East Catherinechester district, Tashkent, UZ, 100015","{'hobbies': ['herself', 'long'], 'skills': {'tech': {'python': 4, 'excel': 3, 'sql': 2}, 'soft': ['meet', 'site']}, 'family': {'siblings': 3, 'income': {'father': 851, 'mother': 1191}}, 'devices': [{'type': 'laptop', 'brand': 'Dell', 'year': 2021}, {'type': 'phone', 'brand': 'Apple', 'year': 2022}]}",False,invalid_format,0010610176352,+998 61 017 63 52,Unknown,"herself, long",4.0,3.0,2.0,2.0,"meet, site",3.0,851.0,1191.0,2042.0,2,True,True,2022,"laptop, phone","Dell, Apple","Apartment 14, East Catherinechester district, Tashkent, UZ, 100015",100015,Tashkent,Catherinechester
156,,,,83.0,446-779-3909x5939,Davidshire,,2025-01-10 00:00:00,data_sciense,,active,15.5,average,114.0,2023-07-15 00:00:00,"Andersonfort 14-kv, dom 48, Tashkent","{'hobbies': ['economic', 'art'], 'skills': {'tech': {'python': 4, 'excel': 2, 'sql': 5}, 'soft': ['example', 'finish']}, 'family': {'siblings': 3, 'income': {'father': 314, 'mother': 1066}}, 'devices': [{'type': 'laptop', 'brand': 'HP', 'year': 2022}, {'type': 'phone', 'brand': 'Apple', 'year': 2020}]}",False,missing,44677939095939,+998 93 909 59 39,Ucell,"economic, art",4.0,2.0,5.0,2.0,"example, finish",3.0,314.0,1066.0,1380.0,2,True,True,2022,"laptop, phone","HP, Apple","Andersonfort 14-kv, dom 48, Tashkent",Unknown,Tashkent,Unknown
157,,,,87.0,475.032.5706x10299,Jacksonmouth,trouble,1974-01-13 22:52:00,Data Science,110,pending,,excellent,248.0,1988-07-20 00:00:00,"19489 Bradford Hill, North Ericchester","{'hobbies': ['summer', 'go'], 'skills': {'tech': {'python': 4, 'excel': 4, 'sql': 1}, 'soft': ['company', 'everything']}, 'family': {'siblings': 4, 'income': {'father': 730, 'mother': 1199}}, 'devices': [{'type': 'laptop', 'brand': 'Dell', 'year': 2017}, {'type': 'phone', 'brand': 'Samsung', 'year': 2024}]}",False,invalid_format,475032570610299,+998 57 061 02 99,Unknown,"summer, go",4.0,4.0,1.0,2.0,"company, everything",4.0,730.0,1199.0,1929.0,2,True,True,2024,"laptop, phone","Dell, Samsung","19489 Bradford Hill, North Ericchester",19489,Unknown,Unknown
158,Sara Arnold,22,Male,73.0,385-631-7821x10784,Wilsonborough,nearly,1977-10-05 16:43:00,d.s.,93,inactive,0.0,excellent,238.0,2021-01-20 20:37:54,"BROKEN,ADDRESS,DATA,,,","{""hobbies"": [""southern"", ""various""], ""skills"": {""tech"": {""python"": 4, ""excel"": 4, ""sql"": 4}, ""soft"": [""catch"", ""action""]}, ""family"": {""siblings"": 5, ""income"": {""father"": 461, ""mother"": 1135}}, ""devices"": [{""type"": ""laptop"", ""brand"": ""Lenovo"", ""year"": 2019}, {""type"": ""phone"", ""brand"": ""Samsung"", ""year"": 2021}]}",False,invalid_format,385631782110784,+998 78 211 07 84,Unknown,"southern, various",4.0,4.0,4.0,2.0,"catch, action",5.0,461.0,1135.0,1596.0,2,True,True,2021,"laptop, phone","Lenovo, Samsung","BROKEN,ADDRESS,DATA,,,",Unknown,Unknown,Unknown
159,,20,,,001-383-353-6956,North Michael,color,2021-03-17 06:27:21,PYTHNO,70,pending,37.0,average,259.0,1992-07-18 18:26:00,"Apartment 29, New Hannahton district, Tashkent, UZ, 100981","{hobbies:['stand', 'what']}",False,invalid_format,0013833536956,+998 83 353 69 56,Unknown,,,,,,,,,,,0,False,False,0,,,"Apartment 29, New Hannahton district, Tashkent, UZ, 100981",100981,Tashkent,Hannahton
160,Eric Smith,21,FEMALE,87.0,,Maryshire,?ali@@gmail..com,1983-04-08 10:45:00,data-sciens,96,inactive,37.0,good,113.0,1975-04-28 00:00:00,"BROKEN,ADDRESS,DATA,,,","{'hobbies': ['identify', 'bag'], 'skills': {'tech': {'python': 4, 'excel': 1, 'sql': 5}, 'soft': ['heavy', 'during']}, 'family': {'siblings': 4, 'income': {'father': 420, 'mother': 723}}, 'devices': [{'type': 'laptop', 'brand': 'Lenovo', 'year': 2024}, {'type': 'phone', 'brand': 'Samsung', 'year': 2024}]}",False,invalid_format,,,,"identify, bag",4.0,1.0,5.0,2.0,"heavy, during",4.0,420.0,723.0,1143.0,2,True,True,2024,"laptop, phone","Lenovo, Samsung","BROKEN,ADDRESS,DATA,,,",Unknown,Unknown,Unknown
161,,,male,50.0,,Davenportshire,,2010-04-18 00:00:00,python,84,pending,2.92,,223.0,2008-12-09 00:00:00,"Apartment 21, Thomasfurt district, Tashkent, UZ, 100606","{'hobbies': ['campaign', 'and'], 'skills': {'tech': {'python': 1, 'excel': 2, 'sql': 3}, 'soft': ['until', 'prepare']}, 'family': {'siblings': 4, 'income': {'father': 1060, 'mother': 1281}}, 'devices': [{'type': 'laptop', 'brand': 'Lenovo', 'year': 2020}, {'type': 'phone', 'brand': 'Apple', 'year': 2022}]}",False,missing,,,,"campaign, and",1.0,2.0,3.0,2.0,"until, prepare",4.0,1060.0,1281.0,2341.0,2,True,True,2022,"laptop, phone","Lenovo, Apple","Apartment 21, Thomasfurt district, Tashkent, UZ, 100606",100606,Tashkent,Thomasfurt
162,Ryan Jones,,Female,67.0,,West Saraborough,?ali@@gmail..com,2021-10-27 21:48:12,data-sciens,,active,4.35,excellent,231.0,2019-12-21 00:00:00,"795 Martinez Springs, Edwardsshire",INVALID_JSON_DATA,False,invalid_format,,,,,,,,,,,,,,0,False,False,0,,,"795 Martinez Springs, Edwardsshire",Unknown,Unknown,Unknown
163,Ana Ruiz,,male,92.0,056-003-2424x417,Andrewston,longsheila@@price.org,2022-11-22 08:34:11,data science,,pending,3.96,,141.0,1976-12-20 15:53:18,"3281 Kathleen Court, Port Stephenview","{'hobbies': ['animal', 'wind'], 'skills': {'tech': {'python': 1, 'excel': 4, 'sql': 4}, 'soft': ['suggest', 'question']}, 'family': {'siblings': 2, 'income': {'father': 225, 'mother': 1014}}, 'devices': [{'type': 'laptop', 'brand': 'Lenovo', 'year': 2016}, {'type': 'phone', 'brand': 'Xiaomi', 'year': 2019}]}",False,invalid_format,0560032424417,+998 03 242 44 17,Unknown,"animal, wind",1.0,4.0,4.0,2.0,"suggest, question",2.0,225.0,1014.0,1239.0,2,True,True,2019,"laptop, phone","Lenovo, Xiaomi","3281 Kathleen Court, Port Stephenview",Unknown,Unknown,Unknown
164,Thomas Cohen,21,MALE,,001-762-960-2831,Merrittport,ashleywoodard@roberts-reynolds.biz,1976-04-18 00:00:00,Data Science,113,pending,,average,28700.0,1984-01-04 00:00:00,UZ 100220 Tashkent Lake Ronaldshire,INVALID_JSON_DATA,True,valid,0017629602831,+998 62 960 28 31,Unknown,,,,,,,,,,,0,False,False,0,,,UZ 100220 Tashkent Lake Ronaldshire,100220,Tashkent,Unknown
165,Donald Shields,20,,85.0,,South Katelynberg,ucaldwell@yahoo.com,2019-11-15 16:17:37,PYTHNO,,inactive,0.0,good,277.0,2014-02-22 00:00:00,"Apartment 9, New Mariahton district, Tashkent, UZ, 100768","{hobbies:['however', 'bank']}",True,valid,,,,,,,,,,,,,,0,False,False,0,,,"Apartment 9, New Mariahton district, Tashkent, UZ, 100768",100768,Tashkent,Mariahton
166,Kathleen Taylor,18,Male,,(516)297-5629,Lake Jason,theresa17@sanchez.com,2015-02-16 17:12:41,Data Science,,active,0.0,excellent,226.0,1995-02-08 00:00:00,"Apartment 6, South Thomas district, Tashkent, UZ, 100972",INVALID_JSON_DATA,True,valid,5162975629,+998 16 297 56 29,Unknown,,,,,,,,,,,0,False,False,0,,,"Apartment 6, South Thomas district, Tashkent, UZ, 100972",100972,Tashkent,Thomas
167,Michael Ho,20,femlae,73.0,,West Timothyburgh,jacob69@@hotmail.com,2020-11-20 15:35:17,data-sciens,110,inactive,,average,266.0,2023-07-21 02:12:29,"BROKEN,ADDRESS,DATA,,,","{hobbies:['her', 'tonight']}",False,invalid_format,,,,,,,,,,,,,,0,False,False,0,,,"BROKEN,ADDRESS,DATA,,,",Unknown,Unknown,Unknown
168,Heather Peterson,19,Male,,,Cooperside,meyerjean@hotmail.com,1998-07-28 00:00:00,Pyhton,98,inactive,0.0,excellent,262.0,2023-09-14 12:56:04,"Apartment 10, Tracyborough district, Tashkent, UZ, 100253","{'hobbies': ['real', 'only'], 'skills': {'tech': {'python': 4, 'excel': 5, 'sql': 2}, 'soft': ['performance', 'company']}, 'family': {'siblings': 0, 'income': {'father': 375, 'mother': 914}}, 'devices': [{'type': 'laptop', 'brand': 'Dell', 'year': 2020}, {'type': 'phone', 'brand': 'Samsung', 'year': 2019}]}",True,valid,,,,"real, only",4.0,5.0,2.0,2.0,"performance, company",0.0,375.0,914.0,1289.0,2,True,True,2020,"laptop, phone","Dell, Samsung","Apartment 10, Tracyborough district, Tashkent, UZ, 100253",100253,Tashkent,Tracyborough
169,Jacob Joyce,,female,,761-758-0551x7869,East Kristin,mitchellamy@hotmail.com,1981-02-09 00:00:00,python,110,pending,37.0,,20100.0,2019-01-29 00:00:00,UZ 100234 Tashkent West Michelle,"{'hobbies': ['according', 'particularly'], 'skills': {'tech': {'python': 2, 'excel': 4, 'sql': 2}, 'soft': ['sort', 'pay']}, 'family': {'siblings': 2, 'income': {'father': 953, 'mother': 266}}, 'devices': [{'type': 'laptop', 'brand': 'Dell', 'year': 2023}, {'type': 'phone', 'brand': 'Apple', 'year': 2024}]}",True,valid,76175805517869,+998 80 551 78 69,Unknown,"according, particularly",2.0,4.0,2.0,2.0,"sort, pay",2.0,953.0,266.0,1219.0,2,True,True,2024,"laptop, phone","Dell, Apple",UZ 100234 Tashkent West Michelle,100234,Tashkent,Unknown
170,Ronnie Campbell,20,Female,,424-938-2701x11518,North Kathryn,?ali@@gmail..com,1992-04-30 00:00:00,data-sciens,78,active,15.5,good,91.0,1997-08-08 00:00:00,UZ 100959 Tashkent Jamesfurt,"{'hobbies': ['thought', 'shoulder'], 'skills': {'tech': {'python': 3, 'excel': 4, 'sql': 1}, 'soft': ['care', 'who']}, 'family': {'siblings': 4, 'income': {'father': 344, 'mother': 963}}, 'devices': [{'type': 'laptop', 'brand': 'Lenovo', 'year': 2017}, {'type': 'phone', 'brand': 'Apple', 'year': 2020}]}",False,invalid_format,424938270111518,+998 27 011 15 18,Unknown,"thought, shoulder",3.0,4.0,1.0,2.0,"care, who",4.0,344.0,963.0,1307.0,2,True,True,2020,"laptop, phone","Lenovo, Apple",UZ 100959 Tashkent Jamesfurt,100959,Tashkent,Unknown
171,Mark Torres,22,fmale,,,Phelpsberg,riveraalexis@lynch.com,1990-10-08 00:00:00,DATA SCIENCE,,active,37.0,,278.0,1988-03-15 09:52:29,"New Cheryl 19-kv, dom 6, Tashkent","{'hobbies': ['sure', 'clearly'], 'skills': {'tech': {'python': 3, 'excel': 3, 'sql': 3}, 'soft': ['woman', 'eye']}, 'family': {'siblings': 3, 'income': {'father': 997, 'mother': 540}}, 'devices': [{'type': 'laptop', 'brand': 'HP', 'year': 2021}, {'type': 'phone', 'brand': 'Apple', 'year': 2020}]}",True,valid,,,,"sure, clearly",3.0,3.0,3.0,2.0,"woman, eye",3.0,997.0,540.0,1537.0,2,True,True,2021,"laptop, phone","HP, Apple","New Cheryl 19-kv, dom 6, Tashkent",Unknown,Tashkent,Unknown
172,Dr. Michael Macias,22,male,83.0,(894)375-7373,New Paul,identify,1975-12-18 00:00:00,data_sciense,110,inactive,,,15400.0,1988-07-25 00:00:00,"Apartment 12, Lake Michael district, Tashkent, UZ, 100053",INVALID_JSON_DATA,False,invalid_format,8943757373,+998 94 375 73 73,Ucell,,,,,,,,,,,0,False,False,0,,,"Apartment 12, Lake Michael district, Tashkent, UZ, 100053",100053,Tashkent,Michael
173,Allison Dyer,20,fmale,64.0,,Josephchester,?ali@@gmail..com,2022-08-15 00:00:00,d.s.,,inactive,,excellent,262.0,1982-04-08 13:38:01,UZ 100683 Tashkent Valentinestad,"{""hobbies"": [""commercial"", ""war""], ""skills"": {""tech"": {""python"": 5, ""excel"": 4, ""sql"": 2}, ""soft"": [""story"", ""with""]}, ""family"": {""siblings"": 5, ""income"": {""father"": 605, ""mother"": 297}}, ""devices"": [{""type"": ""laptop"", ""brand"": ""HP"", ""year"": 2021}, {""type"": ""phone"", ""brand"": ""Xiaomi"", ""year"": 2024}]}",False,invalid_format,,,,"commercial, war",5.0,4.0,2.0,2.0,"story, with",5.0,605.0,297.0,902.0,2,True,True,2024,"laptop, phone","HP, Xiaomi",UZ 100683 Tashkent Valentinestad,100683,Tashkent,Unknown
174,Teresa Smith,18,,,,New Shane,williamsdavid@woods.info,2023-01-23 06:53:44,PYTHNO,110,inactive,4.06,excellent,220.0,2022-12-31 01:23:09,"BROKEN,ADDRESS,DATA,,,","{hobbies:['we', 'student']}",True,valid,,,,,,,,,,,,,,0,False,False,0,,,"BROKEN,ADDRESS,DATA,,,",Unknown,Unknown,Unknown
175,,18,FEMALE,,001-448-850-9283x61259,Port Dana,,2021-02-15 08:18:04,ds,,inactive,,excellent,16700.0,1972-04-19 00:00:00,"BROKEN,ADDRESS,DATA,,,","{'hobbies': ['begin', 'certain'], 'skills': {'tech': {'python': 3, 'excel': 2, 'sql': 4}, 'soft': ['sense', 'firm']}, 'family': {'siblings': 3, 'income': {'father': 502, 'mother': 341}}, 'devices': [{'type': 'laptop', 'brand': 'HP', 'year': 2022}, {'type': 'phone', 'brand': 'Apple', 'year': 2021}]}",False,missing,001448850928361259,+998 92 836 12 59,Uzbektelecom,"begin, certain",3.0,2.0,4.0,2.0,"sense, firm",3.0,502.0,341.0,843.0,2,True,True,2022,"laptop, phone","HP, Apple","BROKEN,ADDRESS,DATA,,,",Unknown,Unknown,Unknown
176,Brian Mcknight,20,FEMALE,,773.196.7777x751,South Sandra,kid,1998-12-14 00:00:00,DATA SCIENCE,,pending,,good,280.0,2007-04-16 02:24:43,"South Paul 12-kv, dom 34, Tashkent","{""hobbies"": [""none"", ""guess""], ""skills"": {""tech"": {""python"": 3, ""excel"": 3, ""sql"": 2}, ""soft"": [""computer"", ""ten""]}, ""family"": {""siblings"": 4, ""income"": {""father"": 1069, ""mother"": 1374}}, ""devices"": [{""type"": ""laptop"", ""brand"": ""HP"", ""year"": 2021}, {""type"": ""phone"", ""brand"": ""Samsung"", ""year"": 2023}]}",False,invalid_format,7731967777751,+998 96 777 77 51,Unknown,"none, guess",3.0,3.0,2.0,2.0,"computer, ten",4.0,1069.0,1374.0,2443.0,2,True,True,2023,"laptop, phone","HP, Samsung","South Paul 12-kv, dom 34, Tashkent",Unknown,Tashkent,Unknown
177,Carlos Frazier,18,,,001-969-965-2517,Port Gracemouth,zrobinson@russell.biz,1999-11-28 00:00:00,data_sciense,86,pending,-2.0,excellent,60.0,2014-07-30 00:00:00,"Greeneton 2-kv, dom 50, Tashkent","{'hobbies': ['relationship', 'newspaper'], 'skills': {'tech': {'python': 2, 'excel': 3, 'sql': 3}, 'soft': ['fly', 'method']}, 'family': {'siblings': 4, 'income': {'father': 1008, 'mother': 416}}, 'devices': [{'type': 'laptop', 'brand': 'Lenovo', 'year': 2019}, {'type': 'phone', 'brand': 'Samsung', 'year': 2018}]}",True,valid,0019699652517,+998 69 965 25 17,Unknown,"relationship, newspaper",2.0,3.0,3.0,2.0,"fly, method",4.0,1008.0,416.0,1424.0,2,True,True,2019,"laptop, phone","Lenovo, Samsung","Greeneton 2-kv, dom 50, Tashkent",Unknown,Tashkent,Unknown
178,Angela Kim,,Female,,,South Crystalland,someonegmail.com,1971-03-12 16:19:11,DATA SCIENCE,110,active,4.19,,183.0,2021-01-18 10:54:08,"7357 Kimberly Walks Suite 508, Port Kaylee","{'hobbies': ['require', 'administration'], 'skills': {'tech': {'python': 4, 'excel': 5, 'sql': 5}, 'soft': ['dark', 'PM']}, 'family': {'siblings': 4, 'income': {'father': 1246, 'mother': 745}}, 'devices': [{'type': 'laptop', 'brand': 'Lenovo', 'year': 2024}, {'type': 'phone', 'brand': 'Samsung', 'year': 2022}]}",False,invalid_format,,,,"require, administration",4.0,5.0,5.0,2.0,"dark, PM",4.0,1246.0,745.0,1991.0,2,True,True,2024,"laptop, phone","Lenovo, Samsung","7357 Kimberly Walks Suite 508, Port Kaylee",Unknown,Unknown,Unknown
179,,19,,69.0,406-528-1696x4171,Port Tammy,krobertson@butler.info,2016-06-03 00:00:00,PYTHNO,110,pending,37.0,good,122.0,2009-07-10 00:00:00,"Apartment 40, Peterberg district, Tashkent, UZ, 100026","{'hobbies': ['second', 'their'], 'skills': {'tech': {'python': 5, 'excel': 1, 'sql': 3}, 'soft': ['think', 'entire']}, 'family': {'siblings': 0, 'income': {'father': 673, 'mother': 599}}, 'devices': [{'type': 'laptop', 'brand': 'HP', 'year': 2020}, {'type': 'phone', 'brand': 'Samsung', 'year': 2018}]}",True,valid,40652816964171,+998 81 696 41 71,Unknown,"second, their",5.0,1.0,3.0,2.0,"think, entire",0.0,673.0,599.0,1272.0,2,True,True,2020,"laptop, phone","HP, Samsung","Apartment 40, Peterberg district, Tashkent, UZ, 100026",100026,Tashkent,Peterberg
180,,,,,796-484-7132x18668,Janetstad,someonegmail.com,1975-03-08 00:00:00,python,118,inactive,,good,157.0,2023-02-13 11:39:13,"Apartment 15, West Brian district, Tashkent, UZ, 100756","{'hobbies': ['kid', 'mention'], 'skills': {'tech': {'python': 3, 'excel': 5, 'sql': 1}, 'soft': ['alone', 'thousand']}, 'family': {'siblings': 5, 'income': {'father': 1346, 'mother': 952}}, 'devices': [{'type': 'laptop', 'brand': 'HP', 'year': 2017}, {'type': 'phone', 'brand': 'Xiaomi', 'year': 2018}]}",False,invalid_format,796484713218668,+998 71 321 86 68,Unknown,"kid, mention",3.0,5.0,1.0,2.0,"alone, thousand",5.0,1346.0,952.0,2298.0,2,True,True,2018,"laptop, phone","HP, Xiaomi","Apartment 15, West Brian district, Tashkent, UZ, 100756",100756,Tashkent,Brian
181,,22,Female,,(378)349-3526,Christophermouth,ssmall@reynolds-miller.com,1972-04-07 07:17:00,python,,active,,excellent,27600.0,2011-04-22 00:00:00,"Apartment 12, Davidtown district, Tashkent, UZ, 100617","{'hobbies': ['letter', 'many'], 'skills': {'tech': {'python': 1, 'excel': 2, 'sql': 1}, 'soft': ['hotel', 'company']}, 'family': {'siblings': 1, 'income': {'father': 928, 'mother': 683}}, 'devices': [{'type': 'laptop', 'brand': 'Lenovo', 'year': 2023}, {'type': 'phone', 'brand': 'Samsung', 'year': 2021}]}",True,valid,3783493526,+998 78 349 35 26,Unknown,"letter, many",1.0,2.0,1.0,2.0,"hotel, company",1.0,928.0,683.0,1611.0,2,True,True,2023,"laptop, phone","Lenovo, Samsung","Apartment 12, Davidtown district, Tashkent, UZ, 100617",100617,Tashkent,Davidtown
182,,,,69.0,2868742963,Joshuaborough,zrodriguez@briggs.com,1999-03-11 00:47:27,python,114,pending,0.0,average,294.0,2022-06-13 08:47:01,"Apartment 14, Jenniferview district, Tashkent, UZ, 100408",INVALID_JSON_DATA,True,valid,2868742963,+998 86 874 29 63,Unknown,,,,,,,,,,,0,False,False,0,,,"Apartment 14, Jenniferview district, Tashkent, UZ, 100408",100408,Tashkent,Jenniferview
183,Larry Pierce,,Female,,685-006-5058,Tinafurt,,1981-08-01 20:54:00,data science,,pending,0.0,average,74.0,2005-07-31 01:53:09,"Apartment 14, North Jose district, Tashkent, UZ, 100999","{hobbies:['rock', 'put']}",False,missing,6850065058,+998 85 006 50 58,Unknown,,,,,,,,,,,0,False,False,0,,,"Apartment 14, North Jose district, Tashkent, UZ, 100999",100999,Tashkent,Jose
184,,22,femlae,,,North Nancy,someonegmail.com,2013-10-24 00:00:00,Pyhton,,inactive,15.5,,207.0,2022-08-24 21:44:32,"Reevesside 25-kv, dom 20, Tashkent",INVALID_JSON_DATA,False,invalid_format,,,,,,,,,,,,,,0,False,False,0,,,"Reevesside 25-kv, dom 20, Tashkent",Unknown,Tashkent,Unknown
185,,18,,64.0,(886)548-7868x9120,Brownchester,argue,2021-03-29 23:45:46,d.s.,110,pending,0.0,excellent,95.0,1977-07-30 00:00:00,"BROKEN,ADDRESS,DATA,,,","{'hobbies': ['partner', 'smile'], 'skills': {'tech': {'python': 4, 'excel': 1, 'sql': 2}, 'soft': ['movement', 'knowledge']}, 'family': {'siblings': 2, 'income': {'father': 674, 'mother': 715}}, 'devices': [{'type': 'laptop', 'brand': 'HP', 'year': 2021}, {'type': 'phone', 'brand': 'Samsung', 'year': 2023}]}",False,invalid_format,88654878689120,+998 87 868 91 20,Unknown,"partner, smile",4.0,1.0,2.0,2.0,"movement, knowledge",2.0,674.0,715.0,1389.0,2,True,True,2023,"laptop, phone","HP, Samsung","BROKEN,ADDRESS,DATA,,,",Unknown,Unknown,Unknown
186,Michael Taylor,19,,95.0,(917)224-8049,South Jamie,yfreeman@@morales-martin.com,2024-06-13 01:04:00,d.s.,95,active,1.46,average,81.0,2023-10-26 10:29:45,"2870 Gamble Fall, Fordview","{'hobbies': ['foreign', 'foot'], 'skills': {'tech': {'python': 1, 'excel': 2, 'sql': 1}, 'soft': ['themselves', 'medical']}, 'family': {'siblings': 5, 'income': {'father': 1007, 'mother': 565}}, 'devices': [{'type': 'laptop', 'brand': 'HP', 'year': 2021}, {'type': 'phone', 'brand': 'Samsung', 'year': 2021}]}",False,invalid_format,9172248049,+998 17 224 80 49,Unknown,"foreign, foot",1.0,2.0,1.0,2.0,"themselves, medical",5.0,1007.0,565.0,1572.0,2,True,True,2021,"laptop, phone","HP, Samsung","2870 Gamble Fall, Fordview",Unknown,Unknown,Unknown
187,,19,FEMALE,75.0,001-969-133-8568,Castromouth,trevor37@jordan.com,2021-08-12 15:28:09,Data Science,,active,37.0,,104.0,1980-04-19 00:00:00,"Apartment 13, Marymouth district, Tashkent, UZ, 100299","{'hobbies': ['population', 'instead'], 'skills': {'tech': {'python': 1, 'excel': 2, 'sql': 1}, 'soft': ['pay', 'field']}, 'family': {'siblings': 4, 'income': {'father': 396, 'mother': 566}}, 'devices': [{'type': 'laptop', 'brand': 'Lenovo', 'year': 2017}, {'type': 'phone', 'brand': 'Xiaomi', 'year': 2018}]}",True,valid,0019691338568,+998 69 133 85 68,Unknown,"population, instead",1.0,2.0,1.0,2.0,"pay, field",4.0,396.0,566.0,962.0,2,True,True,2018,"laptop, phone","Lenovo, Xiaomi","Apartment 13, Marymouth district, Tashkent, UZ, 100299",100299,Tashkent,Marymouth
188,Gregory Duffy,20,femlae,77.0,934-223-9510x12002,New Ashleyburgh,someonegmail.com,2002-07-06 00:00:00,ds,,active,-2.0,average,291.0,2021-03-02 00:56:44,"540 Gonzalez Junction Apt. 632, Nelsonview","{""hobbies"": [""series"", ""really""], ""skills"": {""tech"": {""python"": 1, ""excel"": 2, ""sql"": 2}, ""soft"": [""employee"", ""face""]}, ""family"": {""siblings"": 1, ""income"": {""father"": 766, ""mother"": 743}}, ""devices"": [{""type"": ""laptop"", ""brand"": ""Lenovo"", ""year"": 2021}, {""type"": ""phone"", ""brand"": ""Xiaomi"", ""year"": 2023}]}",False,invalid_format,934223951012002,+998 95 101 20 02,Uzmobile,"series, really",1.0,2.0,2.0,2.0,"employee, face",1.0,766.0,743.0,1509.0,2,True,True,2023,"laptop, phone","Lenovo, Xiaomi","540 Gonzalez Junction Apt. 632, Nelsonview",Unknown,Unknown,Unknown
189,Jennifer Delgado,20,,66.0,001-928-832-2978x546,Robinsonchester,,2003-02-21 14:59:00,ds,,pending,37.0,excellent,108.0,2000-03-27 21:34:00,"New Sean 1-kv, dom 18, Tashkent","{hobbies:['truth', 'young']}",False,missing,0019288322978546,+998 32 297 85 46,Unknown,,,,,,,,,,,0,False,False,0,,,"New Sean 1-kv, dom 18, Tashkent",Unknown,Tashkent,Unknown
190,Kurt Price,18,female,85.0,956-082-1206x8212,Ashleyburgh,peter22@gmail.com,2022-08-08 10:00:00,ds,,inactive,-2.0,good,25600.0,1970-05-16 20:54:00,"Jonesstad 28-kv, dom 20, Tashkent","{'hobbies': ['teach', 'federal'], 'skills': {'tech': {'python': 5, 'excel': 2, 'sql': 5}, 'soft': ['create', 'have']}, 'family': {'siblings': 2, 'income': {'father': 419, 'mother': 744}}, 'devices': [{'type': 'laptop', 'brand': 'Lenovo', 'year': 2023}, {'type': 'phone', 'brand': 'Apple', 'year': 2024}]}",True,valid,95608212068212,+998 21 206 82 12,Unknown,"teach, federal",5.0,2.0,5.0,2.0,"create, have",2.0,419.0,744.0,1163.0,2,True,True,2024,"laptop, phone","Lenovo, Apple","Jonesstad 28-kv, dom 20, Tashkent",Unknown,Tashkent,Unknown
191,John West,18,,,,New Charles,carterjeffrey@sullivan.com,1982-11-03 11:02:00,data_sciense,110,inactive,15.5,good,117.0,1987-09-05 00:00:00,"BROKEN,ADDRESS,DATA,,,","{hobbies:['human', 'nice']}",True,valid,,,,,,,,,,,,,,0,False,False,0,,,"BROKEN,ADDRESS,DATA,,,",Unknown,Unknown,Unknown
192,Scott Bradley,21,femlae,82.0,,New Patriciaborough,smallrachel@yahoo.com,1994-09-19 00:00:00,DATA SCIENCE,110,inactive,37.0,good,100.0,2012-03-26 04:33:00,"5846 Erin Glens, Port Kristen","{""hobbies"": [""them"", ""clear""], ""skills"": {""tech"": {""python"": 4, ""excel"": 4, ""sql"": 4}, ""soft"": [""become"", ""run""]}, ""family"": {""siblings"": 1, ""income"": {""father"": 339, ""mother"": 584}}, ""devices"": [{""type"": ""laptop"", ""brand"": ""Lenovo"", ""year"": 2017}, {""type"": ""phone"", ""brand"": ""Xiaomi"", ""year"": 2018}]}",True,valid,,,,"them, clear",4.0,4.0,4.0,2.0,"become, run",1.0,339.0,584.0,923.0,2,True,True,2018,"laptop, phone","Lenovo, Xiaomi","5846 Erin Glens, Port Kristen",Unknown,Unknown,Unknown
193,Mrs. Kelly Turner,,male,92.0,+1-512-365-9050x803,East Willie,?ali@@gmail..com,1993-09-24 00:00:00,data-sciens,110,pending,1.12,excellent,214.0,1984-07-12 09:27:50,"Apartment 28, Jillianview district, Tashkent, UZ, 100658","{""hobbies"": [""inside"", ""become""], ""skills"": {""tech"": {""python"": 4, ""excel"": 2, ""sql"": 3}, ""soft"": [""forget"", ""space""]}, ""family"": {""siblings"": 2, ""income"": {""father"": 1211, ""mother"": 701}}, ""devices"": [{""type"": ""laptop"", ""brand"": ""Lenovo"", ""year"": 2023}, {""type"": ""phone"", ""brand"": ""Samsung"", ""year"": 2021}]}",False,invalid_format,15123659050803,+998 65 905 08 03,Unknown,"inside, become",4.0,2.0,3.0,2.0,"forget, space",2.0,1211.0,701.0,1912.0,2,True,True,2023,"laptop, phone","Lenovo, Samsung","Apartment 28, Jillianview district, Tashkent, UZ, 100658",100658,Tashkent,Jillianview
194,Kristen Mercer,,FEMALE,86.0,786.428.6152,Frankmouth,especially,2018-03-29 03:18:03,DATA SCIENCE,110,inactive,15.5,,97.0,2007-09-16 16:23:00,UZ 100904 Tashkent Xavierton,"{""hobbies"": [""sport"", ""office""], ""skills"": {""tech"": {""python"": 5, ""excel"": 4, ""sql"": 4}, ""soft"": [""himself"", ""those""]}, ""family"": {""siblings"": 4, ""income"": {""father"": 487, ""mother"": 978}}, ""devices"": [{""type"": ""laptop"", ""brand"": ""HP"", ""year"": 2015}, {""type"": ""phone"", ""brand"": ""Samsung"", ""year"": 2021}]}",False,invalid_format,7864286152,+998 86 428 61 52,Unknown,"sport, office",5.0,4.0,4.0,2.0,"himself, those",4.0,487.0,978.0,1465.0,2,True,True,2021,"laptop, phone","HP, Samsung",UZ 100904 Tashkent Xavierton,100904,Tashkent,Unknown
195,,20,fmale,62.0,001-154-591-9657x33150,South Christopherbury,several,2025-03-18 00:00:00,python,110,active,3.69,excellent,16600.0,2023-03-29 23:18:22,"8258 Kristin Place, Allenview","{'hobbies': ['base', 'either'], 'skills': {'tech': {'python': 2, 'excel': 5, 'sql': 4}, 'soft': ['reach', 'white']}, 'family': {'siblings': 0, 'income': {'father': 874, 'mother': 1078}}, 'devices': [{'type': 'laptop', 'brand': 'HP', 'year': 2019}, {'type': 'phone', 'brand': 'Xiaomi', 'year': 2018}]}",False,invalid_format,001154591965733150,+998 96 573 31 50,Unknown,"base, either",2.0,5.0,4.0,2.0,"reach, white",0.0,874.0,1078.0,1952.0,2,True,True,2019,"laptop, phone","HP, Xiaomi","8258 Kristin Place, Allenview",Unknown,Unknown,Unknown
196,,,Female,65.0,708.629.3145x854,New Virginiamouth,someonegmail.com,2022-01-28 11:05:20,DATA SCIENCE,110,pending,,,16000.0,2020-12-22 13:41:32,UZ 100451 Tashkent North Stephanieborough,"{'hobbies': ['again', 'wish'], 'skills': {'tech': {'python': 1, 'excel': 2, 'sql': 4}, 'soft': ['our', 'many']}, 'family': {'siblings': 0, 'income': {'father': 975, 'mother': 1213}}, 'devices': [{'type': 'laptop', 'brand': 'HP', 'year': 2020}, {'type': 'phone', 'brand': 'Samsung', 'year': 2018}]}",False,invalid_format,7086293145854,+998 29 314 58 54,Unknown,"again, wish",1.0,2.0,4.0,2.0,"our, many",0.0,975.0,1213.0,2188.0,2,True,True,2020,"laptop, phone","HP, Samsung",UZ 100451 Tashkent North Stephanieborough,100451,Tashkent,Unknown
197,,20,,51.0,405.325.5445x47692,Bradfordborough,?ali@@gmail..com,2024-10-13 19:41:04,d.s.,110,pending,15.5,good,209.0,2022-12-24 14:58:19,"BROKEN,ADDRESS,DATA,,,","{hobbies:['actually', 'who']}",False,invalid_format,405325544547692,+998 54 454 76 92,Unknown,,,,,,,,,,,0,False,False,0,,,"BROKEN,ADDRESS,DATA,,,",Unknown,Unknown,Unknown
198,Kayla Graham,20,female,58.0,953.363.8192x7344,Lake Christinehaven,someonegmail.com,1994-10-17 00:00:00,python,80,active,37.0,excellent,65.0,2005-03-19 00:00:00,"BROKEN,ADDRESS,DATA,,,","{hobbies:['official', 'picture']}",False,invalid_format,95336381927344,+998 38 192 73 44,Unknown,,,,,,,,,,,0,False,False,0,,,"BROKEN,ADDRESS,DATA,,,",Unknown,Unknown,Unknown
199,Sheila Stafford,18,,66.0,,Hamiltonstad,,1979-10-12 03:48:35,DATA SCIENCE,,inactive,0.0,excellent,146.0,1974-12-28 00:00:00,"New Josephville 1-kv, dom 23, Tashkent","{""hobbies"": [""will"", ""prove""], ""skills"": {""tech"": {""python"": 5, ""excel"": 2, ""sql"": 2}, ""soft"": [""rather"", ""reflect""]}, ""family"": {""siblings"": 0, ""income"": {""father"": 1178, ""mother"": 319}}, ""devices"": [{""type"": ""laptop"", ""brand"": ""Lenovo"", ""year"": 2022}, {""type"": ""phone"", ""brand"": ""Apple"", ""year"": 2023}]}",False,missing,,,,"will, prove",5.0,2.0,2.0,2.0,"rather, reflect",0.0,1178.0,319.0,1497.0,2,True,True,2023,"laptop, phone","Lenovo, Apple","New Josephville 1-kv, dom 23, Tashkent",Unknown,Tashkent,Unknown
200,Tyler Ramos,20,fmale,,,New Christina,michael32@williams.com,1985-02-05 00:00:00,python,,active,3.91,average,111.0,2021-06-25 20:03:57,"Michaelborough 6-kv, dom 31, Tashkent","{'hobbies': ['media', 'bill'], 'skills': {'tech': {'python': 5, 'excel': 1, 'sql': 2}, 'soft': ['dog', 'red']}, 'family': {'siblings': 3, 'income': {'father': 832, 'mother': 485}}, 'devices': [{'type': 'laptop', 'brand': 'Dell', 'year': 2015}, {'type': 'phone', 'brand': 'Xiaomi', 'year': 2018}]}",True,valid,,,,"media, bill",5.0,1.0,2.0,2.0,"dog, red",3.0,832.0,485.0,1317.0,2,True,True,2018,"laptop, phone","Dell, Xiaomi","Michaelborough 6-kv, dom 31, Tashkent",Unknown,Tashkent,Unknown
201,,20,femlae,,,Matthewtown,jamie54@patel-carter.biz,2016-02-19 00:00:00,d.s.,110,active,2.45,good,264.0,1981-10-17 06:37:28,"BROKEN,ADDRESS,DATA,,,",INVALID_JSON_DATA,True,valid,,,,,,,,,,,,,,0,False,False,0,,,"BROKEN,ADDRESS,DATA,,,",Unknown,Unknown,Unknown
202,Hayley Martinez,18,fmale,,928-592-7556,Port Paulville,,2023-10-11 02:36:48,data-sciens,,inactive,15.5,excellent,299.0,1988-01-27 00:00:00,UZ 100922 Tashkent East Nicholas,"{""hobbies"": [""skin"", ""once""], ""skills"": {""tech"": {""python"": 4, ""excel"": 4, ""sql"": 5}, ""soft"": [""capital"", ""note""]}, ""family"": {""siblings"": 5, ""income"": {""father"": 709, ""mother"": 492}}, ""devices"": [{""type"": ""laptop"", ""brand"": ""Lenovo"", ""year"": 2016}, {""type"": ""phone"", ""brand"": ""Samsung"", ""year"": 2024}]}",False,missing,9285927556,+998 28 592 75 56,Unknown,"skin, once",4.0,4.0,5.0,2.0,"capital, note",5.0,709.0,492.0,1201.0,2,True,True,2024,"laptop, phone","Lenovo, Samsung",UZ 100922 Tashkent East Nicholas,100922,Tashkent,Unknown
203,,,femlae,,+1-249-342-8347x225,Lake Robertbury,someonegmail.com,2016-12-30 00:00:00,Pyhton,,inactive,0.0,good,93.0,2000-03-16 00:00:00,"094 Mark Fork, Matthewmouth","{'hobbies': ['south', 'address'], 'skills': {'tech': {'python': 1, 'excel': 4, 'sql': 1}, 'soft': ['reflect', 'ready']}, 'family': {'siblings': 0, 'income': {'father': 230, 'mother': 298}}, 'devices': [{'type': 'laptop', 'brand': 'Dell', 'year': 2021}, {'type': 'phone', 'brand': 'Xiaomi', 'year': 2018}]}",False,invalid_format,12493428347225,+998 42 834 72 25,Unknown,"south, address",1.0,4.0,1.0,2.0,"reflect, ready",0.0,230.0,298.0,528.0,2,True,True,2021,"laptop, phone","Dell, Xiaomi","094 Mark Fork, Matthewmouth",Unknown,Unknown,Unknown
204,,,female,,,Port Laurenborough,identify,1981-02-01 00:00:00,data-sciens,,inactive,-2.0,good,160.0,2011-03-28 01:47:28,"Charlesburgh 23-kv, dom 41, Tashkent","{hobbies:['image', 'quality']}",False,invalid_format,,,,,,,,,,,,,,0,False,False,0,,,"Charlesburgh 23-kv, dom 41, Tashkent",Unknown,Tashkent,Unknown
205,Kathryn Allen,20,femlae,95.0,(361)770-0621x96684,New Kevinton,?ali@@gmail..com,1977-02-10 00:00:00,python,77,pending,37.0,excellent,14500.0,2019-08-10 00:00:00,"BROKEN,ADDRESS,DATA,,,","{'hobbies': ['ground', 'whether'], 'skills': {'tech': {'python': 1, 'excel': 1, 'sql': 1}, 'soft': ['performance', 'shoulder']}, 'family': {'siblings': 4, 'income': {'father': 958, 'mother': 999}}, 'devices': [{'type': 'laptop', 'brand': 'Lenovo', 'year': 2024}, {'type': 'phone', 'brand': 'Xiaomi', 'year': 2021}]}",False,invalid_format,361770062196684,+998 06 219 66 84,Unknown,"ground, whether",1.0,1.0,1.0,2.0,"performance, shoulder",4.0,958.0,999.0,1957.0,2,True,True,2024,"laptop, phone","Lenovo, Xiaomi","BROKEN,ADDRESS,DATA,,,",Unknown,Unknown,Unknown
206,Tyler Wright,20,,95.0,,Lucasland,show,1972-02-09 04:43:00,python,110,pending,-2.0,,6900.0,1979-09-20 09:03:00,"Apartment 42, Smithborough district, Tashkent, UZ, 100017","{'hobbies': ['child', 'yard'], 'skills': {'tech': {'python': 4, 'excel': 4, 'sql': 4}, 'soft': ['half', 'address']}, 'family': {'siblings': 0, 'income': {'father': 260, 'mother': 371}}, 'devices': [{'type': 'laptop', 'brand': 'Lenovo', 'year': 2017}, {'type': 'phone', 'brand': 'Samsung', 'year': 2024}]}",False,invalid_format,,,,"child, yard",4.0,4.0,4.0,2.0,"half, address",0.0,260.0,371.0,631.0,2,True,True,2024,"laptop, phone","Lenovo, Samsung","Apartment 42, Smithborough district, Tashkent, UZ, 100017",100017,Tashkent,Smithborough
207,Stephen Gordon,21,Female,,+1-890-179-1407,East Monicastad,tdonovan@hall.biz,1975-08-14 00:00:00,DATA SCIENCE,,pending,-2.0,good,131.0,1982-08-05 00:00:00,"00705 Terrance Street Apt. 121, Christinaport","{""hobbies"": [""training"", ""while""], ""skills"": {""tech"": {""python"": 2, ""excel"": 5, ""sql"": 2}, ""soft"": [""threat"", ""off""]}, ""family"": {""siblings"": 5, ""income"": {""father"": 824, ""mother"": 1000}}, ""devices"": [{""type"": ""laptop"", ""brand"": ""HP"", ""year"": 2016}, {""type"": ""phone"", ""brand"": ""Apple"", ""year"": 2022}]}",True,valid,18901791407,+998 90 179 14 07,Beeline,"training, while",2.0,5.0,2.0,2.0,"threat, off",5.0,824.0,1000.0,1824.0,2,True,True,2022,"laptop, phone","HP, Apple","00705 Terrance Street Apt. 121, Christinaport",00705,Unknown,Unknown
208,Pedro Mcdaniel,,Male,72.0,+1-898-114-0950x3087,Lake Linda,garciapamela@gmail.com,2018-03-09 00:00:00,PYTHNO,,pending,1.08,average,87.0,1983-12-01 00:00:00,UZ 100020 Tashkent South Anthony,"{hobbies:['attention', 'employee']}",True,valid,189811409503087,+998 40 950 30 87,Unknown,,,,,,,,,,,0,False,False,0,,,UZ 100020 Tashkent South Anthony,100020,Tashkent,Unknown
209,Margaret Peters,19,fmale,,790-556-3076,Lake Jenniferville,melissajohnston@gmail.com,2013-09-23 09:00:00,data science,,inactive,37.0,excellent,239.0,1979-10-30 00:00:00,UZ 100583 Tashkent Robertmouth,INVALID_JSON_DATA,True,valid,7905563076,+998 90 556 30 76,Beeline,,,,,,,,,,,0,False,False,0,,,UZ 100583 Tashkent Robertmouth,100583,Tashkent,Unknown
210,,,Male,,001-917-265-1917,New Christopher,week,2022-04-12 21:36:00,PYTHNO,110,inactive,15.5,average,184.0,2010-12-22 04:56:00,"Meaganchester 4-kv, dom 34, Tashkent","{'hobbies': ['sound', 'respond'], 'skills': {'tech': {'python': 5, 'excel': 5, 'sql': 5}, 'soft': ['author', 'join']}, 'family': {'siblings': 3, 'income': {'father': 667, 'mother': 864}}, 'devices': [{'type': 'laptop', 'brand': 'Dell', 'year': 2024}, {'type': 'phone', 'brand': 'Apple', 'year': 2019}]}",False,invalid_format,0019172651917,+998 17 265 19 17,Unknown,"sound, respond",5.0,5.0,5.0,2.0,"author, join",3.0,667.0,864.0,1531.0,2,True,True,2024,"laptop, phone","Dell, Apple","Meaganchester 4-kv, dom 34, Tashkent",Unknown,Tashkent,Unknown
211,Thomas Spence,20,,,,Baileymouth,artist,2011-09-27 21:52:14,python,106,inactive,0.0,good,257.0,2008-01-27 00:00:00,"8175 Davis Mountains, Lake James","{hobbies:['seven', 'real']}",False,invalid_format,,,,,,,,,,,,,,0,False,False,0,,,"8175 Davis Mountains, Lake James",Unknown,Unknown,Unknown
212,Ashley Fuller,21,Male,70.0,(079)229-5034,Timothyborough,,2023-07-08 23:11:13,PYTHNO,110,active,0.0,excellent,5400.0,2021-01-10 04:22:02,"Apartment 38, Rachelport district, Tashkent, UZ, 100706","{""hobbies"": [""baby"", ""age""], ""skills"": {""tech"": {""python"": 2, ""excel"": 2, ""sql"": 2}, ""soft"": [""after"", ""production""]}, ""family"": {""siblings"": 3, ""income"": {""father"": 763, ""mother"": 642}}, ""devices"": [{""type"": ""laptop"", ""brand"": ""Lenovo"", ""year"": 2022}, {""type"": ""phone"", ""brand"": ""Apple"", ""year"": 2018}]}",False,missing,0792295034,+998 79 229 50 34,Unknown,"baby, age",2.0,2.0,2.0,2.0,"after, production",3.0,763.0,642.0,1405.0,2,True,True,2022,"laptop, phone","Lenovo, Apple","Apartment 38, Rachelport district, Tashkent, UZ, 100706",100706,Tashkent,Rachelport
213,Megan Lambert,18,male,75.0,355.954.5695,New Michael,?ali@@gmail..com,2022-11-28 22:39:46,Pyhton,111,pending,-2.0,,15100.0,2018-07-17 00:00:00,"Apartment 27, New Brianshire district, Tashkent, UZ, 100123","{'hobbies': ['avoid', 'action'], 'skills': {'tech': {'python': 2, 'excel': 5, 'sql': 4}, 'soft': ['today', 'interesting']}, 'family': {'siblings': 0, 'income': {'father': 221, 'mother': 973}}, 'devices': [{'type': 'laptop', 'brand': 'HP', 'year': 2019}, {'type': 'phone', 'brand': 'Apple', 'year': 2019}]}",False,invalid_format,3559545695,+998 55 954 56 95,Unknown,"avoid, action",2.0,5.0,4.0,2.0,"today, interesting",0.0,221.0,973.0,1194.0,2,True,True,2019,"laptop, phone","HP, Apple","Apartment 27, New Brianshire district, Tashkent, UZ, 100123",100123,Tashkent,Brianshire
214,Nancy Zimmerman,22,MALE,,010.980.7400x345,Matthewburgh,someonegmail.com,2008-10-03 00:00:00,data_sciense,110,active,-2.0,,166.0,1985-09-02 00:00:00,UZ 100413 Tashkent Perryhaven,"{'hobbies': ['force', 'half'], 'skills': {'tech': {'python': 4, 'excel': 4, 'sql': 5}, 'soft': ['arrive', 'total']}, 'family': {'siblings': 5, 'income': {'father': 551, 'mother': 642}}, 'devices': [{'type': 'laptop', 'brand': 'HP', 'year': 2015}, {'type': 'phone', 'brand': 'Xiaomi', 'year': 2019}]}",False,invalid_format,0109807400345,+998 80 740 03 45,Unknown,"force, half",4.0,4.0,5.0,2.0,"arrive, total",5.0,551.0,642.0,1193.0,2,True,True,2019,"laptop, phone","HP, Xiaomi",UZ 100413 Tashkent Perryhaven,100413,Tashkent,Unknown
215,Joshua Miller,20,FEMALE,,,Port Cynthiashire,?ali@@gmail..com,1977-05-17 01:23:29,data science,110,inactive,0.0,average,182.0,2002-10-07 17:41:44,"3347 Huff Flats Suite 397, South Juliantown","{hobbies:['employee', 'road']}",False,invalid_format,,,,,,,,,,,,,,0,False,False,0,,,"3347 Huff Flats Suite 397, South Juliantown",Unknown,Unknown,Unknown
216,,20,MALE,82.0,117.222.4793x9576,New Austinhaven,evansdaniel@hotmail.com,2018-08-06 08:30:00,python,60,pending,0.0,excellent,242.0,2003-10-18 17:09:00,"31066 Alejandro Terrace Apt. 105, Faithhaven","{'hobbies': ['bar', 'offer'], 'skills': {'tech': {'python': 2, 'excel': 4, 'sql': 3}, 'soft': ['morning', 'coach']}, 'family': {'siblings': 5, 'income': {'father': 653, 'mother': 949}}, 'devices': [{'type': 'laptop', 'brand': 'HP', 'year': 2018}, {'type': 'phone', 'brand': 'Samsung', 'year': 2021}]}",True,valid,11722247939576,+998 24 793 95 76,Unknown,"bar, offer",2.0,4.0,3.0,2.0,"morning, coach",5.0,653.0,949.0,1602.0,2,True,True,2021,"laptop, phone","HP, Samsung","31066 Alejandro Terrace Apt. 105, Faithhaven",31066,Unknown,Unknown
217,,21,FEMALE,73.0,249.104.1545x090,Jarvisview,kylerichardson@dyer.com,1985-01-31 17:46:59,data_sciense,83,inactive,,,16200.0,2022-12-05 12:41:59,UZ 100852 Tashkent Lake Samantha,"{'hobbies': ['everybody', 'there'], 'skills': {'tech': {'python': 2, 'excel': 2, 'sql': 1}, 'soft': ['fear', 'sell']}, 'family': {'siblings': 2, 'income': {'father': 1291, 'mother': 814}}, 'devices': [{'type': 'laptop', 'brand': 'HP', 'year': 2023}, {'type': 'phone', 'brand': 'Apple', 'year': 2019}]}",True,valid,2491041545090,+998 04 154 50 90,Unknown,"everybody, there",2.0,2.0,1.0,2.0,"fear, sell",2.0,1291.0,814.0,2105.0,2,True,True,2023,"laptop, phone","HP, Apple",UZ 100852 Tashkent Lake Samantha,100852,Tashkent,Unknown
218,,19,fmale,,+1-468-427-7504,Jonathanton,?ali@@gmail..com,1990-06-20 07:38:18,Pyhton,110,pending,15.5,excellent,13300.0,2014-03-11 00:21:00,"Apartment 27, West Pamelafurt district, Tashkent, UZ, 100776",INVALID_JSON_DATA,False,invalid_format,14684277504,+998 68 427 75 04,Unknown,,,,,,,,,,,0,False,False,0,,,"Apartment 27, West Pamelafurt district, Tashkent, UZ, 100776",100776,Tashkent,Pamelafurt
219,John Crosby,20,FEMALE,,953-626-3866x38840,Lake Micheleside,moorebrooke@gmail.com,1994-03-16 00:00:00,data science,,inactive,,good,16900.0,1979-11-20 20:58:00,"Apartment 47, South Joshuabury district, Tashkent, UZ, 100368","{'hobbies': ['theory', 'go'], 'skills': {'tech': {'python': 5, 'excel': 2, 'sql': 5}, 'soft': ['study', 'share']}, 'family': {'siblings': 2, 'income': {'father': 579, 'mother': 254}}, 'devices': [{'type': 'laptop', 'brand': 'HP', 'year': 2023}, {'type': 'phone', 'brand': 'Apple', 'year': 2022}]}",True,valid,953626386638840,+998 38 663 88 40,Unknown,"theory, go",5.0,2.0,5.0,2.0,"study, share",2.0,579.0,254.0,833.0,2,True,True,2023,"laptop, phone","HP, Apple","Apartment 47, South Joshuabury district, Tashkent, UZ, 100368",100368,Tashkent,Joshuabury
220,Lance Jackson,22,male,81.0,,Caitlinville,option,2004-02-02 19:24:00,data_sciense,80,pending,-2.0,excellent,127.0,1980-06-02 00:00:00,"BROKEN,ADDRESS,DATA,,,","{'hobbies': ['source', 'laugh'], 'skills': {'tech': {'python': 2, 'excel': 3, 'sql': 5}, 'soft': ['region', 'officer']}, 'family': {'siblings': 2, 'income': {'father': 616, 'mother': 983}}, 'devices': [{'type': 'laptop', 'brand': 'Lenovo', 'year': 2016}, {'type': 'phone', 'brand': 'Xiaomi', 'year': 2018}]}",False,invalid_format,,,,"source, laugh",2.0,3.0,5.0,2.0,"region, officer",2.0,616.0,983.0,1599.0,2,True,True,2018,"laptop, phone","Lenovo, Xiaomi","BROKEN,ADDRESS,DATA,,,",Unknown,Unknown,Unknown
221,Karen Smith,,fmale,85.0,,Sarahview,someonegmail.com,1998-06-02 00:00:00,python,,pending,3.11,excellent,141.0,2023-01-24 03:23:46,UZ 100054 Tashkent Munozshire,"{hobbies:['approach', 'one']}",False,invalid_format,,,,,,,,,,,,,,0,False,False,0,,,UZ 100054 Tashkent Munozshire,100054,Tashkent,Unknown
222,Mr. Aaron Murphy,22,Female,73.0,,North Scottmouth,pagekristina@@whitney.biz,1982-05-12 00:00:00,Pyhton,66,inactive,15.5,excellent,106.0,2023-07-12 00:00:00,"Apartment 27, South Lauren district, Tashkent, UZ, 100652",INVALID_JSON_DATA,False,invalid_format,,,,,,,,,,,,,,0,False,False,0,,,"Apartment 27, South Lauren district, Tashkent, UZ, 100652",100652,Tashkent,Lauren
223,Juan Bailey,20,,77.0,,North Joshuachester,linda09@@harper.net,1999-06-11 00:00:00,DATA SCIENCE,85,active,37.0,,251.0,1974-01-21 00:00:00,"New Jason 27-kv, dom 49, Tashkent","{'hobbies': ['open', 'full'], 'skills': {'tech': {'python': 5, 'excel': 3, 'sql': 1}, 'soft': ['suddenly', 'opportunity']}, 'family': {'siblings': 0, 'income': {'father': 671, 'mother': 230}}, 'devices': [{'type': 'laptop', 'brand': 'HP', 'year': 2015}, {'type': 'phone', 'brand': 'Xiaomi', 'year': 2022}]}",False,invalid_format,,,,"open, full",5.0,3.0,1.0,2.0,"suddenly, opportunity",0.0,671.0,230.0,901.0,2,True,True,2022,"laptop, phone","HP, Xiaomi","New Jason 27-kv, dom 49, Tashkent",Unknown,Tashkent,Unknown
224,Randy Diaz,,female,,,Butlerhaven,,1992-01-03 00:00:00,Data Science,110,pending,,excellent,77.0,2008-12-04 12:38:00,"388 Jonathan Tunnel, Claytontown","{""hobbies"": [""bar"", ""improve""], ""skills"": {""tech"": {""python"": 3, ""excel"": 4, ""sql"": 3}, ""soft"": [""point"", ""foot""]}, ""family"": {""siblings"": 3, ""income"": {""father"": 1469, ""mother"": 306}}, ""devices"": [{""type"": ""laptop"", ""brand"": ""Lenovo"", ""year"": 2015}, {""type"": ""phone"", ""brand"": ""Xiaomi"", ""year"": 2020}]}",False,missing,,,,"bar, improve",3.0,4.0,3.0,2.0,"point, foot",3.0,1469.0,306.0,1775.0,2,True,True,2020,"laptop, phone","Lenovo, Xiaomi","388 Jonathan Tunnel, Claytontown",Unknown,Unknown,Unknown
225,,18,fmale,,(908)591-6827x186,Daltonmouth,ismith@yahoo.com,2018-03-16 00:00:00,Pyhton,110,pending,,excellent,148.0,2005-08-24 00:00:00,"1104 Sanchez Locks Apt. 466, Jonesberg","{hobbies:['several', 'discuss']}",True,valid,9085916827186,+998 91 682 71 86,Beeline,,,,,,,,,,,0,False,False,0,,,"1104 Sanchez Locks Apt. 466, Jonesberg",Unknown,Unknown,Unknown
226,Brett Newman,,femlae,73.0,308.314.9187x9018,Port Michelle,pbrown@@huffman.com,2023-04-25 06:52:07,data science,110,active,,average,25100.0,1986-01-05 00:00:00,UZ 100469 Tashkent Samanthaborough,"{hobbies:['listen', 'population']}",False,invalid_format,30831491879018,+998 49 187 90 18,Unknown,,,,,,,,,,,0,False,False,0,,,UZ 100469 Tashkent Samanthaborough,100469,Tashkent,Unknown
227,Stacie Hawkins,18,,84.0,,Gregoryfurt,sarah04@davis.com,2023-11-02 02:28:03,data_sciense,79,pending,37.0,excellent,292.0,2011-12-25 00:00:00,"BROKEN,ADDRESS,DATA,,,","{'hobbies': ['he', 'go'], 'skills': {'tech': {'python': 5, 'excel': 2, 'sql': 2}, 'soft': ['a', 'physical']}, 'family': {'siblings': 2, 'income': {'father': 563, 'mother': 739}}, 'devices': [{'type': 'laptop', 'brand': 'Lenovo', 'year': 2015}, {'type': 'phone', 'brand': 'Xiaomi', 'year': 2024}]}",True,valid,,,,"he, go",5.0,2.0,2.0,2.0,"a, physical",2.0,563.0,739.0,1302.0,2,True,True,2024,"laptop, phone","Lenovo, Xiaomi","BROKEN,ADDRESS,DATA,,,",Unknown,Unknown,Unknown
228,Ann Patterson,,fmale,,,East Kristopherbury,?ali@@gmail..com,2013-12-10 04:01:20,data science,,pending,,average,95.0,1992-04-30 00:00:00,UZ 100020 Tashkent New Danaburgh,"{hobbies:['simply', 'someone']}",False,invalid_format,,,,,,,,,,,,,,0,False,False,0,,,UZ 100020 Tashkent New Danaburgh,100020,Tashkent,Unknown
229,,21,MALE,,(835)539-0341,New Michele,,2008-05-20 02:19:39,PYTHNO,110,inactive,15.5,good,259.0,1996-06-08 00:00:00,"Apartment 1, Webbburgh district, Tashkent, UZ, 100201","{""hobbies"": [""chance"", ""later""], ""skills"": {""tech"": {""python"": 5, ""excel"": 3, ""sql"": 2}, ""soft"": [""dream"", ""summer""]}, ""family"": {""siblings"": 1, ""income"": {""father"": 975, ""mother"": 1317}}, ""devices"": [{""type"": ""laptop"", ""brand"": ""HP"", ""year"": 2019}, {""type"": ""phone"", ""brand"": ""Samsung"", ""year"": 2018}]}",False,missing,8355390341,+998 35 539 03 41,Unknown,"chance, later",5.0,3.0,2.0,2.0,"dream, summer",1.0,975.0,1317.0,2292.0,2,True,True,2019,"laptop, phone","HP, Samsung","Apartment 1, Webbburgh district, Tashkent, UZ, 100201",100201,Tashkent,Webbburgh
230,Cesar Carr,19,,70.0,,Port Alvin,gthomas@@yahoo.com,2022-01-08 06:25:49,python,110,inactive,37.0,excellent,97.0,2014-12-04 00:00:00,"BROKEN,ADDRESS,DATA,,,","{'hobbies': ['goal', 'green'], 'skills': {'tech': {'python': 2, 'excel': 5, 'sql': 1}, 'soft': ['democratic', 'themselves']}, 'family': {'siblings': 5, 'income': {'father': 296, 'mother': 1311}}, 'devices': [{'type': 'laptop', 'brand': 'Dell', 'year': 2015}, {'type': 'phone', 'brand': 'Samsung', 'year': 2018}]}",False,invalid_format,,,,"goal, green",2.0,5.0,1.0,2.0,"democratic, themselves",5.0,296.0,1311.0,1607.0,2,True,True,2018,"laptop, phone","Dell, Samsung","BROKEN,ADDRESS,DATA,,,",Unknown,Unknown,Unknown
231,,22,,,+1-504-243-8948x87284,Espinozamouth,ewilliams@turner-rhodes.org,1995-08-18 00:00:00,Pyhton,,inactive,,excellent,70.0,1980-02-12 00:00:00,"685 Tiffany Island Apt. 341, Adamhaven","{hobbies:['plan', 'write']}",True,valid,1504243894887284,+998 89 488 72 84,Unknown,,,,,,,,,,,0,False,False,0,,,"685 Tiffany Island Apt. 341, Adamhaven",Unknown,Unknown,Unknown
232,,21,,,947.543.3841,Crystalmouth,,2024-12-12 01:37:12,d.s.,110,inactive,1.22,excellent,226.0,1982-03-18 22:20:00,"7335 Alex Parks Apt. 827, Gordontown","{'hobbies': ['television', 'guess'], 'skills': {'tech': {'python': 1, 'excel': 4, 'sql': 4}, 'soft': ['even', 'career']}, 'family': {'siblings': 5, 'income': {'father': 1142, 'mother': 1384}}, 'devices': [{'type': 'laptop', 'brand': 'Dell', 'year': 2015}, {'type': 'phone', 'brand': 'Xiaomi', 'year': 2022}]}",False,missing,9475433841,+998 47 543 38 41,Unknown,"television, guess",1.0,4.0,4.0,2.0,"even, career",5.0,1142.0,1384.0,2526.0,2,True,True,2022,"laptop, phone","Dell, Xiaomi","7335 Alex Parks Apt. 827, Gordontown",Unknown,Unknown,Unknown
233,Shannon Floyd,18,femlae,,4624275971,South Heather,ytran@knapp.org,2014-02-28 00:00:00,ds,110,inactive,,excellent,28700.0,2001-06-14 22:43:00,"Port Bradleyfurt 3-kv, dom 15, Tashkent","{""hobbies"": [""parent"", ""might""], ""skills"": {""tech"": {""python"": 2, ""excel"": 4, ""sql"": 4}, ""soft"": [""part"", ""size""]}, ""family"": {""siblings"": 2, ""income"": {""father"": 759, ""mother"": 1025}}, ""devices"": [{""type"": ""laptop"", ""brand"": ""Lenovo"", ""year"": 2021}, {""type"": ""phone"", ""brand"": ""Xiaomi"", ""year"": 2019}]}",True,valid,4624275971,+998 62 427 59 71,Unknown,"parent, might",2.0,4.0,4.0,2.0,"part, size",2.0,759.0,1025.0,1784.0,2,True,True,2021,"laptop, phone","Lenovo, Xiaomi","Port Bradleyfurt 3-kv, dom 15, Tashkent",Unknown,Tashkent,Unknown
234,Kenneth Frye,19,MALE,,,North Juanborough,sydney04@keith-roberson.net,2021-01-27 00:00:00,Data Science,110,pending,1.08,excellent,141.0,2019-12-02 00:00:00,"BROKEN,ADDRESS,DATA,,,","{'hobbies': ['nothing', 'senior'], 'skills': {'tech': {'python': 5, 'excel': 5, 'sql': 3}, 'soft': ['area', 'standard']}, 'family': {'siblings': 2, 'income': {'father': 1191, 'mother': 1458}}, 'devices': [{'type': 'laptop', 'brand': 'Dell', 'year': 2021}, {'type': 'phone', 'brand': 'Samsung', 'year': 2023}]}",True,valid,,,,"nothing, senior",5.0,5.0,3.0,2.0,"area, standard",2.0,1191.0,1458.0,2649.0,2,True,True,2023,"laptop, phone","Dell, Samsung","BROKEN,ADDRESS,DATA,,,",Unknown,Unknown,Unknown
235,,21,female,,788-244-1970,North Tracy,patriciajones@hancock.com,2015-10-29 00:00:00,DATA SCIENCE,110,active,,excellent,72.0,2007-07-09 00:00:00,"BROKEN,ADDRESS,DATA,,,","{hobbies:['member', 'road']}",True,valid,7882441970,+998 88 244 19 70,Unknown,,,,,,,,,,,0,False,False,0,,,"BROKEN,ADDRESS,DATA,,,",Unknown,Unknown,Unknown
236,,,Male,,815-089-5710x488,Melindaport,wyatt10@@gmail.com,1991-10-25 21:50:00,Data Science,,pending,37.0,good,154.0,1983-03-23 00:00:00,"2195 Hamilton Turnpike Apt. 662, Gutierrezchester","{""hobbies"": [""society"", ""kitchen""], ""skills"": {""tech"": {""python"": 1, ""excel"": 1, ""sql"": 1}, ""soft"": [""trouble"", ""perform""]}, ""family"": {""siblings"": 3, ""income"": {""father"": 1255, ""mother"": 1029}}, ""devices"": [{""type"": ""laptop"", ""brand"": ""HP"", ""year"": 2020}, {""type"": ""phone"", ""brand"": ""Xiaomi"", ""year"": 2022}]}",False,invalid_format,8150895710488,+998 89 571 04 88,Unknown,"society, kitchen",1.0,1.0,1.0,2.0,"trouble, perform",3.0,1255.0,1029.0,2284.0,2,True,True,2022,"laptop, phone","HP, Xiaomi","2195 Hamilton Turnpike Apt. 662, Gutierrezchester",Unknown,Unknown,Unknown
237,Leonard Reyes,19,,64.0,001-257-402-4229x13910,South Lorrainetown,,1995-10-08 00:00:00,d.s.,110,active,15.5,,277.0,1993-04-08 00:00:00,"BROKEN,ADDRESS,DATA,,,","{'hobbies': ['sense', 'create'], 'skills': {'tech': {'python': 4, 'excel': 5, 'sql': 2}, 'soft': ['talk', 'phone']}, 'family': {'siblings': 3, 'income': {'father': 1314, 'mother': 816}}, 'devices': [{'type': 'laptop', 'brand': 'Lenovo', 'year': 2020}, {'type': 'phone', 'brand': 'Apple', 'year': 2018}]}",False,missing,001257402422913910,+998 42 291 39 10,Unknown,"sense, create",4.0,5.0,2.0,2.0,"talk, phone",3.0,1314.0,816.0,2130.0,2,True,True,2020,"laptop, phone","Lenovo, Apple","BROKEN,ADDRESS,DATA,,,",Unknown,Unknown,Unknown
238,,21,male,,533-404-3317x063,Lake Ryanhaven,seat,1997-05-18 03:49:00,data science,110,inactive,37.0,excellent,123.0,1977-12-20 00:00:00,"Apartment 4, Riddleshire district, Tashkent, UZ, 100048","{'hobbies': ['hundred', 'music'], 'skills': {'tech': {'python': 1, 'excel': 3, 'sql': 1}, 'soft': ['live', 'garden']}, 'family': {'siblings': 3, 'income': {'father': 490, 'mother': 1088}}, 'devices': [{'type': 'laptop', 'brand': 'HP', 'year': 2015}, {'type': 'phone', 'brand': 'Samsung', 'year': 2019}]}",False,invalid_format,5334043317063,+998 04 331 70 63,Unknown,"hundred, music",1.0,3.0,1.0,2.0,"live, garden",3.0,490.0,1088.0,1578.0,2,True,True,2019,"laptop, phone","HP, Samsung","Apartment 4, Riddleshire district, Tashkent, UZ, 100048",100048,Tashkent,Riddleshire
239,Daniel King,,FEMALE,,001-201-451-8492,Russellmouth,bburns@@yahoo.com,2022-03-30 16:59:53,python,,inactive,0.0,excellent,174.0,1981-10-05 00:00:00,"BROKEN,ADDRESS,DATA,,,","{""hobbies"": [""cold"", ""deep""], ""skills"": {""tech"": {""python"": 4, ""excel"": 3, ""sql"": 5}, ""soft"": [""term"", ""light""]}, ""family"": {""siblings"": 1, ""income"": {""father"": 1398, ""mother"": 576}}, ""devices"": [{""type"": ""laptop"", ""brand"": ""HP"", ""year"": 2015}, {""type"": ""phone"", ""brand"": ""Apple"", ""year"": 2023}]}",False,invalid_format,0012014518492,+998 01 451 84 92,Unknown,"cold, deep",4.0,3.0,5.0,2.0,"term, light",1.0,1398.0,576.0,1974.0,2,True,True,2023,"laptop, phone","HP, Apple","BROKEN,ADDRESS,DATA,,,",Unknown,Unknown,Unknown
240,Claire Smith,20,,62.0,,Leebury,ronald78@@hotmail.com,2003-10-17 10:01:07,Data Science,110,active,0.0,,25000.0,2009-12-28 21:57:36,"BROKEN,ADDRESS,DATA,,,","{""hobbies"": [""close"", ""ground""], ""skills"": {""tech"": {""python"": 4, ""excel"": 1, ""sql"": 1}, ""soft"": [""life"", ""only""]}, ""family"": {""siblings"": 4, ""income"": {""father"": 1231, ""mother"": 1351}}, ""devices"": [{""type"": ""laptop"", ""brand"": ""Lenovo"", ""year"": 2021}, {""type"": ""phone"", ""brand"": ""Xiaomi"", ""year"": 2019}]}",False,invalid_format,,,,"close, ground",4.0,1.0,1.0,2.0,"life, only",4.0,1231.0,1351.0,2582.0,2,True,True,2021,"laptop, phone","Lenovo, Xiaomi","BROKEN,ADDRESS,DATA,,,",Unknown,Unknown,Unknown
241,David Grimes,,male,65.0,382.474.5618,East Nancymouth,ckoch@gmail.com,2021-01-27 02:43:16,ds,110,active,3.11,good,120.0,2023-03-29 02:45:11,"Apartment 24, East Pamelafurt district, Tashkent, UZ, 100917","{""hobbies"": [""mean"", ""that""], ""skills"": {""tech"": {""python"": 5, ""excel"": 3, ""sql"": 4}, ""soft"": [""though"", ""less""]}, ""family"": {""siblings"": 2, ""income"": {""father"": 1115, ""mother"": 1223}}, ""devices"": [{""type"": ""laptop"", ""brand"": ""Dell"", ""year"": 2021}, {""type"": ""phone"", ""brand"": ""Xiaomi"", ""year"": 2020}]}",True,valid,3824745618,+998 82 474 56 18,Unknown,"mean, that",5.0,3.0,4.0,2.0,"though, less",2.0,1115.0,1223.0,2338.0,2,True,True,2021,"laptop, phone","Dell, Xiaomi","Apartment 24, East Pamelafurt district, Tashkent, UZ, 100917",100917,Tashkent,Pamelafurt
242,,19,Female,76.0,132.243.9130,Port Lauren,?ali@@gmail..com,2023-05-18 00:04:33,Data Science,104,inactive,0.0,good,162.0,1993-03-10 00:00:00,"BROKEN,ADDRESS,DATA,,,","{""hobbies"": [""evidence"", ""tonight""], ""skills"": {""tech"": {""python"": 1, ""excel"": 5, ""sql"": 1}, ""soft"": [""dream"", ""each""]}, ""family"": {""siblings"": 2, ""income"": {""father"": 1337, ""mother"": 794}}, ""devices"": [{""type"": ""laptop"", ""brand"": ""HP"", ""year"": 2020}, {""type"": ""phone"", ""brand"": ""Xiaomi"", ""year"": 2018}]}",False,invalid_format,1322439130,+998 32 243 91 30,Unknown,"evidence, tonight",1.0,5.0,1.0,2.0,"dream, each",2.0,1337.0,794.0,2131.0,2,True,True,2020,"laptop, phone","HP, Xiaomi","BROKEN,ADDRESS,DATA,,,",Unknown,Unknown,Unknown
243,Barbara Richardson,22,,,7248233305,North James,learn,1994-06-08 00:00:00,ds,,pending,15.5,excellent,106.0,1982-10-15 06:48:59,"Apartment 38, Lake Amychester district, Tashkent, UZ, 100854","{'hobbies': ['its', 'join'], 'skills': {'tech': {'python': 1, 'excel': 4, 'sql': 4}, 'soft': ['among', 'list']}, 'family': {'siblings': 0, 'income': {'father': 833, 'mother': 904}}, 'devices': [{'type': 'laptop', 'brand': 'Lenovo', 'year': 2020}, {'type': 'phone', 'brand': 'Samsung', 'year': 2018}]}",False,invalid_format,7248233305,+998 24 823 33 05,Unknown,"its, join",1.0,4.0,4.0,2.0,"among, list",0.0,833.0,904.0,1737.0,2,True,True,2020,"laptop, phone","Lenovo, Samsung","Apartment 38, Lake Amychester district, Tashkent, UZ, 100854",100854,Tashkent,Amychester
244,,18,fmale,,434.105.9394x72804,Kevinland,,2020-11-26 13:53:26,d.s.,,inactive,37.0,good,299.0,2019-12-05 10:39:00,"55355 Lucero Manors Suite 542, East Michaelhaven","{""hobbies"": [""moment"", ""always""], ""skills"": {""tech"": {""python"": 5, ""excel"": 3, ""sql"": 2}, ""soft"": [""do"", ""question""]}, ""family"": {""siblings"": 0, ""income"": {""father"": 667, ""mother"": 969}}, ""devices"": [{""type"": ""laptop"", ""brand"": ""HP"", ""year"": 2024}, {""type"": ""phone"", ""brand"": ""Apple"", ""year"": 2021}]}",False,missing,434105939472804,+998 93 947 28 04,Ucell,"moment, always",5.0,3.0,2.0,2.0,"do, question",0.0,667.0,969.0,1636.0,2,True,True,2024,"laptop, phone","HP, Apple","55355 Lucero Manors Suite 542, East Michaelhaven",55355,Unknown,Unknown
245,Linda Castro,19,Female,,+1-149-124-0868,North Amanda,wendyhoffman@@hotmail.com,2023-02-20 06:33:38,Data Science,84,pending,0.0,,231.0,1997-09-30 06:56:34,"Apartment 35, West Ericborough district, Tashkent, UZ, 100678","{'hobbies': ['least', 'environment'], 'skills': {'tech': {'python': 3, 'excel': 2, 'sql': 4}, 'soft': ['course', 'hear']}, 'family': {'siblings': 0, 'income': {'father': 1496, 'mother': 514}}, 'devices': [{'type': 'laptop', 'brand': 'Lenovo', 'year': 2020}, {'type': 'phone', 'brand': 'Samsung', 'year': 2019}]}",False,invalid_format,11491240868,+998 49 124 08 68,Unknown,"least, environment",3.0,2.0,4.0,2.0,"course, hear",0.0,1496.0,514.0,2010.0,2,True,True,2020,"laptop, phone","Lenovo, Samsung","Apartment 35, West Ericborough district, Tashkent, UZ, 100678",100678,Tashkent,Ericborough
246,,20,,73.0,921-067-8157x692,Lisatown,increase,2007-11-13 00:00:00,data_sciense,93,inactive,15.5,average,179.0,2020-10-19 15:53:33,"Johntown 7-kv, dom 50, Tashkent","{""hobbies"": [""final"", ""young""], ""skills"": {""tech"": {""python"": 4, ""excel"": 2, ""sql"": 1}, ""soft"": [""show"", ""matter""]}, ""family"": {""siblings"": 5, ""income"": {""father"": 220, ""mother"": 1384}}, ""devices"": [{""type"": ""laptop"", ""brand"": ""Lenovo"", ""year"": 2017}, {""type"": ""phone"", ""brand"": ""Samsung"", ""year"": 2021}]}",False,invalid_format,9210678157692,+998 67 815 76 92,Unknown,"final, young",4.0,2.0,1.0,2.0,"show, matter",5.0,220.0,1384.0,1604.0,2,True,True,2021,"laptop, phone","Lenovo, Samsung","Johntown 7-kv, dom 50, Tashkent",Unknown,Tashkent,Unknown
247,,21,,57.0,(474)733-4676x193,West Margaret,finish,2022-10-03 06:44:25,DATA SCIENCE,107,pending,,excellent,195.0,1982-10-12 00:00:00,"Allisonfurt 7-kv, dom 13, Tashkent","{""hobbies"": [""book"", ""wind""], ""skills"": {""tech"": {""python"": 5, ""excel"": 4, ""sql"": 3}, ""soft"": [""natural"", ""general""]}, ""family"": {""siblings"": 5, ""income"": {""father"": 1218, ""mother"": 434}}, ""devices"": [{""type"": ""laptop"", ""brand"": ""HP"", ""year"": 2019}, {""type"": ""phone"", ""brand"": ""Samsung"", ""year"": 2018}]}",False,invalid_format,4747334676193,+998 33 467 61 93,Unknown,"book, wind",5.0,4.0,3.0,2.0,"natural, general",5.0,1218.0,434.0,1652.0,2,True,True,2019,"laptop, phone","HP, Samsung","Allisonfurt 7-kv, dom 13, Tashkent",Unknown,Tashkent,Unknown
248,Eddie Ross,22,FEMALE,,+1-984-804-9442,Hallburgh,someonegmail.com,1972-12-05 00:00:00,Pyhton,110,inactive,15.5,excellent,7000.0,1993-11-12 00:00:00,"Joseborough 23-kv, dom 30, Tashkent","{'hobbies': ['threat', 'usually'], 'skills': {'tech': {'python': 5, 'excel': 5, 'sql': 4}, 'soft': ['offer', 'grow']}, 'family': {'siblings': 0, 'income': {'father': 965, 'mother': 1315}}, 'devices': [{'type': 'laptop', 'brand': 'Lenovo', 'year': 2020}, {'type': 'phone', 'brand': 'Samsung', 'year': 2024}]}",False,invalid_format,19848049442,+998 84 804 94 42,Unknown,"threat, usually",5.0,5.0,4.0,2.0,"offer, grow",0.0,965.0,1315.0,2280.0,2,True,True,2024,"laptop, phone","Lenovo, Samsung","Joseborough 23-kv, dom 30, Tashkent",Unknown,Tashkent,Unknown
249,Timothy Mcdonald,22,,,8769186415,East Ashleyland,david26@hotmail.com,1985-06-09 18:30:20,data_sciense,110,active,2.62,excellent,74.0,2022-07-19 00:00:00,"East Taylor 8-kv, dom 23, Tashkent",INVALID_JSON_DATA,True,valid,8769186415,+998 76 918 64 15,Unknown,,,,,,,,,,,0,False,False,0,,,"East Taylor 8-kv, dom 23, Tashkent",Unknown,Tashkent,Unknown
250,Cassie Roberts,18,male,,,South Stanley,lgarcia@hotmail.com,2024-09-14 00:00:00,python,,pending,-2.0,excellent,100.0,1977-06-21 00:00:00,UZ 100410 Tashkent Adkinsborough,INVALID_JSON_DATA,True,valid,,,,,,,,,,,,,,0,False,False,0,,,UZ 100410 Tashkent Adkinsborough,100410,Tashkent,Unknown
251,,21,,,039-827-5197x874,Gutierrezport,amy79@@yahoo.com,1970-11-12 20:17:17,Pyhton,68,active,37.0,,193.0,2010-10-17 00:00:00,"87498 Haynes Wall Suite 838, South Rachel","{'hobbies': ['about', 'ball'], 'skills': {'tech': {'python': 4, 'excel': 2, 'sql': 4}, 'soft': ['strategy', 'country']}, 'family': {'siblings': 0, 'income': {'father': 760, 'mother': 239}}, 'devices': [{'type': 'laptop', 'brand': 'Lenovo', 'year': 2017}, {'type': 'phone', 'brand': 'Apple', 'year': 2021}]}",False,invalid_format,0398275197874,+998 27 519 78 74,Unknown,"about, ball",4.0,2.0,4.0,2.0,"strategy, country",0.0,760.0,239.0,999.0,2,True,True,2021,"laptop, phone","Lenovo, Apple","87498 Haynes Wall Suite 838, South Rachel",87498,Unknown,Unknown
252,,,,,708-953-5365x07881,Danielsport,?ali@@gmail..com,2001-04-19 00:00:00,data science,110,inactive,,excellent,174.0,2025-05-30 00:00:00,"Apartment 25, New John district, Tashkent, UZ, 100658",INVALID_JSON_DATA,False,invalid_format,708953536507881,+998 53 650 78 81,Unknown,,,,,,,,,,,0,False,False,0,,,"Apartment 25, New John district, Tashkent, UZ, 100658",100658,Tashkent,John
253,Jeffrey White,21,femlae,,537-420-7791x47760,Moraport,,2014-01-23 13:27:35,data-sciens,82,inactive,37.0,excellent,233.0,1970-12-03 00:00:00,"BROKEN,ADDRESS,DATA,,,","{""hobbies"": [""follow"", ""job""], ""skills"": {""tech"": {""python"": 4, ""excel"": 3, ""sql"": 3}, ""soft"": [""international"", ""this""]}, ""family"": {""siblings"": 2, ""income"": {""father"": 1229, ""mother"": 429}}, ""devices"": [{""type"": ""laptop"", ""brand"": ""Lenovo"", ""year"": 2020}, {""type"": ""phone"", ""brand"": ""Apple"", ""year"": 2019}]}",False,missing,537420779147760,+998 77 914 77 60,Unknown,"follow, job",4.0,3.0,3.0,2.0,"international, this",2.0,1229.0,429.0,1658.0,2,True,True,2020,"laptop, phone","Lenovo, Apple","BROKEN,ADDRESS,DATA,,,",Unknown,Unknown,Unknown
254,William Washington,,,,915-056-1418x56864,West Alison,nicholashoward@arellano-hart.com,2021-03-18 14:19:31,data science,118,inactive,3.02,excellent,75.0,2022-05-17 00:00:00,"Andersonland 15-kv, dom 10, Tashkent","{'hobbies': ['read', 'leg'], 'skills': {'tech': {'python': 3, 'excel': 1, 'sql': 1}, 'soft': ['run', 'sister']}, 'family': {'siblings': 3, 'income': {'father': 952, 'mother': 643}}, 'devices': [{'type': 'laptop', 'brand': 'HP', 'year': 2020}, {'type': 'phone', 'brand': 'Apple', 'year': 2024}]}",True,valid,915056141856864,+998 14 185 68 64,Unknown,"read, leg",3.0,1.0,1.0,2.0,"run, sister",3.0,952.0,643.0,1595.0,2,True,True,2024,"laptop, phone","HP, Apple","Andersonland 15-kv, dom 10, Tashkent",Unknown,Tashkent,Unknown
255,,22,Female,99.0,,Amandabury,hlove@@gmail.com,2020-11-10 09:09:22,d.s.,,pending,0.0,average,156.0,2020-10-26 12:05:26,"BROKEN,ADDRESS,DATA,,,",INVALID_JSON_DATA,False,invalid_format,,,,,,,,,,,,,,0,False,False,0,,,"BROKEN,ADDRESS,DATA,,,",Unknown,Unknown,Unknown
256,Ann Burns,22,,100.0,,Lake Ashley,a,2006-05-27 00:00:00,PYTHNO,110,active,37.0,excellent,227.0,2019-08-14 00:00:00,"BROKEN,ADDRESS,DATA,,,","{'hobbies': ['about', 'city'], 'skills': {'tech': {'python': 2, 'excel': 4, 'sql': 1}, 'soft': ['that', 'walk']}, 'family': {'siblings': 3, 'income': {'father': 282, 'mother': 1017}}, 'devices': [{'type': 'laptop', 'brand': 'Lenovo', 'year': 2016}, {'type': 'phone', 'brand': 'Xiaomi', 'year': 2018}]}",False,invalid_format,,,,"about, city",2.0,4.0,1.0,2.0,"that, walk",3.0,282.0,1017.0,1299.0,2,True,True,2018,"laptop, phone","Lenovo, Xiaomi","BROKEN,ADDRESS,DATA,,,",Unknown,Unknown,Unknown
257,,20,female,77.0,+1-287-328-8674,North Chelseaview,?ali@@gmail..com,1984-07-07 22:59:00,python,,inactive,1.27,average,18100.0,1984-02-20 00:00:00,"Apartment 27, New Mark district, Tashkent, UZ, 100999","{hobbies:['probably', 'place']}",False,invalid_format,12873288674,+998 87 328 86 74,Unknown,,,,,,,,,,,0,False,False,0,,,"Apartment 27, New Mark district, Tashkent, UZ, 100999",100999,Tashkent,Mark
258,Mrs. Dana Cole,,female,,+1-182-594-2720x737,Andersonville,?ali@@gmail..com,2022-05-24 00:00:00,DATA SCIENCE,110,active,,average,12600.0,2023-03-11 00:00:00,"Johnview 8-kv, dom 27, Tashkent","{'hobbies': ['me', 'sister'], 'skills': {'tech': {'python': 2, 'excel': 1, 'sql': 5}, 'soft': ['yes', 'available']}, 'family': {'siblings': 4, 'income': {'father': 340, 'mother': 633}}, 'devices': [{'type': 'laptop', 'brand': 'HP', 'year': 2021}, {'type': 'phone', 'brand': 'Samsung', 'year': 2022}]}",False,invalid_format,11825942720737,+998 94 272 07 37,Ucell,"me, sister",2.0,1.0,5.0,2.0,"yes, available",4.0,340.0,633.0,973.0,2,True,True,2022,"laptop, phone","HP, Samsung","Johnview 8-kv, dom 27, Tashkent",Unknown,Tashkent,Unknown
259,Dean Lozano,20,female,,,Brandonfurt,?ali@@gmail..com,1974-11-27 05:57:07,python,,pending,,good,216.0,1972-03-07 06:41:17,"BROKEN,ADDRESS,DATA,,,","{'hobbies': ['this', 'trouble'], 'skills': {'tech': {'python': 2, 'excel': 2, 'sql': 3}, 'soft': ['face', 'response']}, 'family': {'siblings': 5, 'income': {'father': 1300, 'mother': 1048}}, 'devices': [{'type': 'laptop', 'brand': 'HP', 'year': 2019}, {'type': 'phone', 'brand': 'Apple', 'year': 2020}]}",False,invalid_format,,,,"this, trouble",2.0,2.0,3.0,2.0,"face, response",5.0,1300.0,1048.0,2348.0,2,True,True,2020,"laptop, phone","HP, Apple","BROKEN,ADDRESS,DATA,,,",Unknown,Unknown,Unknown
260,Tyler Mueller,,fmale,61.0,,Port Jeffreyside,someonegmail.com,2021-02-05 09:47:55,data_sciense,,inactive,15.5,excellent,124.0,1995-04-08 00:00:00,"Apartment 43, Sarahstad district, Tashkent, UZ, 100781",INVALID_JSON_DATA,False,invalid_format,,,,,,,,,,,,,,0,False,False,0,,,"Apartment 43, Sarahstad district, Tashkent, UZ, 100781",100781,Tashkent,Sarahstad
261,Charles Smith,20,,89.0,737-407-8314x24506,Lake Josephtown,xthomas@lambert-collins.com,1984-12-16 11:44:14,data-sciens,86,inactive,15.5,average,152.0,2002-01-01 00:00:00,UZ 100304 Tashkent Jonesfurt,"{'hobbies': ['anyone', 'bed'], 'skills': {'tech': {'python': 1, 'excel': 3, 'sql': 4}, 'soft': ['would', 'after']}, 'family': {'siblings': 2, 'income': {'father': 518, 'mother': 607}}, 'devices': [{'type': 'laptop', 'brand': 'HP', 'year': 2015}, {'type': 'phone', 'brand': 'Samsung', 'year': 2020}]}",True,valid,737407831424506,+998 83 142 45 06,Unknown,"anyone, bed",1.0,3.0,4.0,2.0,"would, after",2.0,518.0,607.0,1125.0,2,True,True,2020,"laptop, phone","HP, Samsung",UZ 100304 Tashkent Jonesfurt,100304,Tashkent,Unknown
262,Michele Johnson,18,FEMALE,76.0,001-370-768-5363,Hillchester,someonegmail.com,2023-06-08 21:49:21,Data Science,97,active,,good,194.0,1989-07-12 03:27:46,"North Alicia 20-kv, dom 35, Tashkent","{'hobbies': ['firm', 'everybody'], 'skills': {'tech': {'python': 4, 'excel': 3, 'sql': 3}, 'soft': ['say', 'do']}, 'family': {'siblings': 1, 'income': {'father': 1464, 'mother': 1493}}, 'devices': [{'type': 'laptop', 'brand': 'HP', 'year': 2017}, {'type': 'phone', 'brand': 'Xiaomi', 'year': 2024}]}",False,invalid_format,0013707685363,+998 70 768 53 63,Unknown,"firm, everybody",4.0,3.0,3.0,2.0,"say, do",1.0,1464.0,1493.0,2957.0,2,True,True,2024,"laptop, phone","HP, Xiaomi","North Alicia 20-kv, dom 35, Tashkent",Unknown,Tashkent,Unknown
263,,21,female,65.0,+1-642-192-1575,Kellyborough,zjohnson@miller-weaver.net,2002-08-30 15:04:12,data-sciens,110,inactive,15.5,average,220.0,1995-09-08 00:00:00,"BROKEN,ADDRESS,DATA,,,","{'hobbies': ['third', 'prepare'], 'skills': {'tech': {'python': 4, 'excel': 4, 'sql': 3}, 'soft': ['successful', 'product']}, 'family': {'siblings': 2, 'income': {'father': 913, 'mother': 1267}}, 'devices': [{'type': 'laptop', 'brand': 'HP', 'year': 2019}, {'type': 'phone', 'brand': 'Samsung', 'year': 2024}]}",True,valid,16421921575,+998 42 192 15 75,Unknown,"third, prepare",4.0,4.0,3.0,2.0,"successful, product",2.0,913.0,1267.0,2180.0,2,True,True,2024,"laptop, phone","HP, Samsung","BROKEN,ADDRESS,DATA,,,",Unknown,Unknown,Unknown
264,James Griffin,,femlae,,635-914-0072x99022,West Marieland,kevinboyd@@foster-nichols.com,1989-05-11 00:00:00,data science,92,active,4.46,,219.0,2018-01-14 08:03:10,"Apartment 29, North Tyroneville district, Tashkent, UZ, 100883","{""hobbies"": [""green"", ""box""], ""skills"": {""tech"": {""python"": 2, ""excel"": 1, ""sql"": 2}, ""soft"": [""society"", ""next""]}, ""family"": {""siblings"": 3, ""income"": {""father"": 1161, ""mother"": 228}}, ""devices"": [{""type"": ""laptop"", ""brand"": ""HP"", ""year"": 2024}, {""type"": ""phone"", ""brand"": ""Samsung"", ""year"": 2024}]}",False,invalid_format,635914007299022,+998 00 729 90 22,Unknown,"green, box",2.0,1.0,2.0,2.0,"society, next",3.0,1161.0,228.0,1389.0,2,True,True,2024,"laptop, phone","HP, Samsung","Apartment 29, North Tyroneville district, Tashkent, UZ, 100883",100883,Tashkent,Tyroneville
265,Justin Arnold,18,fmale,81.0,712-835-3547x537,West Victoriastad,hollyhuffman@@morales-kim.biz,1972-03-11 00:00:00,PYTHNO,,inactive,15.5,excellent,92.0,2000-11-24 00:00:00,UZ 100588 Tashkent West Elizabeth,"{'hobbies': ['maintain', 'hard'], 'skills': {'tech': {'python': 1, 'excel': 1, 'sql': 2}, 'soft': ['common', 'resource']}, 'family': {'siblings': 3, 'income': {'father': 422, 'mother': 1398}}, 'devices': [{'type': 'laptop', 'brand': 'Lenovo', 'year': 2016}, {'type': 'phone', 'brand': 'Xiaomi', 'year': 2022}]}",False,invalid_format,7128353547537,+998 35 354 75 37,Unknown,"maintain, hard",1.0,1.0,2.0,2.0,"common, resource",3.0,422.0,1398.0,1820.0,2,True,True,2022,"laptop, phone","Lenovo, Xiaomi",UZ 100588 Tashkent West Elizabeth,100588,Tashkent,Unknown
266,,19,female,,174-850-2428x051,Jamesburgh,,1999-03-19 00:00:00,Data Science,,pending,15.5,average,195.0,2017-02-10 08:53:00,"Apartment 17, North Raymond district, Tashkent, UZ, 100376","{'hobbies': ['guy', 'test'], 'skills': {'tech': {'python': 3, 'excel': 4, 'sql': 5}, 'soft': ['trade', 'least']}, 'family': {'siblings': 5, 'income': {'father': 1310, 'mother': 604}}, 'devices': [{'type': 'laptop', 'brand': 'Dell', 'year': 2015}, {'type': 'phone', 'brand': 'Xiaomi', 'year': 2023}]}",False,missing,1748502428051,+998 50 242 80 51,Unknown,"guy, test",3.0,4.0,5.0,2.0,"trade, least",5.0,1310.0,604.0,1914.0,2,True,True,2023,"laptop, phone","Dell, Xiaomi","Apartment 17, North Raymond district, Tashkent, UZ, 100376",100376,Tashkent,Raymond
267,,21,male,,,Josephbury,marcus14@thomas-wong.biz,2023-06-26 19:20:47,ds,114,active,-2.0,excellent,203.0,2018-03-23 00:00:00,"63287 Donna Walk, Savageborough","{'hobbies': ['week', 'group'], 'skills': {'tech': {'python': 2, 'excel': 3, 'sql': 5}, 'soft': ['form', 'mean']}, 'family': {'siblings': 3, 'income': {'father': 335, 'mother': 1183}}, 'devices': [{'type': 'laptop', 'brand': 'Lenovo', 'year': 2022}, {'type': 'phone', 'brand': 'Apple', 'year': 2019}]}",True,valid,,,,"week, group",2.0,3.0,5.0,2.0,"form, mean",3.0,335.0,1183.0,1518.0,2,True,True,2022,"laptop, phone","Lenovo, Apple","63287 Donna Walk, Savageborough",63287,Unknown,Unknown
268,Adam Bowman,20,Female,90.0,,North Brentport,?ali@@gmail..com,2020-10-31 14:05:24,PYTHNO,84,inactive,,average,239.0,2023-02-16 17:15:43,"Apartment 20, Lake Stacy district, Tashkent, UZ, 100919","{hobbies:['after', 'treatment']}",False,invalid_format,,,,,,,,,,,,,,0,False,False,0,,,"Apartment 20, Lake Stacy district, Tashkent, UZ, 100919",100919,Tashkent,Stacy
269,,19,female,,485-944-9082,Lake Amberstad,,2023-11-03 06:30:07,DATA SCIENCE,104,inactive,-2.0,,128.0,2022-12-10 16:21:33,"42654 Obrien Stream Apt. 484, North Ianberg","{'hobbies': ['why', 'up'], 'skills': {'tech': {'python': 1, 'excel': 3, 'sql': 4}, 'soft': ['several', 'consider']}, 'family': {'siblings': 5, 'income': {'father': 280, 'mother': 1029}}, 'devices': [{'type': 'laptop', 'brand': 'Lenovo', 'year': 2016}, {'type': 'phone', 'brand': 'Samsung', 'year': 2022}]}",False,missing,4859449082,+998 85 944 90 82,Unknown,"why, up",1.0,3.0,4.0,2.0,"several, consider",5.0,280.0,1029.0,1309.0,2,True,True,2022,"laptop, phone","Lenovo, Samsung","42654 Obrien Stream Apt. 484, North Ianberg",42654,Unknown,Unknown
270,,,,96.0,,Patrickhaven,nelsonanna@@hotmail.com,2021-09-08 06:19:22,DATA SCIENCE,,active,-2.0,average,216.0,1986-04-14 20:33:44,"0553 Joseph Crest, Port Stephenchester","{'hobbies': ['watch', 'step'], 'skills': {'tech': {'python': 1, 'excel': 3, 'sql': 2}, 'soft': ['idea', 'cut']}, 'family': {'siblings': 2, 'income': {'father': 618, 'mother': 407}}, 'devices': [{'type': 'laptop', 'brand': 'Dell', 'year': 2015}, {'type': 'phone', 'brand': 'Samsung', 'year': 2020}]}",False,invalid_format,,,,"watch, step",1.0,3.0,2.0,2.0,"idea, cut",2.0,618.0,407.0,1025.0,2,True,True,2020,"laptop, phone","Dell, Samsung","0553 Joseph Crest, Port Stephenchester",Unknown,Unknown,Unknown
271,,,FEMALE,,(267)917-6512x72487,Rachelstad,troy76@@yahoo.com,1991-11-03 00:00:00,Pyhton,,active,,excellent,227.0,1988-04-19 11:33:00,UZ 100416 Tashkent Lake John,"{'hobbies': ['word', 'move'], 'skills': {'tech': {'python': 2, 'excel': 5, 'sql': 2}, 'soft': ['coach', 'decision']}, 'family': {'siblings': 4, 'income': {'father': 1043, 'mother': 1206}}, 'devices': [{'type': 'laptop', 'brand': 'Dell', 'year': 2015}, {'type': 'phone', 'brand': 'Xiaomi', 'year': 2023}]}",False,invalid_format,267917651272487,+998 65 127 24 87,Unknown,"word, move",2.0,5.0,2.0,2.0,"coach, decision",4.0,1043.0,1206.0,2249.0,2,True,True,2023,"laptop, phone","Dell, Xiaomi",UZ 100416 Tashkent Lake John,100416,Tashkent,Unknown
272,,20,female,73.0,140-799-2436,Davidside,pricesamuel@young.com,2010-08-23 18:40:24,Data Science,109,inactive,15.5,good,23400.0,2009-02-28 00:00:00,"Apartment 20, Rileyside district, Tashkent, UZ, 100580","{'hobbies': ['anything', 'hospital'], 'skills': {'tech': {'python': 3, 'excel': 1, 'sql': 1}, 'soft': ['age', 'police']}, 'family': {'siblings': 5, 'income': {'father': 586, 'mother': 1160}}, 'devices': [{'type': 'laptop', 'brand': 'HP', 'year': 2024}, {'type': 'phone', 'brand': 'Apple', 'year': 2018}]}",True,valid,1407992436,+998 40 799 24 36,Unknown,"anything, hospital",3.0,1.0,1.0,2.0,"age, police",5.0,586.0,1160.0,1746.0,2,True,True,2024,"laptop, phone","HP, Apple","Apartment 20, Rileyside district, Tashkent, UZ, 100580",100580,Tashkent,Rileyside
273,,,,,,Rayfurt,?ali@@gmail..com,1982-01-08 00:00:00,data_sciense,93,inactive,3.51,average,214.0,2023-03-27 12:29:50,"2917 Connie Motorway, West Jamie","{hobbies:['top', 'air']}",False,invalid_format,,,,,,,,,,,,,,0,False,False,0,,,"2917 Connie Motorway, West Jamie",Unknown,Unknown,Unknown
274,April Sharp,20,MALE,79.0,132-149-7176,Guzmanbury,allison39@@hotmail.com,2007-01-26 08:08:12,d.s.,110,active,4.24,average,127.0,1977-10-29 00:00:00,"BROKEN,ADDRESS,DATA,,,","{hobbies:['candidate', 'station']}",False,invalid_format,1321497176,+998 32 149 71 76,Unknown,,,,,,,,,,,0,False,False,0,,,"BROKEN,ADDRESS,DATA,,,",Unknown,Unknown,Unknown
275,Jessica Leon,20,Female,78.0,712.921.9367,West Toddside,?ali@@gmail..com,1973-01-13 00:00:00,Data Science,110,inactive,1.35,average,85.0,1971-12-26 00:00:00,"BROKEN,ADDRESS,DATA,,,","{'hobbies': ['group', 'great'], 'skills': {'tech': {'python': 1, 'excel': 2, 'sql': 1}, 'soft': ['may', 'suddenly']}, 'family': {'siblings': 3, 'income': {'father': 850, 'mother': 388}}, 'devices': [{'type': 'laptop', 'brand': 'Dell', 'year': 2019}, {'type': 'phone', 'brand': 'Xiaomi', 'year': 2024}]}",False,invalid_format,7129219367,+998 12 921 93 67,Unknown,"group, great",1.0,2.0,1.0,2.0,"may, suddenly",3.0,850.0,388.0,1238.0,2,True,True,2024,"laptop, phone","Dell, Xiaomi","BROKEN,ADDRESS,DATA,,,",Unknown,Unknown,Unknown
276,Christopher Cruz,20,fmale,77.0,,Obrienshire,be,2022-05-02 23:19:02,data-sciens,,active,2.66,excellent,135.0,1987-05-27 00:00:00,UZ 100679 Tashkent Maryport,"{'hobbies': ['television', 'serve'], 'skills': {'tech': {'python': 5, 'excel': 2, 'sql': 5}, 'soft': ['find', 'kind']}, 'family': {'siblings': 2, 'income': {'father': 612, 'mother': 1374}}, 'devices': [{'type': 'laptop', 'brand': 'HP', 'year': 2019}, {'type': 'phone', 'brand': 'Samsung', 'year': 2018}]}",False,invalid_format,,,,"television, serve",5.0,2.0,5.0,2.0,"find, kind",2.0,612.0,1374.0,1986.0,2,True,True,2019,"laptop, phone","HP, Samsung",UZ 100679 Tashkent Maryport,100679,Tashkent,Unknown
277,Hunter Smith,19,male,,+1-131-876-7285x5390,Robinsonton,?ali@@gmail..com,2007-04-03 20:56:59,python,102,active,0.0,excellent,299.0,1974-06-11 00:00:00,"Apartment 8, Ashleyborough district, Tashkent, UZ, 100060","{'hobbies': ['those', 'partner'], 'skills': {'tech': {'python': 5, 'excel': 4, 'sql': 4}, 'soft': ['which', 'actually']}, 'family': {'siblings': 3, 'income': {'father': 1415, 'mother': 828}}, 'devices': [{'type': 'laptop', 'brand': 'HP', 'year': 2016}, {'type': 'phone', 'brand': 'Apple', 'year': 2018}]}",False,invalid_format,113187672855390,+998 67 285 53 90,Unknown,"those, partner",5.0,4.0,4.0,2.0,"which, actually",3.0,1415.0,828.0,2243.0,2,True,True,2018,"laptop, phone","HP, Apple","Apartment 8, Ashleyborough district, Tashkent, UZ, 100060",100060,Tashkent,Ashleyborough
278,Tracy Martin,21,,86.0,485-034-8428x7876,Lake Hunter,someonegmail.com,2001-12-01 18:40:00,data_sciense,110,inactive,0.0,excellent,100.0,1971-04-21 00:00:00,"4741 Phillips Course Apt. 019, Lake Theresafurt","{hobbies:['from', 'different']}",False,invalid_format,48503484287876,+998 48 428 78 76,Unknown,,,,,,,,,,,0,False,False,0,,,"4741 Phillips Course Apt. 019, Lake Theresafurt",Unknown,Unknown,Unknown
279,Erica Myers,18,,85.0,,West Olivia,,1983-03-18 00:00:00,DATA SCIENCE,,inactive,-2.0,,14000.0,1993-10-30 00:00:00,"BROKEN,ADDRESS,DATA,,,","{'hobbies': ['support', 'support'], 'skills': {'tech': {'python': 3, 'excel': 5, 'sql': 5}, 'soft': ['end', 'collection']}, 'family': {'siblings': 0, 'income': {'father': 1095, 'mother': 1133}}, 'devices': [{'type': 'laptop', 'brand': 'Dell', 'year': 2024}, {'type': 'phone', 'brand': 'Apple', 'year': 2020}]}",False,missing,,,,"support, support",3.0,5.0,5.0,2.0,"end, collection",0.0,1095.0,1133.0,2228.0,2,True,True,2024,"laptop, phone","Dell, Apple","BROKEN,ADDRESS,DATA,,,",Unknown,Unknown,Unknown
280,Audrey Moran,,,88.0,,West Shawnabury,,1994-03-14 00:00:00,ds,110,pending,-2.0,good,218.0,1975-12-08 00:00:00,"BROKEN,ADDRESS,DATA,,,","{'hobbies': ['exist', 'politics'], 'skills': {'tech': {'python': 3, 'excel': 1, 'sql': 3}, 'soft': ['conference', 'commercial']}, 'family': {'siblings': 4, 'income': {'father': 1499, 'mother': 861}}, 'devices': [{'type': 'laptop', 'brand': 'Lenovo', 'year': 2022}, {'type': 'phone', 'brand': 'Samsung', 'year': 2024}]}",False,missing,,,,"exist, politics",3.0,1.0,3.0,2.0,"conference, commercial",4.0,1499.0,861.0,2360.0,2,True,True,2024,"laptop, phone","Lenovo, Samsung","BROKEN,ADDRESS,DATA,,,",Unknown,Unknown,Unknown
281,,18,FEMALE,94.0,,Brittneyburgh,dgreen@henry-marshall.com,2023-03-23 18:03:51,data_sciense,72,pending,1.52,excellent,69.0,1992-08-16 19:39:00,"BROKEN,ADDRESS,DATA,,,",INVALID_JSON_DATA,True,valid,,,,,,,,,,,,,,0,False,False,0,,,"BROKEN,ADDRESS,DATA,,,",Unknown,Unknown,Unknown
282,,20,FEMALE,,,Marciastad,though,2023-05-11 19:10:41,d.s.,110,active,,excellent,148.0,2014-09-06 00:00:00,"BROKEN,ADDRESS,DATA,,,","{hobbies:['none', 'third']}",False,invalid_format,,,,,,,,,,,,,,0,False,False,0,,,"BROKEN,ADDRESS,DATA,,,",Unknown,Unknown,Unknown
283,William Torres,21,female,,5622705245,Suzanneland,khantricia@swanson.com,1977-12-04 00:00:00,DATA SCIENCE,110,pending,-2.0,,53.0,1993-12-20 16:18:00,"978 Allison Loop Apt. 882, Whitemouth","{'hobbies': ['specific', 'me'], 'skills': {'tech': {'python': 3, 'excel': 2, 'sql': 4}, 'soft': ['hand', 'room']}, 'family': {'siblings': 5, 'income': {'father': 709, 'mother': 1412}}, 'devices': [{'type': 'laptop', 'brand': 'HP', 'year': 2023}, {'type': 'phone', 'brand': 'Apple', 'year': 2019}]}",True,valid,5622705245,+998 62 270 52 45,Unknown,"specific, me",3.0,2.0,4.0,2.0,"hand, room",5.0,709.0,1412.0,2121.0,2,True,True,2023,"laptop, phone","HP, Apple","978 Allison Loop Apt. 882, Whitemouth",Unknown,Unknown,Unknown
284,Vicki Morales,21,femlae,,,North Jacqueline,harveydaniel@grimes.com,2014-08-11 06:04:00,Data Science,,inactive,,excellent,216.0,2007-05-22 00:00:00,"BROKEN,ADDRESS,DATA,,,",INVALID_JSON_DATA,True,valid,,,,,,,,,,,,,,0,False,False,0,,,"BROKEN,ADDRESS,DATA,,,",Unknown,Unknown,Unknown
285,Laura Bates,21,female,86.0,,Michaelfurt,someonegmail.com,2023-10-17 18:20:34,data_sciense,,active,15.5,good,85.0,1986-05-17 19:24:00,"South David 8-kv, dom 24, Tashkent",INVALID_JSON_DATA,False,invalid_format,,,,,,,,,,,,,,0,False,False,0,,,"South David 8-kv, dom 24, Tashkent",Unknown,Tashkent,Unknown
286,Vincent Huffman,20,female,83.0,+1-323-312-8254x642,Lake Robin,?ali@@gmail..com,1972-06-07 00:00:00,Data Science,110,active,2.15,excellent,21800.0,1992-12-30 00:00:00,UZ 100578 Tashkent New Davidmouth,INVALID_JSON_DATA,False,invalid_format,13233128254642,+998 12 825 46 42,Unknown,,,,,,,,,,,0,False,False,0,,,UZ 100578 Tashkent New Davidmouth,100578,Tashkent,Unknown
287,Jeffrey Lowe,19,fmale,90.0,+1-619-096-5066,North Erikbury,qparker@hotmail.com,1983-12-25 05:25:00,data science,,inactive,3.91,,212.0,1970-06-14 00:00:00,"Curryhaven 5-kv, dom 5, Tashkent","{""hobbies"": [""candidate"", ""rate""], ""skills"": {""tech"": {""python"": 5, ""excel"": 4, ""sql"": 1}, ""soft"": [""information"", ""available""]}, ""family"": {""siblings"": 3, ""income"": {""father"": 567, ""mother"": 233}}, ""devices"": [{""type"": ""laptop"", ""brand"": ""Dell"", ""year"": 2020}, {""type"": ""phone"", ""brand"": ""Apple"", ""year"": 2021}]}",True,valid,16190965066,+998 19 096 50 66,Unknown,"candidate, rate",5.0,4.0,1.0,2.0,"information, available",3.0,567.0,233.0,800.0,2,True,True,2021,"laptop, phone","Dell, Apple","Curryhaven 5-kv, dom 5, Tashkent",Unknown,Tashkent,Unknown
288,Hannah Roberts,,MALE,,+1-990-984-2557,West Virginia,wrightalexis@lopez.biz,1970-02-27 00:00:00,PYTHNO,110,pending,-2.0,excellent,5800.0,2020-11-12 04:44:50,"86909 Nguyen Views, Hernandezchester",INVALID_JSON_DATA,True,valid,19909842557,+998 90 984 25 57,Beeline,,,,,,,,,,,0,False,False,0,,,"86909 Nguyen Views, Hernandezchester",86909,Unknown,Unknown
289,Joshua Guerrero,19,,,797.279.5514x42089,Watersberg,someonegmail.com,2007-03-04 00:00:00,Data Science,110,inactive,,excellent,261.0,2020-10-16 10:39:21,UZ 100382 Tashkent Morenoview,INVALID_JSON_DATA,False,invalid_format,797279551442089,+998 55 144 20 89,Unknown,,,,,,,,,,,0,False,False,0,,,UZ 100382 Tashkent Morenoview,100382,Tashkent,Unknown
290,,18,femlae,,,West Richardbury,,1972-02-16 11:00:00,ds,115,pending,0.0,good,283.0,2022-07-30 14:22:02,"96315 Annette Rest, Port Charlesport","{'hobbies': ['nation', 'right'], 'skills': {'tech': {'python': 4, 'excel': 5, 'sql': 2}, 'soft': ['artist', 'process']}, 'family': {'siblings': 3, 'income': {'father': 1367, 'mother': 1013}}, 'devices': [{'type': 'laptop', 'brand': 'Dell', 'year': 2022}, {'type': 'phone', 'brand': 'Samsung', 'year': 2022}]}",False,missing,,,,"nation, right",4.0,5.0,2.0,2.0,"artist, process",3.0,1367.0,1013.0,2380.0,2,True,True,2022,"laptop, phone","Dell, Samsung","96315 Annette Rest, Port Charlesport",96315,Unknown,Unknown
291,Dennis Bishop,20,femlae,,001-054-548-1713x1279,South Sandra,someonegmail.com,2022-11-14 16:48:13,Data Science,110,active,0.0,,237.0,2006-01-26 00:00:00,"Apartment 35, Huffburgh district, Tashkent, UZ, 100573","{'hobbies': ['various', 'value'], 'skills': {'tech': {'python': 3, 'excel': 1, 'sql': 3}, 'soft': ['myself', 'seven']}, 'family': {'siblings': 5, 'income': {'father': 906, 'mother': 1438}}, 'devices': [{'type': 'laptop', 'brand': 'HP', 'year': 2022}, {'type': 'phone', 'brand': 'Xiaomi', 'year': 2020}]}",False,invalid_format,00105454817131279,+998 81 713 12 79,Unknown,"various, value",3.0,1.0,3.0,2.0,"myself, seven",5.0,906.0,1438.0,2344.0,2,True,True,2022,"laptop, phone","HP, Xiaomi","Apartment 35, Huffburgh district, Tashkent, UZ, 100573",100573,Tashkent,Huffburgh
292,Lynn Gordon,21,fmale,,(157)468-6959x9046,Johnsonchester,henry44@craig.com,1974-10-28 00:11:00,Pyhton,110,inactive,0.0,excellent,10500.0,2022-11-23 00:00:00,"Port Karenborough 15-kv, dom 2, Tashkent","{hobbies:['the', 'production']}",True,valid,15746869599046,+998 86 959 90 46,Unknown,,,,,,,,,,,0,False,False,0,,,"Port Karenborough 15-kv, dom 2, Tashkent",Unknown,Tashkent,Unknown
293,,,male,59.0,001-521-756-7290,North Vanessaberg,,2020-06-02 06:08:23,data science,,inactive,15.5,average,114.0,2009-08-04 00:00:00,"West Josephville 28-kv, dom 45, Tashkent","{'hobbies': ['floor', 'notice'], 'skills': {'tech': {'python': 2, 'excel': 3, 'sql': 5}, 'soft': ['sign', 'throughout']}, 'family': {'siblings': 2, 'income': {'father': 486, 'mother': 1054}}, 'devices': [{'type': 'laptop', 'brand': 'Lenovo', 'year': 2017}, {'type': 'phone', 'brand': 'Xiaomi', 'year': 2018}]}",False,missing,0015217567290,+998 21 756 72 90,Unknown,"floor, notice",2.0,3.0,5.0,2.0,"sign, throughout",2.0,486.0,1054.0,1540.0,2,True,True,2018,"laptop, phone","Lenovo, Xiaomi","West Josephville 28-kv, dom 45, Tashkent",Unknown,Tashkent,Unknown
294,Wendy Dunn,,FEMALE,,,Stewarttown,rubencunningham@@hotmail.com,1986-05-29 00:00:00,ds,,active,,good,17600.0,2022-09-16 05:31:23,UZ 100431 Tashkent Garciafort,"{""hobbies"": [""make"", ""area""], ""skills"": {""tech"": {""python"": 1, ""excel"": 3, ""sql"": 5}, ""soft"": [""produce"", ""page""]}, ""family"": {""siblings"": 3, ""income"": {""father"": 1047, ""mother"": 811}}, ""devices"": [{""type"": ""laptop"", ""brand"": ""Dell"", ""year"": 2021}, {""type"": ""phone"", ""brand"": ""Apple"", ""year"": 2020}]}",False,invalid_format,,,,"make, area",1.0,3.0,5.0,2.0,"produce, page",3.0,1047.0,811.0,1858.0,2,True,True,2021,"laptop, phone","Dell, Apple",UZ 100431 Tashkent Garciafort,100431,Tashkent,Unknown
295,Elizabeth Nelson,,female,84.0,,West Kenneth,,1986-11-02 00:00:00,Pyhton,110,inactive,0.0,excellent,151.0,2010-07-21 00:00:00,"Apartment 31, Lake Karen district, Tashkent, UZ, 100697",INVALID_JSON_DATA,False,missing,,,,,,,,,,,,,,0,False,False,0,,,"Apartment 31, Lake Karen district, Tashkent, UZ, 100697",100697,Tashkent,Karen
296,,19,fmale,,(942)993-4964x8673,East Robinstad,,2020-11-24 23:10:21,python,,pending,,,284.0,1980-03-07 15:28:05,"36436 Gamble Freeway Suite 098, Jeanstad","{""hobbies"": [""anything"", ""long""], ""skills"": {""tech"": {""python"": 5, ""excel"": 1, ""sql"": 3}, ""soft"": [""field"", ""fast""]}, ""family"": {""siblings"": 2, ""income"": {""father"": 1303, ""mother"": 1219}}, ""devices"": [{""type"": ""laptop"", ""brand"": ""Lenovo"", ""year"": 2021}, {""type"": ""phone"", ""brand"": ""Apple"", ""year"": 2024}]}",False,missing,94299349648673,+998 34 964 86 73,Unknown,"anything, long",5.0,1.0,3.0,2.0,"field, fast",2.0,1303.0,1219.0,2522.0,2,True,True,2024,"laptop, phone","Lenovo, Apple","36436 Gamble Freeway Suite 098, Jeanstad",36436,Unknown,Unknown
297,Tiffany Reyes,18,MALE,91.0,899-991-8816,South Pamela,sanchezkevin@yahoo.com,1975-09-06 21:44:00,PYTHNO,110,inactive,37.0,good,111.0,1970-12-04 00:00:00,"BROKEN,ADDRESS,DATA,,,","{'hobbies': ['half', 'wind'], 'skills': {'tech': {'python': 5, 'excel': 1, 'sql': 3}, 'soft': ['create', 'word']}, 'family': {'siblings': 3, 'income': {'father': 524, 'mother': 1494}}, 'devices': [{'type': 'laptop', 'brand': 'Dell', 'year': 2023}, {'type': 'phone', 'brand': 'Apple', 'year': 2019}]}",True,valid,8999918816,+998 99 991 88 16,Uzbektelecom,"half, wind",5.0,1.0,3.0,2.0,"create, word",3.0,524.0,1494.0,2018.0,2,True,True,2023,"laptop, phone","Dell, Apple","BROKEN,ADDRESS,DATA,,,",Unknown,Unknown,Unknown
298,,18,MALE,78.0,,Port Hayleyport,,2019-06-20 00:00:00,Data Science,76,active,,good,219.0,2022-04-19 00:00:00,"5327 Anthony Rest, Russellfort","{hobbies:['into', 'office']}",False,missing,,,,,,,,,,,,,,0,False,False,0,,,"5327 Anthony Rest, Russellfort",Unknown,Unknown,Unknown
299,Vincent Collins,18,Male,,143-955-0610x77941,West Jamie,melissa37@@burnett.com,1999-03-25 00:00:00,PYTHNO,,pending,-2.0,average,20600.0,2023-03-16 09:08:26,"780 William Summit Apt. 320, Shawnstad","{'hobbies': ['million', 'over'], 'skills': {'tech': {'python': 2, 'excel': 1, 'sql': 1}, 'soft': ['stop', 'enough']}, 'family': {'siblings': 5, 'income': {'father': 1419, 'mother': 1065}}, 'devices': [{'type': 'laptop', 'brand': 'Dell', 'year': 2023}, {'type': 'phone', 'brand': 'Samsung', 'year': 2024}]}",False,invalid_format,143955061077941,+998 06 107 79 41,Unknown,"million, over",2.0,1.0,1.0,2.0,"stop, enough",5.0,1419.0,1065.0,2484.0,2,True,True,2024,"laptop, phone","Dell, Samsung","780 William Summit Apt. 320, Shawnstad",Unknown,Unknown,Unknown
300,Jared Mckinney,18,,,001-513-637-7267x454,Jacksonbury,elizabeth02@hotmail.com,1973-09-09 00:00:00,Data Science,102,inactive,15.5,,258.0,2021-02-09 00:00:00,"Apartment 19, North Teresaberg district, Tashkent, UZ, 100009","{""hobbies"": [""finish"", ""age""], ""skills"": {""tech"": {""python"": 3, ""excel"": 1, ""sql"": 4}, ""soft"": [""win"", ""fall""]}, ""family"": {""siblings"": 4, ""income"": {""father"": 1342, ""mother"": 1266}}, ""devices"": [{""type"": ""laptop"", ""brand"": ""HP"", ""year"": 2017}, {""type"": ""phone"", ""brand"": ""Samsung"", ""year"": 2021}]}",True,valid,0015136377267454,+998 37 726 74 54,Unknown,"finish, age",3.0,1.0,4.0,2.0,"win, fall",4.0,1342.0,1266.0,2608.0,2,True,True,2021,"laptop, phone","HP, Samsung","Apartment 19, North Teresaberg district, Tashkent, UZ, 100009",100009,Tashkent,Teresaberg
301,Andrew Andrews,18,MALE,74.0,,Aprilberg,gcastillo@bishop.info,1995-05-03 21:16:50,PYTHNO,110,pending,-2.0,,244.0,1981-04-20 15:02:00,"410 Baker Cliffs, South Ian","{'hobbies': ['remain', 'management'], 'skills': {'tech': {'python': 2, 'excel': 3, 'sql': 3}, 'soft': ['analysis', 'respond']}, 'family': {'siblings': 0, 'income': {'father': 642, 'mother': 773}}, 'devices': [{'type': 'laptop', 'brand': 'Lenovo', 'year': 2024}, {'type': 'phone', 'brand': 'Samsung', 'year': 2018}]}",True,valid,,,,"remain, management",2.0,3.0,3.0,2.0,"analysis, respond",0.0,642.0,773.0,1415.0,2,True,True,2024,"laptop, phone","Lenovo, Samsung","410 Baker Cliffs, South Ian",Unknown,Unknown,Unknown
302,Leah Taylor,18,,94.0,,Richardmouth,,1986-09-17 03:10:31,PYTHNO,101,active,,excellent,121.0,2009-04-05 17:03:17,"Apartment 50, Johnsonfurt district, Tashkent, UZ, 100029","{hobbies:['eat', 'smile']}",False,missing,,,,,,,,,,,,,,0,False,False,0,,,"Apartment 50, Johnsonfurt district, Tashkent, UZ, 100029",100029,Tashkent,Johnsonfurt
303,Lawrence Smith,,femlae,,004.288.8164x219,South Erinville,someonegmail.com,2007-07-07 00:00:00,PYTHNO,,active,0.0,good,9400.0,1974-04-22 00:00:00,"663 Cook Lodge Apt. 565, Yustad","{'hobbies': ['part', 'according'], 'skills': {'tech': {'python': 4, 'excel': 4, 'sql': 3}, 'soft': ['continue', 'modern']}, 'family': {'siblings': 3, 'income': {'father': 1134, 'mother': 809}}, 'devices': [{'type': 'laptop', 'brand': 'HP', 'year': 2018}, {'type': 'phone', 'brand': 'Xiaomi', 'year': 2020}]}",False,invalid_format,0042888164219,+998 88 816 42 19,Unknown,"part, according",4.0,4.0,3.0,2.0,"continue, modern",3.0,1134.0,809.0,1943.0,2,True,True,2020,"laptop, phone","HP, Xiaomi","663 Cook Lodge Apt. 565, Yustad",Unknown,Unknown,Unknown
304,John Collier,18,,,457.743.1966,Mathewsland,?ali@@gmail..com,2019-07-01 14:27:24,python,98,pending,-2.0,excellent,223.0,2015-06-08 17:05:00,UZ 100024 Tashkent West Jessicafurt,"{'hobbies': ['lose', 'reach'], 'skills': {'tech': {'python': 4, 'excel': 4, 'sql': 4}, 'soft': ['table', 'someone']}, 'family': {'siblings': 1, 'income': {'father': 856, 'mother': 1449}}, 'devices': [{'type': 'laptop', 'brand': 'Dell', 'year': 2017}, {'type': 'phone', 'brand': 'Xiaomi', 'year': 2019}]}",False,invalid_format,4577431966,+998 57 743 19 66,Unknown,"lose, reach",4.0,4.0,4.0,2.0,"table, someone",1.0,856.0,1449.0,2305.0,2,True,True,2019,"laptop, phone","Dell, Xiaomi",UZ 100024 Tashkent West Jessicafurt,100024,Tashkent,Unknown
305,Kenneth Mcdonald,18,male,,(152)786-4631x53723,Aliciaton,mind,1983-01-27 00:00:00,data-sciens,,pending,-2.0,excellent,146.0,2003-03-06 00:00:00,"BROKEN,ADDRESS,DATA,,,","{'hobbies': ['modern', 'exactly'], 'skills': {'tech': {'python': 4, 'excel': 5, 'sql': 3}, 'soft': ['put', 'central']}, 'family': {'siblings': 0, 'income': {'father': 1331, 'mother': 223}}, 'devices': [{'type': 'laptop', 'brand': 'HP', 'year': 2020}, {'type': 'phone', 'brand': 'Samsung', 'year': 2024}]}",False,invalid_format,152786463153723,+998 46 315 37 23,Unknown,"modern, exactly",4.0,5.0,3.0,2.0,"put, central",0.0,1331.0,223.0,1554.0,2,True,True,2024,"laptop, phone","HP, Samsung","BROKEN,ADDRESS,DATA,,,",Unknown,Unknown,Unknown
306,Kayla Martinez,18,FEMALE,,,Nelsonshire,singhmicheal@gmail.com,2023-09-16 06:01:07,ds,105,active,0.0,,24300.0,1997-11-20 20:49:58,"Christopherhaven 7-kv, dom 45, Tashkent","{'hobbies': ['cost', 'computer'], 'skills': {'tech': {'python': 5, 'excel': 2, 'sql': 5}, 'soft': ['safe', 'manager']}, 'family': {'siblings': 5, 'income': {'father': 363, 'mother': 462}}, 'devices': [{'type': 'laptop', 'brand': 'Lenovo', 'year': 2015}, {'type': 'phone', 'brand': 'Samsung', 'year': 2019}]}",True,valid,,,,"cost, computer",5.0,2.0,5.0,2.0,"safe, manager",5.0,363.0,462.0,825.0,2,True,True,2019,"laptop, phone","Lenovo, Samsung","Christopherhaven 7-kv, dom 45, Tashkent",Unknown,Tashkent,Unknown
307,Ruth Edwards,21,Male,65.0,001-739-105-6737x8553,Johnmouth,brother,2003-04-17 14:53:03,d.s.,,pending,4.47,excellent,13300.0,1980-08-28 01:19:06,"Apartment 44, Jonesmouth district, Tashkent, UZ, 100100",INVALID_JSON_DATA,False,invalid_format,00173910567378553,+998 56 737 85 53,Unknown,,,,,,,,,,,0,False,False,0,,,"Apartment 44, Jonesmouth district, Tashkent, UZ, 100100",100100,Tashkent,Jonesmouth
308,Kyle Brown,,fmale,,+1-723-892-5634x4761,West Jennifer,health,2021-07-08 05:29:06,Pyhton,116,pending,-2.0,excellent,56.0,1985-05-22 00:00:00,"1120 Brittany Cliffs Suite 826, New Jordan","{'hobbies': ['conference', 'citizen'], 'skills': {'tech': {'python': 3, 'excel': 5, 'sql': 1}, 'soft': ['outside', 'ball']}, 'family': {'siblings': 5, 'income': {'father': 951, 'mother': 988}}, 'devices': [{'type': 'laptop', 'brand': 'Dell', 'year': 2023}, {'type': 'phone', 'brand': 'Apple', 'year': 2021}]}",False,invalid_format,172389256344761,+998 25 634 47 61,Unknown,"conference, citizen",3.0,5.0,1.0,2.0,"outside, ball",5.0,951.0,988.0,1939.0,2,True,True,2023,"laptop, phone","Dell, Apple","1120 Brittany Cliffs Suite 826, New Jordan",Unknown,Unknown,Unknown
309,,18,femlae,68.0,792.197.1892x368,Lake Andreaburgh,?ali@@gmail..com,2005-11-26 00:49:43,DATA SCIENCE,71,inactive,-2.0,good,131.0,1976-06-21 23:43:21,"10040 West Lakes Suite 279, East Samanthaland","{hobbies:['serve', 'knowledge']}",False,invalid_format,7921971892368,+998 97 189 23 68,Uzmobile,,,,,,,,,,,0,False,False,0,,,"10040 West Lakes Suite 279, East Samanthaland",10040,Unknown,Unknown
310,Rachel Parker,21,Male,65.0,,Jordanberg,,1974-01-07 00:00:00,python,110,inactive,,,149.0,2015-02-09 14:36:27,UZ 100076 Tashkent Port Lauren,"{'hobbies': ['suddenly', 'culture'], 'skills': {'tech': {'python': 1, 'excel': 3, 'sql': 5}, 'soft': ['head', 'old']}, 'family': {'siblings': 3, 'income': {'father': 526, 'mother': 1121}}, 'devices': [{'type': 'laptop', 'brand': 'Dell', 'year': 2020}, {'type': 'phone', 'brand': 'Xiaomi', 'year': 2021}]}",False,missing,,,,"suddenly, culture",1.0,3.0,5.0,2.0,"head, old",3.0,526.0,1121.0,1647.0,2,True,True,2021,"laptop, phone","Dell, Xiaomi",UZ 100076 Tashkent Port Lauren,100076,Tashkent,Unknown
311,Katherine Clark,20,fmale,97.0,,East Gabriellamouth,someonegmail.com,2025-04-24 20:11:00,data_sciense,110,active,,good,19700.0,1999-06-26 03:58:13,"Michaelburgh 6-kv, dom 30, Tashkent",INVALID_JSON_DATA,False,invalid_format,,,,,,,,,,,,,,0,False,False,0,,,"Michaelburgh 6-kv, dom 30, Tashkent",Unknown,Tashkent,Unknown
312,,18,MALE,,(207)457-8185x22467,Lake Jasmine,?ali@@gmail..com,2001-06-10 19:42:00,data-sciens,110,active,4.29,excellent,298.0,1997-01-05 00:00:00,"Sharonland 2-kv, dom 45, Tashkent","{'hobbies': ['far', 'officer'], 'skills': {'tech': {'python': 2, 'excel': 1, 'sql': 3}, 'soft': ['sure', 'son']}, 'family': {'siblings': 3, 'income': {'father': 1378, 'mother': 513}}, 'devices': [{'type': 'laptop', 'brand': 'Dell', 'year': 2022}, {'type': 'phone', 'brand': 'Xiaomi', 'year': 2020}]}",False,invalid_format,207457818522467,+998 81 852 24 67,Unknown,"far, officer",2.0,1.0,3.0,2.0,"sure, son",3.0,1378.0,513.0,1891.0,2,True,True,2022,"laptop, phone","Dell, Xiaomi","Sharonland 2-kv, dom 45, Tashkent",Unknown,Tashkent,Unknown
313,Willie Hoover,20,female,,001-903-025-6001x9218,Fullermouth,holmessteven@hotmail.com,2009-12-25 00:00:00,Pyhton,,inactive,-2.0,average,248.0,1980-05-04 00:00:00,"Murraymouth 19-kv, dom 29, Tashkent","{'hobbies': ['pass', 'staff'], 'skills': {'tech': {'python': 4, 'excel': 2, 'sql': 1}, 'soft': ['specific', 'reduce']}, 'family': {'siblings': 3, 'income': {'father': 508, 'mother': 1273}}, 'devices': [{'type': 'laptop', 'brand': 'Lenovo', 'year': 2015}, {'type': 'phone', 'brand': 'Apple', 'year': 2023}]}",True,valid,00190302560019218,+998 56 001 92 18,Unknown,"pass, staff",4.0,2.0,1.0,2.0,"specific, reduce",3.0,508.0,1273.0,1781.0,2,True,True,2023,"laptop, phone","Lenovo, Apple","Murraymouth 19-kv, dom 29, Tashkent",Unknown,Tashkent,Unknown
314,Jennifer Johnson,18,FEMALE,,+1-149-210-2553,Turnerberg,?ali@@gmail..com,2002-02-04 04:27:49,PYTHNO,66,pending,37.0,excellent,154.0,2024-06-23 00:00:00,"Apartment 15, Pittmanchester district, Tashkent, UZ, 100280",INVALID_JSON_DATA,False,invalid_format,11492102553,+998 49 210 25 53,Unknown,,,,,,,,,,,0,False,False,0,,,"Apartment 15, Pittmanchester district, Tashkent, UZ, 100280",100280,Tashkent,Pittmanchester
315,Joanne Lopez,,MALE,,979-439-5549x610,Adrianabury,,2024-04-05 00:00:00,python,110,inactive,15.5,average,98.0,1973-10-08 00:00:00,"02174 Jennifer Greens Apt. 839, Morenomouth","{hobbies:['response', 'note']}",False,missing,9794395549610,+998 39 554 96 10,Unknown,,,,,,,,,,,0,False,False,0,,,"02174 Jennifer Greens Apt. 839, Morenomouth",02174,Unknown,Unknown
316,Michele Hogan,20,Male,,+1-807-995-5165x799,Burgessside,ssmith@hotmail.com,1980-05-22 02:05:36,Data Science,110,active,15.5,average,128.0,1982-12-24 00:00:00,"BROKEN,ADDRESS,DATA,,,","{'hobbies': ['operation', 'toward'], 'skills': {'tech': {'python': 1, 'excel': 2, 'sql': 4}, 'soft': ['performance', 'building']}, 'family': {'siblings': 3, 'income': {'father': 869, 'mother': 375}}, 'devices': [{'type': 'laptop', 'brand': 'Dell', 'year': 2023}, {'type': 'phone', 'brand': 'Apple', 'year': 2023}]}",True,valid,18079955165799,+998 95 516 57 99,Uzmobile,"operation, toward",1.0,2.0,4.0,2.0,"performance, building",3.0,869.0,375.0,1244.0,2,True,True,2023,"laptop, phone","Dell, Apple","BROKEN,ADDRESS,DATA,,,",Unknown,Unknown,Unknown
317,Mackenzie Haas,19,Female,64.0,,New Bruce,,1976-09-05 17:43:53,ds,110,pending,-2.0,,128.0,1988-02-06 00:00:00,"New Charles 14-kv, dom 1, Tashkent","{'hobbies': ['capital', 'produce'], 'skills': {'tech': {'python': 3, 'excel': 5, 'sql': 3}, 'soft': ['over', 'condition']}, 'family': {'siblings': 3, 'income': {'father': 1137, 'mother': 881}}, 'devices': [{'type': 'laptop', 'brand': 'Dell', 'year': 2019}, {'type': 'phone', 'brand': 'Samsung', 'year': 2022}]}",False,missing,,,,"capital, produce",3.0,5.0,3.0,2.0,"over, condition",3.0,1137.0,881.0,2018.0,2,True,True,2022,"laptop, phone","Dell, Samsung","New Charles 14-kv, dom 1, Tashkent",Unknown,Tashkent,Unknown
318,Sarah Perez MD,19,male,75.0,,East Erik,ericphillips@@ramirez.com,2023-02-07 23:33:04,data_sciense,,pending,0.0,good,216.0,2021-07-16 13:41:46,"BROKEN,ADDRESS,DATA,,,","{'hobbies': ['stand', 'father'], 'skills': {'tech': {'python': 4, 'excel': 4, 'sql': 1}, 'soft': ['meeting', 'parent']}, 'family': {'siblings': 5, 'income': {'father': 824, 'mother': 1340}}, 'devices': [{'type': 'laptop', 'brand': 'Dell', 'year': 2017}, {'type': 'phone', 'brand': 'Xiaomi', 'year': 2024}]}",False,invalid_format,,,,"stand, father",4.0,4.0,1.0,2.0,"meeting, parent",5.0,824.0,1340.0,2164.0,2,True,True,2024,"laptop, phone","Dell, Xiaomi","BROKEN,ADDRESS,DATA,,,",Unknown,Unknown,Unknown
319,Carolyn Moreno,22,Male,82.0,,West Randy,williamslarry@hotmail.com,1986-08-30 00:00:00,python,110,pending,15.5,excellent,23000.0,2022-10-29 02:24:24,"BROKEN,ADDRESS,DATA,,,","{'hobbies': ['responsibility', 'read'], 'skills': {'tech': {'python': 3, 'excel': 3, 'sql': 1}, 'soft': ['civil', 'shoulder']}, 'family': {'siblings': 1, 'income': {'father': 319, 'mother': 400}}, 'devices': [{'type': 'laptop', 'brand': 'HP', 'year': 2023}, {'type': 'phone', 'brand': 'Apple', 'year': 2021}]}",True,valid,,,,"responsibility, read",3.0,3.0,1.0,2.0,"civil, shoulder",1.0,319.0,400.0,719.0,2,True,True,2023,"laptop, phone","HP, Apple","BROKEN,ADDRESS,DATA,,,",Unknown,Unknown,Unknown
320,Joshua Ross,20,,67.0,001-676-885-1567x322,Stanleymouth,?ali@@gmail..com,2023-08-04 00:00:00,PYTHNO,97,pending,,average,175.0,2012-12-04 00:00:00,"6771 Miller Crescent, Port Sarah","{""hobbies"": [""great"", ""necessary""], ""skills"": {""tech"": {""python"": 3, ""excel"": 4, ""sql"": 3}, ""soft"": [""sometimes"", ""president""]}, ""family"": {""siblings"": 0, ""income"": {""father"": 635, ""mother"": 304}}, ""devices"": [{""type"": ""laptop"", ""brand"": ""HP"", ""year"": 2017}, {""type"": ""phone"", ""brand"": ""Apple"", ""year"": 2024}]}",False,invalid_format,0016768851567322,+998 85 156 73 22,Unknown,"great, necessary",3.0,4.0,3.0,2.0,"sometimes, president",0.0,635.0,304.0,939.0,2,True,True,2024,"laptop, phone","HP, Apple","6771 Miller Crescent, Port Sarah",Unknown,Unknown,Unknown
321,Shawn Collins,22,Female,,,Brittanyburgh,someonegmail.com,1985-01-05 00:00:00,ds,,pending,37.0,excellent,19300.0,2020-09-15 15:09:36,"Apartment 25, New Dawnburgh district, Tashkent, UZ, 100666","{'hobbies': ['evening', 'animal'], 'skills': {'tech': {'python': 3, 'excel': 1, 'sql': 1}, 'soft': ['page', 'woman']}, 'family': {'siblings': 3, 'income': {'father': 1288, 'mother': 465}}, 'devices': [{'type': 'laptop', 'brand': 'HP', 'year': 2017}, {'type': 'phone', 'brand': 'Apple', 'year': 2023}]}",False,invalid_format,,,,"evening, animal",3.0,1.0,1.0,2.0,"page, woman",3.0,1288.0,465.0,1753.0,2,True,True,2023,"laptop, phone","HP, Apple","Apartment 25, New Dawnburgh district, Tashkent, UZ, 100666",100666,Tashkent,Dawnburgh
322,Antonio Bryan,22,Female,,,Lake Helen,adavis@hotmail.com,2010-04-14 00:00:00,ds,87,inactive,,good,221.0,2025-05-15 00:00:00,"Apartment 19, East Connie district, Tashkent, UZ, 100047","{""hobbies"": [""bring"", ""sea""], ""skills"": {""tech"": {""python"": 4, ""excel"": 2, ""sql"": 3}, ""soft"": [""heart"", ""thank""]}, ""family"": {""siblings"": 3, ""income"": {""father"": 721, ""mother"": 564}}, ""devices"": [{""type"": ""laptop"", ""brand"": ""Dell"", ""year"": 2017}, {""type"": ""phone"", ""brand"": ""Samsung"", ""year"": 2022}]}",True,valid,,,,"bring, sea",4.0,2.0,3.0,2.0,"heart, thank",3.0,721.0,564.0,1285.0,2,True,True,2022,"laptop, phone","Dell, Samsung","Apartment 19, East Connie district, Tashkent, UZ, 100047",100047,Tashkent,Connie
323,Barry Oneill,22,fmale,87.0,,East Emilyport,investment,1991-03-26 00:00:00,DATA SCIENCE,,active,15.5,excellent,279.0,2011-07-28 00:00:00,"316 Elizabeth Run, South Jamesport","{""hobbies"": [""moment"", ""also""], ""skills"": {""tech"": {""python"": 5, ""excel"": 3, ""sql"": 1}, ""soft"": [""operation"", ""pretty""]}, ""family"": {""siblings"": 4, ""income"": {""father"": 471, ""mother"": 1028}}, ""devices"": [{""type"": ""laptop"", ""brand"": ""Lenovo"", ""year"": 2017}, {""type"": ""phone"", ""brand"": ""Apple"", ""year"": 2020}]}",False,invalid_format,,,,"moment, also",5.0,3.0,1.0,2.0,"operation, pretty",4.0,471.0,1028.0,1499.0,2,True,True,2020,"laptop, phone","Lenovo, Apple","316 Elizabeth Run, South Jamesport",Unknown,Unknown,Unknown
324,,,female,65.0,(786)048-2231,Jillside,?ali@@gmail..com,2013-10-16 00:00:00,data-sciens,110,pending,-2.0,,187.0,2023-08-16 21:29:44,"BROKEN,ADDRESS,DATA,,,",INVALID_JSON_DATA,False,invalid_format,7860482231,+998 86 048 22 31,Unknown,,,,,,,,,,,0,False,False,0,,,"BROKEN,ADDRESS,DATA,,,",Unknown,Unknown,Unknown
325,Nicholas Bell,20,FEMALE,,,Bowenfort,?ali@@gmail..com,2000-07-12 00:00:00,DATA SCIENCE,110,pending,15.5,excellent,223.0,1979-03-19 08:45:49,UZ 100190 Tashkent North Miranda,"{hobbies:['prepare', 'heavy']}",False,invalid_format,,,,,,,,,,,,,,0,False,False,0,,,UZ 100190 Tashkent North Miranda,100190,Tashkent,Unknown
326,Micheal Knapp,,female,87.0,544.113.4366x966,Lauraport,thomaswilliams@@gmail.com,2022-10-05 20:05:25,data-sciens,64,active,,excellent,229.0,2011-03-25 07:47:00,"West Robertburgh 4-kv, dom 9, Tashkent","{'hobbies': ['evidence', 'start'], 'skills': {'tech': {'python': 5, 'excel': 1, 'sql': 5}, 'soft': ['call', 'per']}, 'family': {'siblings': 3, 'income': {'father': 1235, 'mother': 1300}}, 'devices': [{'type': 'laptop', 'brand': 'HP', 'year': 2017}, {'type': 'phone', 'brand': 'Apple', 'year': 2020}]}",False,invalid_format,5441134366966,+998 13 436 69 66,Unknown,"evidence, start",5.0,1.0,5.0,2.0,"call, per",3.0,1235.0,1300.0,2535.0,2,True,True,2020,"laptop, phone","HP, Apple","West Robertburgh 4-kv, dom 9, Tashkent",Unknown,Tashkent,Unknown
327,,21,,,382.405.8081,Lake Christopher,johnsonjames@@mcdonald-smith.com,2002-04-17 00:00:00,Pyhton,96,active,37.0,average,140.0,1984-08-23 21:23:37,"Apartment 11, Port Calebtown district, Tashkent, UZ, 100670","{""hobbies"": [""others"", ""you""], ""skills"": {""tech"": {""python"": 1, ""excel"": 1, ""sql"": 3}, ""soft"": [""serious"", ""onto""]}, ""family"": {""siblings"": 1, ""income"": {""father"": 1218, ""mother"": 581}}, ""devices"": [{""type"": ""laptop"", ""brand"": ""HP"", ""year"": 2016}, {""type"": ""phone"", ""brand"": ""Samsung"", ""year"": 2021}]}",False,invalid_format,3824058081,+998 82 405 80 81,Unknown,"others, you",1.0,1.0,3.0,2.0,"serious, onto",1.0,1218.0,581.0,1799.0,2,True,True,2021,"laptop, phone","HP, Samsung","Apartment 11, Port Calebtown district, Tashkent, UZ, 100670",100670,Tashkent,Calebtown
328,,19,Female,,744-565-4885x74657,Rossborough,?ali@@gmail..com,1998-07-13 00:00:00,python,,inactive,4.02,excellent,167.0,2021-05-11 16:59:02,UZ 100074 Tashkent New Rodney,"{hobbies:['charge', 'energy']}",False,invalid_format,744565488574657,+998 48 857 46 57,Unknown,,,,,,,,,,,0,False,False,0,,,UZ 100074 Tashkent New Rodney,100074,Tashkent,Unknown
329,,,Male,,(646)635-8123x24076,North Rodneychester,?ali@@gmail..com,1974-07-10 00:00:00,ds,110,pending,0.0,good,106.0,2018-09-27 19:54:00,"607 Torres Brook Suite 210, South Joy","{'hobbies': ['institution', 'forget'], 'skills': {'tech': {'python': 5, 'excel': 3, 'sql': 4}, 'soft': ['go', 'prepare']}, 'family': {'siblings': 1, 'income': {'father': 1324, 'mother': 1202}}, 'devices': [{'type': 'laptop', 'brand': 'Dell', 'year': 2018}, {'type': 'phone', 'brand': 'Xiaomi', 'year': 2018}]}",False,invalid_format,646635812324076,+998 81 232 40 76,Unknown,"institution, forget",5.0,3.0,4.0,2.0,"go, prepare",1.0,1324.0,1202.0,2526.0,2,True,True,2018,"laptop, phone","Dell, Xiaomi","607 Torres Brook Suite 210, South Joy",Unknown,Unknown,Unknown
330,Joseph Johnson,,male,,(024)744-6407,Luisport,johnyoung@yahoo.com,1998-09-06 02:39:28,ds,110,inactive,,good,5700.0,1996-06-25 02:28:00,UZ 100700 Tashkent Shaunfort,"{'hobbies': ['spring', 'either'], 'skills': {'tech': {'python': 1, 'excel': 5, 'sql': 4}, 'soft': ['region', 'court']}, 'family': {'siblings': 0, 'income': {'father': 574, 'mother': 1222}}, 'devices': [{'type': 'laptop', 'brand': 'Lenovo', 'year': 2017}, {'type': 'phone', 'brand': 'Samsung', 'year': 2020}]}",True,valid,0247446407,+998 24 744 64 07,Unknown,"spring, either",1.0,5.0,4.0,2.0,"region, court",0.0,574.0,1222.0,1796.0,2,True,True,2020,"laptop, phone","Lenovo, Samsung",UZ 100700 Tashkent Shaunfort,100700,Tashkent,Unknown
331,,20,MALE,,,Zacharyside,?ali@@gmail..com,2000-02-05 00:00:00,Pyhton,110,inactive,,,262.0,2001-01-11 00:00:00,"BROKEN,ADDRESS,DATA,,,","{hobbies:['fund', 'study']}",False,invalid_format,,,,,,,,,,,,,,0,False,False,0,,,"BROKEN,ADDRESS,DATA,,,",Unknown,Unknown,Unknown
332,,21,fmale,93.0,+1-493-865-9765x810,Jennaborough,brianmarsh@yahoo.com,1998-09-27 00:00:00,ds,,inactive,0.0,excellent,140.0,2013-02-07 22:31:00,"West Patrickberg 13-kv, dom 41, Tashkent","{'hobbies': ['dinner', 'cause'], 'skills': {'tech': {'python': 3, 'excel': 1, 'sql': 3}, 'soft': ['traditional', 'security']}, 'family': {'siblings': 2, 'income': {'father': 843, 'mother': 1477}}, 'devices': [{'type': 'laptop', 'brand': 'Dell', 'year': 2021}, {'type': 'phone', 'brand': 'Apple', 'year': 2019}]}",True,valid,14938659765810,+998 65 976 58 10,Unknown,"dinner, cause",3.0,1.0,3.0,2.0,"traditional, security",2.0,843.0,1477.0,2320.0,2,True,True,2021,"laptop, phone","Dell, Apple","West Patrickberg 13-kv, dom 41, Tashkent",Unknown,Tashkent,Unknown
333,,20,female,57.0,001-883-492-9817,Deanberg,doughertydavid@carrillo-decker.com,2009-05-18 00:00:00,d.s.,110,inactive,37.0,excellent,246.0,1978-09-18 00:00:00,"South Kylebury 23-kv, dom 5, Tashkent","{hobbies:['may', 'beautiful']}",True,valid,0018834929817,+998 83 492 98 17,Unknown,,,,,,,,,,,0,False,False,0,,,"South Kylebury 23-kv, dom 5, Tashkent",Unknown,Tashkent,Unknown
334,Fred Griffith,18,Male,70.0,,South Lynnberg,someonegmail.com,1995-06-11 00:00:00,data science,88,inactive,15.5,excellent,6700.0,2020-02-29 00:00:00,"BROKEN,ADDRESS,DATA,,,","{hobbies:['audience', 'bed']}",False,invalid_format,,,,,,,,,,,,,,0,False,False,0,,,"BROKEN,ADDRESS,DATA,,,",Unknown,Unknown,Unknown
335,David Taylor,,female,,,Haroldborough,?ali@@gmail..com,1991-05-08 21:18:00,data_sciense,110,inactive,3.2,good,91.0,1991-07-23 00:00:00,"Apartment 15, North Angela district, Tashkent, UZ, 100462","{'hobbies': ['during', 'social'], 'skills': {'tech': {'python': 2, 'excel': 5, 'sql': 2}, 'soft': ['for', 'mission']}, 'family': {'siblings': 2, 'income': {'father': 433, 'mother': 628}}, 'devices': [{'type': 'laptop', 'brand': 'Lenovo', 'year': 2018}, {'type': 'phone', 'brand': 'Xiaomi', 'year': 2019}]}",False,invalid_format,,,,"during, social",2.0,5.0,2.0,2.0,"for, mission",2.0,433.0,628.0,1061.0,2,True,True,2019,"laptop, phone","Lenovo, Xiaomi","Apartment 15, North Angela district, Tashkent, UZ, 100462",100462,Tashkent,Angela
336,Shane Orr,20,fmale,,+1-808-007-2980x18878,Lake Lance,odommeredith@yahoo.com,2023-09-09 06:54:16,Pyhton,,pending,37.0,excellent,166.0,1993-06-13 00:00:00,"Apartment 4, Thomasport district, Tashkent, UZ, 100098",INVALID_JSON_DATA,True,valid,1808007298018878,+998 29 801 88 78,Unknown,,,,,,,,,,,0,False,False,0,,,"Apartment 4, Thomasport district, Tashkent, UZ, 100098",100098,Tashkent,Thomasport
337,Timothy Booth,18,fmale,,001-131-188-4606,Rogersport,someonegmail.com,2004-11-21 00:00:00,data science,70,inactive,37.0,excellent,290.0,1971-02-05 00:00:00,UZ 100264 Tashkent Williamsmouth,"{hobbies:['network', 'democratic']}",False,invalid_format,0011311884606,+998 31 188 46 06,Unknown,,,,,,,,,,,0,False,False,0,,,UZ 100264 Tashkent Williamsmouth,100264,Tashkent,Unknown
338,,19,fmale,74.0,3527855070,North Teresa,,2008-11-19 19:42:27,d.s.,,active,,good,288.0,2023-08-30 16:38:19,UZ 100563 Tashkent East Nicole,INVALID_JSON_DATA,False,missing,3527855070,+998 52 785 50 70,Unknown,,,,,,,,,,,0,False,False,0,,,UZ 100563 Tashkent East Nicole,100563,Tashkent,Unknown
339,,19,Female,,,Port Justinshire,amber74@hotmail.com,2011-08-14 04:51:00,PYTHNO,110,inactive,4.38,,130.0,2023-11-04 00:00:00,"BROKEN,ADDRESS,DATA,,,","{'hobbies': ['beat', 'theory'], 'skills': {'tech': {'python': 4, 'excel': 5, 'sql': 3}, 'soft': ['upon', 'relate']}, 'family': {'siblings': 3, 'income': {'father': 1156, 'mother': 1047}}, 'devices': [{'type': 'laptop', 'brand': 'Lenovo', 'year': 2024}, {'type': 'phone', 'brand': 'Samsung', 'year': 2019}]}",True,valid,,,,"beat, theory",4.0,5.0,3.0,2.0,"upon, relate",3.0,1156.0,1047.0,2203.0,2,True,True,2024,"laptop, phone","Lenovo, Samsung","BROKEN,ADDRESS,DATA,,,",Unknown,Unknown,Unknown
340,James Smith,19,,70.0,+1-059-088-7861x42811,West Lisamouth,of,2021-08-26 00:00:00,python,110,active,-2.0,,176.0,1987-11-27 22:22:06,"Jessicaton 1-kv, dom 15, Tashkent",INVALID_JSON_DATA,False,invalid_format,1059088786142811,+998 78 614 28 11,Unknown,,,,,,,,,,,0,False,False,0,,,"Jessicaton 1-kv, dom 15, Tashkent",Unknown,Tashkent,Unknown
341,Danielle Coleman,19,female,90.0,,East Chloefurt,someonegmail.com,2020-11-01 01:23:22,data science,110,pending,4.3,excellent,299.0,2004-04-15 15:11:36,"BROKEN,ADDRESS,DATA,,,","{'hobbies': ['drive', 'outside'], 'skills': {'tech': {'python': 4, 'excel': 1, 'sql': 5}, 'soft': ['thing', 'several']}, 'family': {'siblings': 1, 'income': {'father': 1251, 'mother': 799}}, 'devices': [{'type': 'laptop', 'brand': 'Dell', 'year': 2016}, {'type': 'phone', 'brand': 'Samsung', 'year': 2024}]}",False,invalid_format,,,,"drive, outside",4.0,1.0,5.0,2.0,"thing, several",1.0,1251.0,799.0,2050.0,2,True,True,2024,"laptop, phone","Dell, Samsung","BROKEN,ADDRESS,DATA,,,",Unknown,Unknown,Unknown
342,Dylan May,,female,73.0,,Aaronberg,probably,1972-03-16 00:00:00,d.s.,,inactive,-2.0,average,227.0,2023-10-20 00:00:00,"Apartment 36, Glennmouth district, Tashkent, UZ, 100438","{'hobbies': ['friend', 'work'], 'skills': {'tech': {'python': 4, 'excel': 5, 'sql': 2}, 'soft': ['black', 'in']}, 'family': {'siblings': 3, 'income': {'father': 324, 'mother': 1139}}, 'devices': [{'type': 'laptop', 'brand': 'Lenovo', 'year': 2022}, {'type': 'phone', 'brand': 'Xiaomi', 'year': 2021}]}",False,invalid_format,,,,"friend, work",4.0,5.0,2.0,2.0,"black, in",3.0,324.0,1139.0,1463.0,2,True,True,2022,"laptop, phone","Lenovo, Xiaomi","Apartment 36, Glennmouth district, Tashkent, UZ, 100438",100438,Tashkent,Glennmouth
343,Leah Anderson,18,Male,,365-090-3299x95429,East Thomasview,michaelchase@hotmail.com,2012-10-19 12:24:00,Pyhton,69,active,0.0,,203.0,2006-08-23 00:00:00,"BROKEN,ADDRESS,DATA,,,",INVALID_JSON_DATA,True,valid,365090329995429,+998 32 999 54 29,Unknown,,,,,,,,,,,0,False,False,0,,,"BROKEN,ADDRESS,DATA,,,",Unknown,Unknown,Unknown
344,April Bennett,19,Female,,3462150714,Norrismouth,someonegmail.com,1986-03-20 16:56:54,python,98,inactive,,,182.0,1978-02-01 00:00:00,"BROKEN,ADDRESS,DATA,,,","{hobbies:['class', 'his']}",False,invalid_format,3462150714,+998 46 215 07 14,Unknown,,,,,,,,,,,0,False,False,0,,,"BROKEN,ADDRESS,DATA,,,",Unknown,Unknown,Unknown
345,,,,68.0,(029)084-6617,West Tyler,jeffreyjohnston@@baldwin.org,1987-04-23 00:00:00,Pyhton,110,active,37.0,average,186.0,2023-05-29 05:54:34,"Coltonborough 27-kv, dom 21, Tashkent","{'hobbies': ['whom', 'price'], 'skills': {'tech': {'python': 4, 'excel': 1, 'sql': 5}, 'soft': ['place', 'debate']}, 'family': {'siblings': 2, 'income': {'father': 290, 'mother': 315}}, 'devices': [{'type': 'laptop', 'brand': 'Lenovo', 'year': 2021}, {'type': 'phone', 'brand': 'Xiaomi', 'year': 2020}]}",False,invalid_format,0290846617,+998 29 084 66 17,Unknown,"whom, price",4.0,1.0,5.0,2.0,"place, debate",2.0,290.0,315.0,605.0,2,True,True,2021,"laptop, phone","Lenovo, Xiaomi","Coltonborough 27-kv, dom 21, Tashkent",Unknown,Tashkent,Unknown
346,Amy Cole,20,femlae,68.0,(712)316-8833x69278,East Samanthachester,jenniferlevy@@carlson-caldwell.com,1977-05-05 20:37:10,data science,114,pending,-2.0,good,224.0,2006-11-12 00:00:00,UZ 100226 Tashkent Port Jimmyberg,"{'hobbies': ['else', 'scientist'], 'skills': {'tech': {'python': 3, 'excel': 1, 'sql': 2}, 'soft': ['whether', 'rock']}, 'family': {'siblings': 5, 'income': {'father': 381, 'mother': 899}}, 'devices': [{'type': 'laptop', 'brand': 'HP', 'year': 2021}, {'type': 'phone', 'brand': 'Samsung', 'year': 2020}]}",False,invalid_format,712316883369278,+998 88 336 92 78,Unknown,"else, scientist",3.0,1.0,2.0,2.0,"whether, rock",5.0,381.0,899.0,1280.0,2,True,True,2021,"laptop, phone","HP, Samsung",UZ 100226 Tashkent Port Jimmyberg,100226,Tashkent,Unknown
347,William Bright,21,,51.0,001-063-974-6472x8189,Carterbury,david32@yahoo.com,2003-09-17 00:00:00,Data Science,,active,37.0,good,234.0,2009-09-05 15:17:09,"North Scott 5-kv, dom 9, Tashkent","{'hobbies': ['unit', 'send'], 'skills': {'tech': {'python': 4, 'excel': 2, 'sql': 2}, 'soft': ['always', 'order']}, 'family': {'siblings': 1, 'income': {'father': 740, 'mother': 774}}, 'devices': [{'type': 'laptop', 'brand': 'Dell', 'year': 2023}, {'type': 'phone', 'brand': 'Xiaomi', 'year': 2019}]}",True,valid,00106397464728189,+998 46 472 81 89,Unknown,"unit, send",4.0,2.0,2.0,2.0,"always, order",1.0,740.0,774.0,1514.0,2,True,True,2023,"laptop, phone","Dell, Xiaomi","North Scott 5-kv, dom 9, Tashkent",Unknown,Tashkent,Unknown
348,Julie Gill,22,,67.0,,Samuelstad,?ali@@gmail..com,2004-06-14 00:00:00,d.s.,,inactive,37.0,,73.0,1970-01-08 00:00:00,"Apartment 24, West James district, Tashkent, UZ, 100774","{'hobbies': ['source', 'person'], 'skills': {'tech': {'python': 2, 'excel': 4, 'sql': 4}, 'soft': ['trouble', 'effect']}, 'family': {'siblings': 2, 'income': {'father': 363, 'mother': 669}}, 'devices': [{'type': 'laptop', 'brand': 'Dell', 'year': 2018}, {'type': 'phone', 'brand': 'Xiaomi', 'year': 2020}]}",False,invalid_format,,,,"source, person",2.0,4.0,4.0,2.0,"trouble, effect",2.0,363.0,669.0,1032.0,2,True,True,2020,"laptop, phone","Dell, Xiaomi","Apartment 24, West James district, Tashkent, UZ, 100774",100774,Tashkent,James
349,,18,Male,86.0,4397702170,Nunezberg,lewispaula@allen.info,1986-08-31 00:00:00,Pyhton,67,active,,good,161.0,1993-02-17 00:00:00,"BROKEN,ADDRESS,DATA,,,","{'hobbies': ['generation', 'report'], 'skills': {'tech': {'python': 1, 'excel': 3, 'sql': 3}, 'soft': ['fire', 'ability']}, 'family': {'siblings': 3, 'income': {'father': 449, 'mother': 549}}, 'devices': [{'type': 'laptop', 'brand': 'Dell', 'year': 2021}, {'type': 'phone', 'brand': 'Samsung', 'year': 2020}]}",True,valid,4397702170,+998 39 770 21 70,Unknown,"generation, report",1.0,3.0,3.0,2.0,"fire, ability",3.0,449.0,549.0,998.0,2,True,True,2021,"laptop, phone","Dell, Samsung","BROKEN,ADDRESS,DATA,,,",Unknown,Unknown,Unknown
350,Megan Nelson,22,fmale,,,Sandrabury,?ali@@gmail..com,2020-10-01 00:00:00,Pyhton,70,active,,excellent,191.0,2022-11-03 19:14:41,"655 Angelica Plaza Suite 842, Hickshaven","{""hobbies"": [""hold"", ""thus""], ""skills"": {""tech"": {""python"": 4, ""excel"": 1, ""sql"": 1}, ""soft"": [""thank"", ""current""]}, ""family"": {""siblings"": 2, ""income"": {""father"": 1220, ""mother"": 1488}}, ""devices"": [{""type"": ""laptop"", ""brand"": ""Dell"", ""year"": 2017}, {""type"": ""phone"", ""brand"": ""Apple"", ""year"": 2020}]}",False,invalid_format,,,,"hold, thus",4.0,1.0,1.0,2.0,"thank, current",2.0,1220.0,1488.0,2708.0,2,True,True,2020,"laptop, phone","Dell, Apple","655 Angelica Plaza Suite 842, Hickshaven",Unknown,Unknown,Unknown
351,Russell Zimmerman,,femlae,93.0,,Port Traceyville,likely,2023-02-20 01:13:11,data_sciense,,active,37.0,average,89.0,2021-01-01 01:26:00,"955 Matthew Row, Angelaside","{'hobbies': ['own', 'tell'], 'skills': {'tech': {'python': 4, 'excel': 2, 'sql': 2}, 'soft': ['share', 'force']}, 'family': {'siblings': 0, 'income': {'father': 1394, 'mother': 719}}, 'devices': [{'type': 'laptop', 'brand': 'Dell', 'year': 2024}, {'type': 'phone', 'brand': 'Apple', 'year': 2019}]}",False,invalid_format,,,,"own, tell",4.0,2.0,2.0,2.0,"share, force",0.0,1394.0,719.0,2113.0,2,True,True,2024,"laptop, phone","Dell, Apple","955 Matthew Row, Angelaside",Unknown,Unknown,Unknown
352,Robert Mack,19,Female,76.0,001-533-284-4792x0493,South April,someonegmail.com,2011-10-07 08:23:00,DATA SCIENCE,71,pending,0.0,average,168.0,1988-01-27 00:00:00,"3169 Brenda Place Suite 788, North Theodore",INVALID_JSON_DATA,False,invalid_format,00153328447920493,+998 44 792 04 93,Unknown,,,,,,,,,,,0,False,False,0,,,"3169 Brenda Place Suite 788, North Theodore",Unknown,Unknown,Unknown
353,Mark Grant,18,Female,83.0,,Brownton,someonegmail.com,2021-06-23 20:39:35,data-sciens,,inactive,0.0,,93.0,2020-05-23 03:37:19,UZ 100049 Tashkent New Wendymouth,"{hobbies:['individual', 'reality']}",False,invalid_format,,,,,,,,,,,,,,0,False,False,0,,,UZ 100049 Tashkent New Wendymouth,100049,Tashkent,Unknown
354,Tamara Branch,22,female,88.0,(592)926-6249x1888,Port Michelle,,2006-05-16 00:00:00,data science,,inactive,37.0,good,187.0,2005-03-31 00:00:00,UZ 100250 Tashkent Wallacechester,"{'hobbies': ['example', 'view'], 'skills': {'tech': {'python': 5, 'excel': 3, 'sql': 1}, 'soft': ['like', 'speech']}, 'family': {'siblings': 3, 'income': {'father': 625, 'mother': 271}}, 'devices': [{'type': 'laptop', 'brand': 'HP', 'year': 2018}, {'type': 'phone', 'brand': 'Xiaomi', 'year': 2021}]}",False,missing,59292662491888,+998 66 249 18 88,Unknown,"example, view",5.0,3.0,1.0,2.0,"like, speech",3.0,625.0,271.0,896.0,2,True,True,2021,"laptop, phone","HP, Xiaomi",UZ 100250 Tashkent Wallacechester,100250,Tashkent,Unknown
355,,18,,,,New Jacob,?ali@@gmail..com,2022-02-09 19:50:00,PYTHNO,110,pending,0.0,,222.0,2011-11-25 16:56:38,"Apartment 29, South Anna district, Tashkent, UZ, 100327","{""hobbies"": [""evening"", ""that""], ""skills"": {""tech"": {""python"": 4, ""excel"": 5, ""sql"": 4}, ""soft"": [""main"", ""soon""]}, ""family"": {""siblings"": 0, ""income"": {""father"": 1434, ""mother"": 1280}}, ""devices"": [{""type"": ""laptop"", ""brand"": ""HP"", ""year"": 2020}, {""type"": ""phone"", ""brand"": ""Xiaomi"", ""year"": 2023}]}",False,invalid_format,,,,"evening, that",4.0,5.0,4.0,2.0,"main, soon",0.0,1434.0,1280.0,2714.0,2,True,True,2023,"laptop, phone","HP, Xiaomi","Apartment 29, South Anna district, Tashkent, UZ, 100327",100327,Tashkent,Anna
356,,,Female,64.0,,Lake Crystalfort,body,2013-07-21 00:00:00,data science,64,pending,0.0,excellent,123.0,2014-08-29 09:15:54,"Jonathanmouth 26-kv, dom 24, Tashkent","{'hobbies': ['indicate', 'unit'], 'skills': {'tech': {'python': 3, 'excel': 2, 'sql': 1}, 'soft': ['design', 'arrive']}, 'family': {'siblings': 1, 'income': {'father': 1391, 'mother': 1437}}, 'devices': [{'type': 'laptop', 'brand': 'HP', 'year': 2023}, {'type': 'phone', 'brand': 'Samsung', 'year': 2021}]}",False,invalid_format,,,,"indicate, unit",3.0,2.0,1.0,2.0,"design, arrive",1.0,1391.0,1437.0,2828.0,2,True,True,2023,"laptop, phone","HP, Samsung","Jonathanmouth 26-kv, dom 24, Tashkent",Unknown,Tashkent,Unknown
357,Vanessa Thomas,,fmale,100.0,587.071.0517,New Mark,including,1979-03-17 00:00:00,data-sciens,110,pending,15.5,,286.0,1986-04-07 00:00:00,"Apartment 41, East George district, Tashkent, UZ, 100734","{hobbies:['sort', 'need']}",False,invalid_format,5870710517,+998 87 071 05 17,Unknown,,,,,,,,,,,0,False,False,0,,,"Apartment 41, East George district, Tashkent, UZ, 100734",100734,Tashkent,George
358,,,fmale,,(130)468-0804,Rickview,hawkinsedward@@conway.com,1991-12-09 10:41:00,python,64,inactive,,,233.0,1971-08-13 00:00:00,"134 Katelyn Alley Apt. 071, New William","{'hobbies': ['ability', 'unit'], 'skills': {'tech': {'python': 1, 'excel': 1, 'sql': 4}, 'soft': ['century', 'seven']}, 'family': {'siblings': 4, 'income': {'father': 440, 'mother': 727}}, 'devices': [{'type': 'laptop', 'brand': 'HP', 'year': 2024}, {'type': 'phone', 'brand': 'Apple', 'year': 2023}]}",False,invalid_format,1304680804,+998 30 468 08 04,Unknown,"ability, unit",1.0,1.0,4.0,2.0,"century, seven",4.0,440.0,727.0,1167.0,2,True,True,2024,"laptop, phone","HP, Apple","134 Katelyn Alley Apt. 071, New William",Unknown,Unknown,Unknown
359,Kathleen Sanchez,22,fmale,70.0,,Lake Ricardo,,1996-10-16 00:00:00,PYTHNO,65,pending,37.0,excellent,230.0,2020-01-28 01:46:00,"36856 Robert Plains Suite 752, East Christineshire","{hobbies:['pressure', 'although']}",False,missing,,,,,,,,,,,,,,0,False,False,0,,,"36856 Robert Plains Suite 752, East Christineshire",36856,Unknown,Unknown
360,,19,,51.0,+1-279-376-9975x071,Campbellville,nconway@roberts.com,2021-06-14 06:33:46,ds,,inactive,,excellent,26900.0,1974-06-13 00:00:00,"3869 Mary Plains, Michaelfort","{""hobbies"": [""recognize"", ""power""], ""skills"": {""tech"": {""python"": 5, ""excel"": 4, ""sql"": 1}, ""soft"": [""strategy"", ""unit""]}, ""family"": {""siblings"": 4, ""income"": {""father"": 773, ""mother"": 1127}}, ""devices"": [{""type"": ""laptop"", ""brand"": ""Lenovo"", ""year"": 2019}, {""type"": ""phone"", ""brand"": ""Xiaomi"", ""year"": 2022}]}",True,valid,12793769975071,+998 76 997 50 71,Unknown,"recognize, power",5.0,4.0,1.0,2.0,"strategy, unit",4.0,773.0,1127.0,1900.0,2,True,True,2022,"laptop, phone","Lenovo, Xiaomi","3869 Mary Plains, Michaelfort",Unknown,Unknown,Unknown
361,Wesley Logan,20,,63.0,972-978-9280x611,New Nathan,crystal65@gmail.com,1972-07-26 00:00:00,data science,117,active,0.0,excellent,221.0,2014-08-12 00:00:00,UZ 100431 Tashkent North Elizabeth,"{""hobbies"": [""girl"", ""thought""], ""skills"": {""tech"": {""python"": 3, ""excel"": 5, ""sql"": 5}, ""soft"": [""personal"", ""before""]}, ""family"": {""siblings"": 5, ""income"": {""father"": 676, ""mother"": 1252}}, ""devices"": [{""type"": ""laptop"", ""brand"": ""Lenovo"", ""year"": 2015}, {""type"": ""phone"", ""brand"": ""Samsung"", ""year"": 2020}]}",True,valid,9729789280611,+998 78 928 06 11,Unknown,"girl, thought",3.0,5.0,5.0,2.0,"personal, before",5.0,676.0,1252.0,1928.0,2,True,True,2020,"laptop, phone","Lenovo, Samsung",UZ 100431 Tashkent North Elizabeth,100431,Tashkent,Unknown
362,,21,MALE,,001-088-404-1392x10292,Lake Austinchester,someonegmail.com,1982-06-14 05:04:27,data_sciense,,pending,,excellent,11000.0,2011-02-28 00:00:00,"9044 Patterson Shoal, East Thomas","{hobbies:['defense', 'author']}",False,invalid_format,001088404139210292,+998 13 921 02 92,Unknown,,,,,,,,,,,0,False,False,0,,,"9044 Patterson Shoal, East Thomas",Unknown,Unknown,Unknown
363,,18,Male,64.0,,Anthonyburgh,kennethingram@@hotmail.com,2007-10-24 00:00:00,data-sciens,,pending,,good,295.0,1996-04-23 00:00:00,"Madelineborough 29-kv, dom 49, Tashkent","{hobbies:['compare', 'theory']}",False,invalid_format,,,,,,,,,,,,,,0,False,False,0,,,"Madelineborough 29-kv, dom 49, Tashkent",Unknown,Tashkent,Unknown
364,Chelsea Green,18,femlae,,,Amymouth,patricia88@@pruitt-dyer.com,2021-08-03 19:29:37,Pyhton,110,active,0.0,,21600.0,1977-07-17 00:00:00,UZ 100288 Tashkent Calebburgh,"{hobbies:['government', 'black']}",False,invalid_format,,,,,,,,,,,,,,0,False,False,0,,,UZ 100288 Tashkent Calebburgh,100288,Tashkent,Unknown
365,David Peterson,20,MALE,95.0,8505095260,Costaville,someonegmail.com,1994-10-27 00:00:00,data science,110,pending,1.42,excellent,230.0,1974-10-24 07:31:59,"Apartment 33, South Amy district, Tashkent, UZ, 100877","{hobbies:['learn', 'hotel']}",False,invalid_format,8505095260,+998 50 509 52 60,Unknown,,,,,,,,,,,0,False,False,0,,,"Apartment 33, South Amy district, Tashkent, UZ, 100877",100877,Tashkent,Amy
366,,,,,,Smithview,jmcclain@@gmail.com,2022-12-03 00:00:00,data science,,active,15.5,,257.0,2003-12-13 00:00:00,"BROKEN,ADDRESS,DATA,,,",INVALID_JSON_DATA,False,invalid_format,,,,,,,,,,,,,,0,False,False,0,,,"BROKEN,ADDRESS,DATA,,,",Unknown,Unknown,Unknown
367,Mrs. Patricia Martin,19,,91.0,430-462-8893,Lake Neil,ramosbrian@campbell.info,2015-04-05 00:00:00,data science,100,inactive,0.0,,287.0,2016-10-10 00:00:00,UZ 100186 Tashkent North Timothyside,"{'hobbies': ['Mr', 'set'], 'skills': {'tech': {'python': 5, 'excel': 5, 'sql': 3}, 'soft': ['child', 'staff']}, 'family': {'siblings': 5, 'income': {'father': 1398, 'mother': 413}}, 'devices': [{'type': 'laptop', 'brand': 'Lenovo', 'year': 2023}, {'type': 'phone', 'brand': 'Xiaomi', 'year': 2021}]}",True,valid,4304628893,+998 30 462 88 93,Unknown,"Mr, set",5.0,5.0,3.0,2.0,"child, staff",5.0,1398.0,413.0,1811.0,2,True,True,2023,"laptop, phone","Lenovo, Xiaomi",UZ 100186 Tashkent North Timothyside,100186,Tashkent,Unknown
368,Dr. Julie Grimes,22,Female,70.0,671.426.0050,Jessicaborough,kevinbailey@roberts.com,1996-09-27 00:00:00,data science,,inactive,37.0,,65.0,2012-09-06 00:00:00,UZ 100148 Tashkent North Josephview,"{""hobbies"": [""book"", ""ten""], ""skills"": {""tech"": {""python"": 5, ""excel"": 3, ""sql"": 4}, ""soft"": [""recently"", ""ground""]}, ""family"": {""siblings"": 0, ""income"": {""father"": 643, ""mother"": 773}}, ""devices"": [{""type"": ""laptop"", ""brand"": ""Lenovo"", ""year"": 2017}, {""type"": ""phone"", ""brand"": ""Samsung"", ""year"": 2021}]}",True,valid,6714260050,+998 71 426 00 50,Unknown,"book, ten",5.0,3.0,4.0,2.0,"recently, ground",0.0,643.0,773.0,1416.0,2,True,True,2021,"laptop, phone","Lenovo, Samsung",UZ 100148 Tashkent North Josephview,100148,Tashkent,Unknown
369,,20,Female,,,Angelamouth,draw,1983-04-07 00:00:00,Data Science,,pending,,average,231.0,1978-02-14 00:00:00,"42338 Stewart Mission Apt. 356, Lisamouth","{'hobbies': ['accept', 'case'], 'skills': {'tech': {'python': 1, 'excel': 3, 'sql': 1}, 'soft': ['customer', 'forward']}, 'family': {'siblings': 0, 'income': {'father': 1019, 'mother': 1024}}, 'devices': [{'type': 'laptop', 'brand': 'Dell', 'year': 2019}, {'type': 'phone', 'brand': 'Apple', 'year': 2021}]}",False,invalid_format,,,,"accept, case",1.0,3.0,1.0,2.0,"customer, forward",0.0,1019.0,1024.0,2043.0,2,True,True,2021,"laptop, phone","Dell, Apple","42338 Stewart Mission Apt. 356, Lisamouth",42338,Unknown,Unknown
370,,20,FEMALE,,(237)145-1202x542,Donnahaven,vickigoodwin@gmail.com,2000-03-20 11:28:00,DATA SCIENCE,110,active,0.0,excellent,57.0,2022-05-15 21:27:10,"BROKEN,ADDRESS,DATA,,,","{hobbies:['thank', 'while']}",True,valid,2371451202542,+998 45 120 25 42,Unknown,,,,,,,,,,,0,False,False,0,,,"BROKEN,ADDRESS,DATA,,,",Unknown,Unknown,Unknown
371,,22,,63.0,,Thomaschester,identify,2022-08-20 02:54:16,Data Science,110,inactive,,average,258.0,2020-10-14 16:34:04,"996 Kerr Alley Apt. 067, Christophermouth","{'hobbies': ['protect', 'right'], 'skills': {'tech': {'python': 4, 'excel': 5, 'sql': 1}, 'soft': ['market', 'rise']}, 'family': {'siblings': 2, 'income': {'father': 479, 'mother': 532}}, 'devices': [{'type': 'laptop', 'brand': 'Lenovo', 'year': 2016}, {'type': 'phone', 'brand': 'Samsung', 'year': 2024}]}",False,invalid_format,,,,"protect, right",4.0,5.0,1.0,2.0,"market, rise",2.0,479.0,532.0,1011.0,2,True,True,2024,"laptop, phone","Lenovo, Samsung","996 Kerr Alley Apt. 067, Christophermouth",Unknown,Unknown,Unknown
372,Karen Lewis,19,male,,,Gabrielburgh,someonegmail.com,2008-10-01 00:00:00,data_sciense,70,inactive,,average,84.0,2015-11-11 04:37:42,"Apartment 1, Jerryville district, Tashkent, UZ, 100129","{'hobbies': ['some', 'owner'], 'skills': {'tech': {'python': 3, 'excel': 3, 'sql': 4}, 'soft': ['nearly', 'thank']}, 'family': {'siblings': 3, 'income': {'father': 1305, 'mother': 1060}}, 'devices': [{'type': 'laptop', 'brand': 'HP', 'year': 2024}, {'type': 'phone', 'brand': 'Samsung', 'year': 2022}]}",False,invalid_format,,,,"some, owner",3.0,3.0,4.0,2.0,"nearly, thank",3.0,1305.0,1060.0,2365.0,2,True,True,2024,"laptop, phone","HP, Samsung","Apartment 1, Jerryville district, Tashkent, UZ, 100129",100129,Tashkent,Jerryville
373,Claire Armstrong,,Male,87.0,555-346-5757,Jamesburgh,?ali@@gmail..com,2022-04-10 22:55:21,ds,97,pending,-2.0,excellent,147.0,2021-04-19 19:09:19,"BROKEN,ADDRESS,DATA,,,","{'hobbies': ['much', 'long'], 'skills': {'tech': {'python': 3, 'excel': 2, 'sql': 3}, 'soft': ['million', 'standard']}, 'family': {'siblings': 3, 'income': {'father': 1096, 'mother': 1164}}, 'devices': [{'type': 'laptop', 'brand': 'Dell', 'year': 2022}, {'type': 'phone', 'brand': 'Apple', 'year': 2021}]}",False,invalid_format,5553465757,+998 55 346 57 57,Unknown,"much, long",3.0,2.0,3.0,2.0,"million, standard",3.0,1096.0,1164.0,2260.0,2,True,True,2022,"laptop, phone","Dell, Apple","BROKEN,ADDRESS,DATA,,,",Unknown,Unknown,Unknown
374,,22,fmale,67.0,001-029-722-8333x9204,Gravesmouth,carla84@@brown-butler.net,1985-02-05 00:00:00,python,110,active,37.0,,202.0,1996-01-12 06:48:14,"BROKEN,ADDRESS,DATA,,,","{'hobbies': ['they', 'final'], 'skills': {'tech': {'python': 3, 'excel': 5, 'sql': 4}, 'soft': ['work', 'high']}, 'family': {'siblings': 5, 'income': {'father': 660, 'mother': 1327}}, 'devices': [{'type': 'laptop', 'brand': 'HP', 'year': 2024}, {'type': 'phone', 'brand': 'Xiaomi', 'year': 2023}]}",False,invalid_format,00102972283339204,+998 28 333 92 04,Unknown,"they, final",3.0,5.0,4.0,2.0,"work, high",5.0,660.0,1327.0,1987.0,2,True,True,2024,"laptop, phone","HP, Xiaomi","BROKEN,ADDRESS,DATA,,,",Unknown,Unknown,Unknown
375,,18,,,(289)853-5617,Alexville,jmorris@miller-george.info,1971-07-16 09:39:00,DATA SCIENCE,110,active,,excellent,119.0,1972-05-02 00:00:00,"20130 Clifford Manor, Michaelmouth","{""hobbies"": [""develop"", ""girl""], ""skills"": {""tech"": {""python"": 4, ""excel"": 3, ""sql"": 1}, ""soft"": [""to"", ""several""]}, ""family"": {""siblings"": 2, ""income"": {""father"": 786, ""mother"": 645}}, ""devices"": [{""type"": ""laptop"", ""brand"": ""Lenovo"", ""year"": 2021}, {""type"": ""phone"", ""brand"": ""Samsung"", ""year"": 2020}]}",True,valid,2898535617,+998 89 853 56 17,Unknown,"develop, girl",4.0,3.0,1.0,2.0,"to, several",2.0,786.0,645.0,1431.0,2,True,True,2021,"laptop, phone","Lenovo, Samsung","20130 Clifford Manor, Michaelmouth",20130,Unknown,Unknown
376,Shawn Lewis,19,male,89.0,,Roseville,phill@thompson.com,2020-11-30 16:16:23,data science,110,active,15.5,excellent,206.0,2009-02-15 21:26:28,"48963 Jones Summit, East Jillstad","{'hobbies': ['successful', 'small'], 'skills': {'tech': {'python': 2, 'excel': 1, 'sql': 5}, 'soft': ['require', 'to']}, 'family': {'siblings': 0, 'income': {'father': 1411, 'mother': 853}}, 'devices': [{'type': 'laptop', 'brand': 'Dell', 'year': 2024}, {'type': 'phone', 'brand': 'Apple', 'year': 2018}]}",True,valid,,,,"successful, small",2.0,1.0,5.0,2.0,"require, to",0.0,1411.0,853.0,2264.0,2,True,True,2024,"laptop, phone","Dell, Apple","48963 Jones Summit, East Jillstad",48963,Unknown,Unknown
377,Robert Phillips,20,Male,,761-348-3331x38609,Rodriguezstad,anthonysusan@@davis.com,1971-11-02 00:00:00,d.s.,,active,-2.0,average,95.0,2000-01-31 00:00:00,"69350 Logan Gardens, Davidland","{'hobbies': ['offer', 'unit'], 'skills': {'tech': {'python': 2, 'excel': 1, 'sql': 2}, 'soft': ['tree', 'understand']}, 'family': {'siblings': 3, 'income': {'father': 785, 'mother': 1178}}, 'devices': [{'type': 'laptop', 'brand': 'Lenovo', 'year': 2020}, {'type': 'phone', 'brand': 'Apple', 'year': 2022}]}",False,invalid_format,761348333138609,+998 33 313 86 09,Unknown,"offer, unit",2.0,1.0,2.0,2.0,"tree, understand",3.0,785.0,1178.0,1963.0,2,True,True,2022,"laptop, phone","Lenovo, Apple","69350 Logan Gardens, Davidland",69350,Unknown,Unknown
378,Amy Elliott,20,FEMALE,,200.933.3338x606,Deniseland,,1973-02-21 11:46:00,Data Science,110,active,,,22200.0,2017-04-08 00:00:00,"Apartment 28, Juanhaven district, Tashkent, UZ, 100382","{'hobbies': ['remain', 'upon'], 'skills': {'tech': {'python': 4, 'excel': 5, 'sql': 5}, 'soft': ['above', 'make']}, 'family': {'siblings': 4, 'income': {'father': 1366, 'mother': 1367}}, 'devices': [{'type': 'laptop', 'brand': 'HP', 'year': 2017}, {'type': 'phone', 'brand': 'Xiaomi', 'year': 2019}]}",False,missing,2009333338606,+998 33 333 86 06,Unknown,"remain, upon",4.0,5.0,5.0,2.0,"above, make",4.0,1366.0,1367.0,2733.0,2,True,True,2019,"laptop, phone","HP, Xiaomi","Apartment 28, Juanhaven district, Tashkent, UZ, 100382",100382,Tashkent,Juanhaven
379,Lori Hall,20,,,001-879-297-4592,South Jasonchester,?ali@@gmail..com,2012-10-19 00:09:00,PYTHNO,,active,0.0,good,20700.0,2020-12-17 06:09:02,"Gutierrezchester 4-kv, dom 8, Tashkent","{hobbies:['late', 'ground']}",False,invalid_format,0018792974592,+998 79 297 45 92,Unknown,,,,,,,,,,,0,False,False,0,,,"Gutierrezchester 4-kv, dom 8, Tashkent",Unknown,Tashkent,Unknown
380,Luke Frazier,,male,,,Johnburgh,gregory00@wiggins.info,2022-09-18 00:00:00,Pyhton,,active,,excellent,188.0,2021-01-30 00:46:35,"Apartment 16, West Glenn district, Tashkent, UZ, 100309","{""hobbies"": [""pressure"", ""yeah""], ""skills"": {""tech"": {""python"": 2, ""excel"": 4, ""sql"": 2}, ""soft"": [""husband"", ""contain""]}, ""family"": {""siblings"": 4, ""income"": {""father"": 1057, ""mother"": 1225}}, ""devices"": [{""type"": ""laptop"", ""brand"": ""Lenovo"", ""year"": 2018}, {""type"": ""phone"", ""brand"": ""Samsung"", ""year"": 2023}]}",True,valid,,,,"pressure, yeah",2.0,4.0,2.0,2.0,"husband, contain",4.0,1057.0,1225.0,2282.0,2,True,True,2023,"laptop, phone","Lenovo, Samsung","Apartment 16, West Glenn district, Tashkent, UZ, 100309",100309,Tashkent,Glenn
381,,22,,,931.112.9647,Ashleymouth,issue,2018-04-09 00:00:00,PYTHNO,,active,3.79,excellent,168.0,1976-03-29 00:00:00,"015 Claudia Fort, Nicolehaven","{'hobbies': ['sport', 'tough'], 'skills': {'tech': {'python': 2, 'excel': 2, 'sql': 1}, 'soft': ['poor', 'little']}, 'family': {'siblings': 1, 'income': {'father': 1286, 'mother': 1196}}, 'devices': [{'type': 'laptop', 'brand': 'HP', 'year': 2017}, {'type': 'phone', 'brand': 'Samsung', 'year': 2020}]}",False,invalid_format,9311129647,+998 31 112 96 47,Unknown,"sport, tough",2.0,2.0,1.0,2.0,"poor, little",1.0,1286.0,1196.0,2482.0,2,True,True,2020,"laptop, phone","HP, Samsung","015 Claudia Fort, Nicolehaven",Unknown,Unknown,Unknown
382,Nathan Murray,22,,,,New Gary,even,2002-04-04 17:41:00,data science,101,inactive,37.0,average,20400.0,2008-10-12 22:30:00,"Apartment 11, Cardenasport district, Tashkent, UZ, 100181","{""hobbies"": [""garden"", ""water""], ""skills"": {""tech"": {""python"": 5, ""excel"": 4, ""sql"": 1}, ""soft"": [""class"", ""party""]}, ""family"": {""siblings"": 0, ""income"": {""father"": 371, ""mother"": 941}}, ""devices"": [{""type"": ""laptop"", ""brand"": ""Dell"", ""year"": 2023}, {""type"": ""phone"", ""brand"": ""Xiaomi"", ""year"": 2021}]}",False,invalid_format,,,,"garden, water",5.0,4.0,1.0,2.0,"class, party",0.0,371.0,941.0,1312.0,2,True,True,2023,"laptop, phone","Dell, Xiaomi","Apartment 11, Cardenasport district, Tashkent, UZ, 100181",100181,Tashkent,Cardenasport
383,Julie Howard,20,male,68.0,,Spencerside,police,2012-03-31 00:00:00,DATA SCIENCE,107,active,37.0,,105.0,2021-06-01 20:29:16,"Johnbury 21-kv, dom 30, Tashkent","{hobbies:['most', 'interest']}",False,invalid_format,,,,,,,,,,,,,,0,False,False,0,,,"Johnbury 21-kv, dom 30, Tashkent",Unknown,Tashkent,Unknown
384,,18,female,,501-453-3891,New Jasonmouth,foleylauren@yahoo.com,1995-10-16 05:02:00,DATA SCIENCE,75,inactive,37.0,,272.0,1972-11-19 00:00:00,"79649 Drake Locks, Anthonymouth","{'hobbies': ['charge', 'conference'], 'skills': {'tech': {'python': 5, 'excel': 5, 'sql': 4}, 'soft': ['available', 'growth']}, 'family': {'siblings': 0, 'income': {'father': 715, 'mother': 1431}}, 'devices': [{'type': 'laptop', 'brand': 'HP', 'year': 2024}, {'type': 'phone', 'brand': 'Apple', 'year': 2022}]}",True,valid,5014533891,+998 01 453 38 91,Unknown,"charge, conference",5.0,5.0,4.0,2.0,"available, growth",0.0,715.0,1431.0,2146.0,2,True,True,2024,"laptop, phone","HP, Apple","79649 Drake Locks, Anthonymouth",79649,Unknown,Unknown
385,,18,female,90.0,639.402.2356,Kaylastad,someonegmail.com,1995-08-31 00:00:00,data_sciense,,pending,15.5,,54.0,2011-01-30 04:35:00,"West Haleyton 6-kv, dom 8, Tashkent","{hobbies:['region', 'occur']}",False,invalid_format,6394022356,+998 39 402 23 56,Unknown,,,,,,,,,,,0,False,False,0,,,"West Haleyton 6-kv, dom 8, Tashkent",Unknown,Tashkent,Unknown
386,Walter Bass,18,,94.0,499-870-4999x5119,Barnettton,best,2010-12-26 12:49:32,data_sciense,,inactive,,good,156.0,2004-10-22 00:00:00,"Apartment 10, Mcclureborough district, Tashkent, UZ, 100854","{hobbies:['professor', 'real']}",False,invalid_format,49987049995119,+998 04 999 51 19,Unknown,,,,,,,,,,,0,False,False,0,,,"Apartment 10, Mcclureborough district, Tashkent, UZ, 100854",100854,Tashkent,Mcclureborough
387,Pamela Jackson,20,Female,,,Jameschester,mthomas@gmail.com,1996-06-10 21:55:17,python,110,pending,,average,164.0,2013-04-11 00:00:00,"4387 Schultz Ville Suite 145, Port Candaceland",INVALID_JSON_DATA,True,valid,,,,,,,,,,,,,,0,False,False,0,,,"4387 Schultz Ville Suite 145, Port Candaceland",Unknown,Unknown,Unknown
388,Julie Simpson,22,MALE,,(490)287-4294,Bryantport,sheltonstephen@@gmail.com,2008-01-20 00:00:00,Data Science,73,pending,15.5,good,27300.0,2022-05-25 00:00:00,UZ 100279 Tashkent Smithton,"{'hobbies': ['suggest', 'any'], 'skills': {'tech': {'python': 4, 'excel': 4, 'sql': 1}, 'soft': ['time', 'always']}, 'family': {'siblings': 0, 'income': {'father': 1470, 'mother': 637}}, 'devices': [{'type': 'laptop', 'brand': 'Dell', 'year': 2022}, {'type': 'phone', 'brand': 'Samsung', 'year': 2018}]}",False,invalid_format,4902874294,+998 90 287 42 94,Beeline,"suggest, any",4.0,4.0,1.0,2.0,"time, always",0.0,1470.0,637.0,2107.0,2,True,True,2022,"laptop, phone","Dell, Samsung",UZ 100279 Tashkent Smithton,100279,Tashkent,Unknown
389,,21,female,,,Jennifershire,emilymiller@rodriguez.com,1997-07-24 00:00:00,data-sciens,99,active,37.0,excellent,224.0,1988-03-19 07:13:00,"BROKEN,ADDRESS,DATA,,,","{'hobbies': ['alone', 'campaign'], 'skills': {'tech': {'python': 1, 'excel': 5, 'sql': 4}, 'soft': ['thought', 'free']}, 'family': {'siblings': 5, 'income': {'father': 247, 'mother': 1018}}, 'devices': [{'type': 'laptop', 'brand': 'HP', 'year': 2015}, {'type': 'phone', 'brand': 'Xiaomi', 'year': 2021}]}",True,valid,,,,"alone, campaign",1.0,5.0,4.0,2.0,"thought, free",5.0,247.0,1018.0,1265.0,2,True,True,2021,"laptop, phone","HP, Xiaomi","BROKEN,ADDRESS,DATA,,,",Unknown,Unknown,Unknown
390,Terry Schaefer,20,femlae,,+1-445-437-5985x834,New Michael,spencestacy@yahoo.com,2023-02-01 00:00:00,data_sciense,110,pending,,,229.0,1993-09-02 23:31:26,"Apartment 29, Deniseview district, Tashkent, UZ, 100684","{hobbies:['agent', 'situation']}",True,valid,14454375985834,+998 37 598 58 34,Unknown,,,,,,,,,,,0,False,False,0,,,"Apartment 29, Deniseview district, Tashkent, UZ, 100684",100684,Tashkent,Deniseview
391,Bobby Armstrong,19,fmale,,,Lake Joshua,?ali@@gmail..com,1971-09-06 17:07:00,DATA SCIENCE,102,pending,3.37,,286.0,1982-12-09 00:00:00,"Amandaview 11-kv, dom 34, Tashkent","{hobbies:['indicate', 'under']}",False,invalid_format,,,,,,,,,,,,,,0,False,False,0,,,"Amandaview 11-kv, dom 34, Tashkent",Unknown,Tashkent,Unknown
392,Maureen Clark,,male,56.0,,Campbellmouth,?ali@@gmail..com,2009-05-26 19:59:00,data-sciens,113,pending,,,153.0,1976-07-12 07:26:09,"Apartment 46, Williamsview district, Tashkent, UZ, 100561","{hobbies:['month', 'believe']}",False,invalid_format,,,,,,,,,,,,,,0,False,False,0,,,"Apartment 46, Williamsview district, Tashkent, UZ, 100561",100561,Tashkent,Williamsview
393,Lance Matthews,,,,,West Jacob,?ali@@gmail..com,2025-08-05 17:25:00,ds,62,pending,1.58,good,287.0,2023-08-31 21:12:35,"New Steven 4-kv, dom 23, Tashkent",INVALID_JSON_DATA,False,invalid_format,,,,,,,,,,,,,,0,False,False,0,,,"New Steven 4-kv, dom 23, Tashkent",Unknown,Tashkent,Unknown
394,,,MALE,,(054)890-3307x29311,North Michael,nathan24@carroll.biz,2021-11-21 09:35:04,data science,110,pending,,,264.0,1973-03-30 00:00:00,"Apartment 17, Johnsonburgh district, Tashkent, UZ, 100810","{""hobbies"": [""activity"", ""five""], ""skills"": {""tech"": {""python"": 3, ""excel"": 2, ""sql"": 5}, ""soft"": [""station"", ""suddenly""]}, ""family"": {""siblings"": 0, ""income"": {""father"": 496, ""mother"": 1494}}, ""devices"": [{""type"": ""laptop"", ""brand"": ""Dell"", ""year"": 2019}, {""type"": ""phone"", ""brand"": ""Samsung"", ""year"": 2021}]}",True,valid,054890330729311,+998 33 072 93 11,Unknown,"activity, five",3.0,2.0,5.0,2.0,"station, suddenly",0.0,496.0,1494.0,1990.0,2,True,True,2021,"laptop, phone","Dell, Samsung","Apartment 17, Johnsonburgh district, Tashkent, UZ, 100810",100810,Tashkent,Johnsonburgh
395,Donna Watkins,18,male,,878-516-8334x78680,Port Leahchester,shepherdkathryn@@yahoo.com,1979-08-21 00:00:00,Data Science,,active,15.5,average,201.0,1987-03-06 00:00:00,"Apartment 18, Jonathantown district, Tashkent, UZ, 100374","{'hobbies': ['later', 'manager'], 'skills': {'tech': {'python': 2, 'excel': 3, 'sql': 4}, 'soft': ['TV', 'church']}, 'family': {'siblings': 4, 'income': {'father': 293, 'mother': 1109}}, 'devices': [{'type': 'laptop', 'brand': 'Lenovo', 'year': 2019}, {'type': 'phone', 'brand': 'Xiaomi', 'year': 2018}]}",False,invalid_format,878516833478680,+998 83 347 86 80,Unknown,"later, manager",2.0,3.0,4.0,2.0,"TV, church",4.0,293.0,1109.0,1402.0,2,True,True,2019,"laptop, phone","Lenovo, Xiaomi","Apartment 18, Jonathantown district, Tashkent, UZ, 100374",100374,Tashkent,Jonathantown
396,,21,Female,61.0,,South Jeffrey,,2021-06-07 15:12:25,Pyhton,,pending,-2.0,excellent,257.0,2008-04-07 15:02:00,"16728 Villa Way Suite 288, North Cody","{'hobbies': ['voice', 'scene'], 'skills': {'tech': {'python': 1, 'excel': 4, 'sql': 4}, 'soft': ['factor', 'art']}, 'family': {'siblings': 1, 'income': {'father': 752, 'mother': 398}}, 'devices': [{'type': 'laptop', 'brand': 'Dell', 'year': 2022}, {'type': 'phone', 'brand': 'Apple', 'year': 2021}]}",False,missing,,,,"voice, scene",1.0,4.0,4.0,2.0,"factor, art",1.0,752.0,398.0,1150.0,2,True,True,2022,"laptop, phone","Dell, Apple","16728 Villa Way Suite 288, North Cody",16728,Unknown,Unknown
397,Toni Beck,,male,,,East Sonyaview,,1996-06-02 17:51:00,data_sciense,,inactive,0.0,good,21500.0,1993-12-24 00:00:00,"8989 Wesley Prairie Suite 040, Lake Paulfort","{""hobbies"": [""daughter"", ""visit""], ""skills"": {""tech"": {""python"": 5, ""excel"": 5, ""sql"": 5}, ""soft"": [""understand"", ""two""]}, ""family"": {""siblings"": 5, ""income"": {""father"": 346, ""mother"": 1429}}, ""devices"": [{""type"": ""laptop"", ""brand"": ""Dell"", ""year"": 2017}, {""type"": ""phone"", ""brand"": ""Xiaomi"", ""year"": 2018}]}",False,missing,,,,"daughter, visit",5.0,5.0,5.0,2.0,"understand, two",5.0,346.0,1429.0,1775.0,2,True,True,2018,"laptop, phone","Dell, Xiaomi","8989 Wesley Prairie Suite 040, Lake Paulfort",Unknown,Unknown,Unknown
398,,,Male,,896-038-4284,Markfort,dmaldonado@vazquez.info,2006-12-22 00:00:00,ds,110,pending,,average,239.0,1996-09-29 03:59:34,"4018 Hutchinson Camp Apt. 954, Lake Michelleport","{'hobbies': ['rule', 'himself'], 'skills': {'tech': {'python': 4, 'excel': 2, 'sql': 5}, 'soft': ['human', 'front']}, 'family': {'siblings': 0, 'income': {'father': 967, 'mother': 253}}, 'devices': [{'type': 'laptop', 'brand': 'HP', 'year': 2018}, {'type': 'phone', 'brand': 'Xiaomi', 'year': 2019}]}",True,valid,8960384284,+998 96 038 42 84,Unknown,"rule, himself",4.0,2.0,5.0,2.0,"human, front",0.0,967.0,253.0,1220.0,2,True,True,2019,"laptop, phone","HP, Xiaomi","4018 Hutchinson Camp Apt. 954, Lake Michelleport",Unknown,Unknown,Unknown
399,Sarah Stafford,18,fmale,,,North Angelatown,hgarcia@@rivers.info,1984-11-07 11:37:00,DATA SCIENCE,83,pending,1.84,excellent,195.0,1995-03-08 02:43:00,"Wayneland 15-kv, dom 40, Tashkent","{'hobbies': ['seek', 'until'], 'skills': {'tech': {'python': 1, 'excel': 5, 'sql': 4}, 'soft': ['thus', 'state']}, 'family': {'siblings': 2, 'income': {'father': 979, 'mother': 784}}, 'devices': [{'type': 'laptop', 'brand': 'Dell', 'year': 2019}, {'type': 'phone', 'brand': 'Samsung', 'year': 2023}]}",False,invalid_format,,,,"seek, until",1.0,5.0,4.0,2.0,"thus, state",2.0,979.0,784.0,1763.0,2,True,True,2023,"laptop, phone","Dell, Samsung","Wayneland 15-kv, dom 40, Tashkent",Unknown,Tashkent,Unknown
400,Cameron Potter DDS,,fmale,83.0,001-669-655-6558x8643,West Annaberg,jwoods@gmail.com,2023-07-22 16:29:43,DATA SCIENCE,107,pending,37.0,,283.0,1994-03-21 00:00:00,"36971 Christine Meadow, Ashleytown","{'hobbies': ['wrong', 'event'], 'skills': {'tech': {'python': 4, 'excel': 5, 'sql': 1}, 'soft': ['final', 'very']}, 'family': {'siblings': 0, 'income': {'father': 1250, 'mother': 614}}, 'devices': [{'type': 'laptop', 'brand': 'Dell', 'year': 2017}, {'type': 'phone', 'brand': 'Samsung', 'year': 2019}]}",True,valid,00166965565588643,+998 56 558 86 43,Unknown,"wrong, event",4.0,5.0,1.0,2.0,"final, very",0.0,1250.0,614.0,1864.0,2,True,True,2019,"laptop, phone","Dell, Samsung","36971 Christine Meadow, Ashleytown",36971,Unknown,Unknown
401,Kim Tran,20,FEMALE,51.0,001-893-038-1756,Port Daniel,someonegmail.com,1984-08-24 08:36:15,PYTHNO,110,active,,excellent,164.0,2025-04-08 00:00:00,"Apartment 20, Port David district, Tashkent, UZ, 100754","{'hobbies': ['agreement', 'who'], 'skills': {'tech': {'python': 3, 'excel': 1, 'sql': 3}, 'soft': ['word', 'start']}, 'family': {'siblings': 4, 'income': {'father': 773, 'mother': 214}}, 'devices': [{'type': 'laptop', 'brand': 'Lenovo', 'year': 2021}, {'type': 'phone', 'brand': 'Samsung', 'year': 2021}]}",False,invalid_format,0018930381756,+998 93 038 17 56,Ucell,"agreement, who",3.0,1.0,3.0,2.0,"word, start",4.0,773.0,214.0,987.0,2,True,True,2021,"laptop, phone","Lenovo, Samsung","Apartment 20, Port David district, Tashkent, UZ, 100754",100754,Tashkent,David
402,Zachary Brooks,19,,80.0,089.790.7904,Nealview,anthonyhamilton@yahoo.com,2020-10-12 00:00:00,d.s.,90,active,0.0,excellent,77.0,2009-07-16 00:00:00,"East Philipport 26-kv, dom 1, Tashkent","{hobbies:['physical', 'agent']}",True,valid,0897907904,+998 89 790 79 04,Unknown,,,,,,,,,,,0,False,False,0,,,"East Philipport 26-kv, dom 1, Tashkent",Unknown,Tashkent,Unknown
403,Charles Solis,18,femlae,93.0,,Armstrongville,someonegmail.com,2015-07-10 15:43:07,Pyhton,,active,37.0,excellent,151.0,2012-05-17 10:07:25,"Lake Michael 24-kv, dom 22, Tashkent","{hobbies:['central', 'scientist']}",False,invalid_format,,,,,,,,,,,,,,0,False,False,0,,,"Lake Michael 24-kv, dom 22, Tashkent",Unknown,Tashkent,Unknown
404,Benjamin Sims,19,Male,,001-681-270-4365x09599,North Felicia,,1986-09-16 00:00:00,data-sciens,110,inactive,-2.0,average,26700.0,2006-05-23 18:56:00,"Apartment 9, Port William district, Tashkent, UZ, 100656","{hobbies:['worry', 'well']}",False,missing,001681270436509599,+998 43 650 95 99,Unknown,,,,,,,,,,,0,False,False,0,,,"Apartment 9, Port William district, Tashkent, UZ, 100656",100656,Tashkent,William
405,Jessica Davidson,,female,,,Lake Madison,?ali@@gmail..com,1988-08-30 11:17:35,DATA SCIENCE,66,active,-2.0,good,74.0,1985-06-14 00:00:00,"Kimberlyside 28-kv, dom 26, Tashkent","{'hobbies': ['sound', 'feel'], 'skills': {'tech': {'python': 1, 'excel': 5, 'sql': 4}, 'soft': ['democratic', 'blood']}, 'family': {'siblings': 3, 'income': {'father': 1243, 'mother': 1258}}, 'devices': [{'type': 'laptop', 'brand': 'Lenovo', 'year': 2018}, {'type': 'phone', 'brand': 'Samsung', 'year': 2023}]}",False,invalid_format,,,,"sound, feel",1.0,5.0,4.0,2.0,"democratic, blood",3.0,1243.0,1258.0,2501.0,2,True,True,2023,"laptop, phone","Lenovo, Samsung","Kimberlyside 28-kv, dom 26, Tashkent",Unknown,Tashkent,Unknown
406,,18,male,70.0,,New Jason,?ali@@gmail..com,1978-10-02 00:00:00,data_sciense,,active,37.0,average,105.0,2025-02-16 00:00:00,"BROKEN,ADDRESS,DATA,,,","{""hobbies"": [""key"", ""hair""], ""skills"": {""tech"": {""python"": 4, ""excel"": 4, ""sql"": 2}, ""soft"": [""leader"", ""mission""]}, ""family"": {""siblings"": 2, ""income"": {""father"": 350, ""mother"": 517}}, ""devices"": [{""type"": ""laptop"", ""brand"": ""HP"", ""year"": 2022}, {""type"": ""phone"", ""brand"": ""Apple"", ""year"": 2018}]}",False,invalid_format,,,,"key, hair",4.0,4.0,2.0,2.0,"leader, mission",2.0,350.0,517.0,867.0,2,True,True,2022,"laptop, phone","HP, Apple","BROKEN,ADDRESS,DATA,,,",Unknown,Unknown,Unknown
407,,18,femlae,,+1-102-536-9331,Romeroport,,1999-02-16 00:00:00,PYTHNO,110,pending,-2.0,average,18100.0,2002-07-27 00:00:00,"BROKEN,ADDRESS,DATA,,,","{""hobbies"": [""none"", ""test""], ""skills"": {""tech"": {""python"": 5, ""excel"": 4, ""sql"": 4}, ""soft"": [""five"", ""body""]}, ""family"": {""siblings"": 4, ""income"": {""father"": 1087, ""mother"": 516}}, ""devices"": [{""type"": ""laptop"", ""brand"": ""Dell"", ""year"": 2018}, {""type"": ""phone"", ""brand"": ""Samsung"", ""year"": 2018}]}",False,missing,11025369331,+998 02 536 93 31,Unknown,"none, test",5.0,4.0,4.0,2.0,"five, body",4.0,1087.0,516.0,1603.0,2,True,True,2018,"laptop, phone","Dell, Samsung","BROKEN,ADDRESS,DATA,,,",Unknown,Unknown,Unknown
408,Melissa Sullivan,21,Male,,,Lake Wesley,,2022-09-10 02:49:50,python,110,pending,-2.0,excellent,160.0,1980-01-13 23:53:00,"BROKEN,ADDRESS,DATA,,,","{hobbies:['different', 'behind']}",False,missing,,,,,,,,,,,,,,0,False,False,0,,,"BROKEN,ADDRESS,DATA,,,",Unknown,Unknown,Unknown
409,Donna White,20,,,(344)396-2791,Richardbury,money,2020-10-25 00:00:00,python,110,inactive,3.56,good,233.0,1997-12-27 00:00:00,"Apartment 27, New Patricia district, Tashkent, UZ, 100235","{'hobbies': ['capital', 'decision'], 'skills': {'tech': {'python': 5, 'excel': 2, 'sql': 4}, 'soft': ['space', 'across']}, 'family': {'siblings': 4, 'income': {'father': 310, 'mother': 1129}}, 'devices': [{'type': 'laptop', 'brand': 'Lenovo', 'year': 2021}, {'type': 'phone', 'brand': 'Xiaomi', 'year': 2019}]}",False,invalid_format,3443962791,+998 44 396 27 91,Unknown,"capital, decision",5.0,2.0,4.0,2.0,"space, across",4.0,310.0,1129.0,1439.0,2,True,True,2021,"laptop, phone","Lenovo, Xiaomi","Apartment 27, New Patricia district, Tashkent, UZ, 100235",100235,Tashkent,Patricia
410,Michael Garrett,20,Female,64.0,,North Samanthaberg,heathercoleman@@jones.com,1996-09-19 10:21:00,DATA SCIENCE,110,active,2.18,excellent,272.0,2021-01-17 00:00:00,"BROKEN,ADDRESS,DATA,,,",INVALID_JSON_DATA,False,invalid_format,,,,,,,,,,,,,,0,False,False,0,,,"BROKEN,ADDRESS,DATA,,,",Unknown,Unknown,Unknown
411,Robert Rojas,21,,69.0,+1-032-959-2641,New Randy,yyates@@gmail.com,1992-11-30 00:00:00,PYTHNO,110,inactive,0.0,,258.0,2003-04-23 00:00:00,"BROKEN,ADDRESS,DATA,,,","{'hobbies': ['tend', 'goal'], 'skills': {'tech': {'python': 3, 'excel': 4, 'sql': 1}, 'soft': ['pull', 'form']}, 'family': {'siblings': 0, 'income': {'father': 1252, 'mother': 483}}, 'devices': [{'type': 'laptop', 'brand': 'Lenovo', 'year': 2023}, {'type': 'phone', 'brand': 'Xiaomi', 'year': 2018}]}",False,invalid_format,10329592641,+998 32 959 26 41,Unknown,"tend, goal",3.0,4.0,1.0,2.0,"pull, form",0.0,1252.0,483.0,1735.0,2,True,True,2023,"laptop, phone","Lenovo, Xiaomi","BROKEN,ADDRESS,DATA,,,",Unknown,Unknown,Unknown
412,Alexandria Ruiz,,,,247.635.2532,New Jasontown,birdsamuel@@williams-valdez.info,2023-01-01 14:35:29,d.s.,110,pending,3.75,average,205.0,2019-10-02 00:00:00,UZ 100910 Tashkent New Joseph,INVALID_JSON_DATA,False,invalid_format,2476352532,+998 47 635 25 32,Unknown,,,,,,,,,,,0,False,False,0,,,UZ 100910 Tashkent New Joseph,100910,Tashkent,Unknown
413,Terry Payne,18,,,,Tuckerland,igonzalez@yahoo.com,1977-04-18 01:06:25,data science,,inactive,-2.0,average,18300.0,2011-12-12 00:00:00,"6421 Lane Falls Apt. 045, East Deborahport","{""hobbies"": [""how"", ""all""], ""skills"": {""tech"": {""python"": 1, ""excel"": 4, ""sql"": 3}, ""soft"": [""ago"", ""expert""]}, ""family"": {""siblings"": 2, ""income"": {""father"": 1459, ""mother"": 839}}, ""devices"": [{""type"": ""laptop"", ""brand"": ""Lenovo"", ""year"": 2019}, {""type"": ""phone"", ""brand"": ""Xiaomi"", ""year"": 2020}]}",True,valid,,,,"how, all",1.0,4.0,3.0,2.0,"ago, expert",2.0,1459.0,839.0,2298.0,2,True,True,2020,"laptop, phone","Lenovo, Xiaomi","6421 Lane Falls Apt. 045, East Deborahport",Unknown,Unknown,Unknown
414,Roger Williams,18,male,77.0,,Tommymouth,,2022-03-16 06:27:52,PYTHNO,,inactive,,,195.0,2012-09-13 14:35:00,UZ 100809 Tashkent East Michaelhaven,"{hobbies:['research', 'moment']}",False,missing,,,,,,,,,,,,,,0,False,False,0,,,UZ 100809 Tashkent East Michaelhaven,100809,Tashkent,Unknown
415,Victoria Butler,20,femlae,80.0,,Lake Deborah,bag,1976-09-09 00:00:00,DATA SCIENCE,113,pending,0.0,good,298.0,2023-09-02 01:37:45,"East Jasonstad 26-kv, dom 14, Tashkent","{hobbies:['use', 'individual']}",False,invalid_format,,,,,,,,,,,,,,0,False,False,0,,,"East Jasonstad 26-kv, dom 14, Tashkent",Unknown,Tashkent,Unknown
416,,20,,85.0,,Gregoryville,?ali@@gmail..com,2010-12-24 00:00:00,python,110,active,37.0,good,241.0,2006-05-03 23:59:00,"BROKEN,ADDRESS,DATA,,,",INVALID_JSON_DATA,False,invalid_format,,,,,,,,,,,,,,0,False,False,0,,,"BROKEN,ADDRESS,DATA,,,",Unknown,Unknown,Unknown
417,Valerie Cohen,20,male,78.0,(816)480-6921x4376,West Christinatown,,2022-07-30 13:16:52,Data Science,,pending,-2.0,good,224.0,1978-06-20 01:57:23,UZ 100155 Tashkent Lake Lukeland,INVALID_JSON_DATA,False,missing,81648069214376,+998 06 921 43 76,Unknown,,,,,,,,,,,0,False,False,0,,,UZ 100155 Tashkent Lake Lukeland,100155,Tashkent,Unknown
418,,22,,,+1-658-094-3682x86357,North Jonathan,,1997-05-07 00:00:00,d.s.,110,pending,15.5,good,210.0,1970-08-02 00:00:00,UZ 100507 Tashkent Lake Jodiview,INVALID_JSON_DATA,False,missing,1658094368286357,+998 36 828 63 57,Unknown,,,,,,,,,,,0,False,False,0,,,UZ 100507 Tashkent Lake Jodiview,100507,Tashkent,Unknown
419,,18,,,(925)753-8008,South Joshuamouth,someonegmail.com,2015-03-13 00:00:00,DATA SCIENCE,,pending,0.0,excellent,13500.0,2023-04-05 22:37:26,"Port Catherinemouth 29-kv, dom 47, Tashkent","{'hobbies': ['camera', 'argue'], 'skills': {'tech': {'python': 2, 'excel': 3, 'sql': 2}, 'soft': ['body', 'husband']}, 'family': {'siblings': 1, 'income': {'father': 908, 'mother': 489}}, 'devices': [{'type': 'laptop', 'brand': 'Dell', 'year': 2018}, {'type': 'phone', 'brand': 'Apple', 'year': 2021}]}",False,invalid_format,9257538008,+998 25 753 80 08,Unknown,"camera, argue",2.0,3.0,2.0,2.0,"body, husband",1.0,908.0,489.0,1397.0,2,True,True,2021,"laptop, phone","Dell, Apple","Port Catherinemouth 29-kv, dom 47, Tashkent",Unknown,Tashkent,Unknown
420,Shirley Mccann,18,,91.0,001-047-844-7396x7540,South Claudiafort,,2022-05-27 18:52:58,Data Science,,inactive,,good,204.0,1995-10-28 09:52:00,"28439 Frances Extension Suite 697, Ronaldburgh","{""hobbies"": [""practice"", ""know""], ""skills"": {""tech"": {""python"": 2, ""excel"": 4, ""sql"": 1}, ""soft"": [""very"", ""thing""]}, ""family"": {""siblings"": 5, ""income"": {""father"": 1232, ""mother"": 1067}}, ""devices"": [{""type"": ""laptop"", ""brand"": ""Dell"", ""year"": 2015}, {""type"": ""phone"", ""brand"": ""Apple"", ""year"": 2019}]}",False,missing,00104784473967540,+998 47 396 75 40,Unknown,"practice, know",2.0,4.0,1.0,2.0,"very, thing",5.0,1232.0,1067.0,2299.0,2,True,True,2019,"laptop, phone","Dell, Apple","28439 Frances Extension Suite 697, Ronaldburgh",28439,Unknown,Unknown
421,,20,male,,,South Stephanie,someonegmail.com,2014-12-17 00:00:00,Data Science,,pending,0.0,excellent,209.0,2016-01-27 21:46:00,"791 Norma Fork, Port Garyport","{""hobbies"": [""radio"", ""summer""], ""skills"": {""tech"": {""python"": 3, ""excel"": 3, ""sql"": 5}, ""soft"": [""marriage"", ""help""]}, ""family"": {""siblings"": 4, ""income"": {""father"": 413, ""mother"": 910}}, ""devices"": [{""type"": ""laptop"", ""brand"": ""HP"", ""year"": 2020}, {""type"": ""phone"", ""brand"": ""Apple"", ""year"": 2024}]}",False,invalid_format,,,,"radio, summer",3.0,3.0,5.0,2.0,"marriage, help",4.0,413.0,910.0,1323.0,2,True,True,2024,"laptop, phone","HP, Apple","791 Norma Fork, Port Garyport",Unknown,Unknown,Unknown
422,Steven Butler,21,Female,55.0,,Ayersview,wellslynn@bishop-bates.com,2023-05-20 02:06:34,d.s.,110,inactive,,average,149.0,2022-12-15 01:57:14,"Apartment 49, Wallshire district, Tashkent, UZ, 100522","{""hobbies"": [""for"", ""save""], ""skills"": {""tech"": {""python"": 1, ""excel"": 3, ""sql"": 1}, ""soft"": [""group"", ""public""]}, ""family"": {""siblings"": 1, ""income"": {""father"": 1475, ""mother"": 731}}, ""devices"": [{""type"": ""laptop"", ""brand"": ""Lenovo"", ""year"": 2022}, {""type"": ""phone"", ""brand"": ""Xiaomi"", ""year"": 2022}]}",True,valid,,,,"for, save",1.0,3.0,1.0,2.0,"group, public",1.0,1475.0,731.0,2206.0,2,True,True,2022,"laptop, phone","Lenovo, Xiaomi","Apartment 49, Wallshire district, Tashkent, UZ, 100522",100522,Tashkent,Wallshire
423,David Daugherty,20,FEMALE,,,Josemouth,life,2017-03-06 00:00:00,d.s.,77,inactive,-2.0,good,104.0,2016-07-01 22:06:27,"BROKEN,ADDRESS,DATA,,,","{""hobbies"": [""manager"", ""election""], ""skills"": {""tech"": {""python"": 4, ""excel"": 5, ""sql"": 5}, ""soft"": [""actually"", ""talk""]}, ""family"": {""siblings"": 3, ""income"": {""father"": 1335, ""mother"": 205}}, ""devices"": [{""type"": ""laptop"", ""brand"": ""Lenovo"", ""year"": 2021}, {""type"": ""phone"", ""brand"": ""Samsung"", ""year"": 2023}]}",False,invalid_format,,,,"manager, election",4.0,5.0,5.0,2.0,"actually, talk",3.0,1335.0,205.0,1540.0,2,True,True,2023,"laptop, phone","Lenovo, Samsung","BROKEN,ADDRESS,DATA,,,",Unknown,Unknown,Unknown
424,Christopher Gill,22,FEMALE,,001-231-307-4684x3769,Jessicaview,bassmichael@hotmail.com,1985-09-10 16:33:19,DATA SCIENCE,60,inactive,-2.0,excellent,218.0,2004-06-28 00:00:00,"Apartment 23, East Chad district, Tashkent, UZ, 100316","{""hobbies"": [""world"", ""computer""], ""skills"": {""tech"": {""python"": 2, ""excel"": 2, ""sql"": 2}, ""soft"": [""wide"", ""exactly""]}, ""family"": {""siblings"": 3, ""income"": {""father"": 588, ""mother"": 652}}, ""devices"": [{""type"": ""laptop"", ""brand"": ""Dell"", ""year"": 2021}, {""type"": ""phone"", ""brand"": ""Xiaomi"", ""year"": 2021}]}",True,valid,00123130746843769,+998 74 684 37 69,Unknown,"world, computer",2.0,2.0,2.0,2.0,"wide, exactly",3.0,588.0,652.0,1240.0,2,True,True,2021,"laptop, phone","Dell, Xiaomi","Apartment 23, East Chad district, Tashkent, UZ, 100316",100316,Tashkent,Chad
425,Timothy Winters,18,Male,,,Vasquezberg,brandonclay@@johnson.com,2000-07-31 11:37:00,data-sciens,110,pending,,excellent,65.0,1996-01-07 00:00:00,UZ 100174 Tashkent Michaeltown,"{'hobbies': ['space', 'mother'], 'skills': {'tech': {'python': 3, 'excel': 3, 'sql': 2}, 'soft': ['possible', 'kitchen']}, 'family': {'siblings': 2, 'income': {'father': 889, 'mother': 505}}, 'devices': [{'type': 'laptop', 'brand': 'HP', 'year': 2017}, {'type': 'phone', 'brand': 'Samsung', 'year': 2023}]}",False,invalid_format,,,,"space, mother",3.0,3.0,2.0,2.0,"possible, kitchen",2.0,889.0,505.0,1394.0,2,True,True,2023,"laptop, phone","HP, Samsung",UZ 100174 Tashkent Michaeltown,100174,Tashkent,Unknown
426,Sarah Nelson,18,femlae,76.0,786.169.8025x596,Port Jessicafort,greenechristopher@@wells.com,2020-12-02 18:43:00,data-sciens,70,inactive,3.24,excellent,100.0,2007-08-18 00:00:00,"BROKEN,ADDRESS,DATA,,,","{hobbies:['own', 'yet']}",False,invalid_format,7861698025596,+998 69 802 55 96,Unknown,,,,,,,,,,,0,False,False,0,,,"BROKEN,ADDRESS,DATA,,,",Unknown,Unknown,Unknown
427,Ryan Baker,22,Male,64.0,+1-618-958-0345x95909,Nicholston,anthony51@barajas-li.com,2021-02-25 08:59:45,PYTHNO,81,pending,,excellent,284.0,1990-09-24 00:00:00,UZ 100113 Tashkent North Roy,"{'hobbies': ['fight', 'difference'], 'skills': {'tech': {'python': 1, 'excel': 2, 'sql': 2}, 'soft': ['allow', 'condition']}, 'family': {'siblings': 0, 'income': {'father': 628, 'mother': 514}}, 'devices': [{'type': 'laptop', 'brand': 'Lenovo', 'year': 2015}, {'type': 'phone', 'brand': 'Samsung', 'year': 2022}]}",True,valid,1618958034595909,+998 03 459 59 09,Unknown,"fight, difference",1.0,2.0,2.0,2.0,"allow, condition",0.0,628.0,514.0,1142.0,2,True,True,2022,"laptop, phone","Lenovo, Samsung",UZ 100113 Tashkent North Roy,100113,Tashkent,Unknown
428,,18,FEMALE,,655.894.0205,Thompsonberg,keith31@@gmail.com,1978-02-28 00:00:00,DATA SCIENCE,75,pending,15.5,excellent,17400.0,2004-09-12 00:00:00,"Apartment 44, Smithshire district, Tashkent, UZ, 100091","{""hobbies"": [""nation"", ""if""], ""skills"": {""tech"": {""python"": 5, ""excel"": 4, ""sql"": 5}, ""soft"": [""assume"", ""matter""]}, ""family"": {""siblings"": 4, ""income"": {""father"": 1339, ""mother"": 1067}}, ""devices"": [{""type"": ""laptop"", ""brand"": ""Dell"", ""year"": 2017}, {""type"": ""phone"", ""brand"": ""Samsung"", ""year"": 2023}]}",False,invalid_format,6558940205,+998 55 894 02 05,Unknown,"nation, if",5.0,4.0,5.0,2.0,"assume, matter",4.0,1339.0,1067.0,2406.0,2,True,True,2023,"laptop, phone","Dell, Samsung","Apartment 44, Smithshire district, Tashkent, UZ, 100091",100091,Tashkent,Smithshire
429,Anthony Armstrong,,,,+1-175-443-3483x38711,Laurenmouth,maryjimenez@mullins.biz,1997-04-10 12:07:40,PYTHNO,110,active,,good,22200.0,2002-07-28 00:00:00,UZ 100144 Tashkent Lake Dawnside,"{'hobbies': ['travel', 'exactly'], 'skills': {'tech': {'python': 1, 'excel': 2, 'sql': 5}, 'soft': ['add', 'hot']}, 'family': {'siblings': 0, 'income': {'father': 795, 'mother': 317}}, 'devices': [{'type': 'laptop', 'brand': 'Lenovo', 'year': 2015}, {'type': 'phone', 'brand': 'Apple', 'year': 2022}]}",True,valid,1175443348338711,+998 34 833 87 11,Unknown,"travel, exactly",1.0,2.0,5.0,2.0,"add, hot",0.0,795.0,317.0,1112.0,2,True,True,2022,"laptop, phone","Lenovo, Apple",UZ 100144 Tashkent Lake Dawnside,100144,Tashkent,Unknown
430,Tammy Green,21,femlae,90.0,001-190-024-5538,Rushfurt,someonegmail.com,2019-03-01 14:38:37,Data Science,,inactive,15.5,good,65.0,1993-05-28 00:00:00,"Apartment 47, East Michele district, Tashkent, UZ, 100025","{'hobbies': ['beyond', 'federal'], 'skills': {'tech': {'python': 5, 'excel': 1, 'sql': 5}, 'soft': ['away', 'south']}, 'family': {'siblings': 1, 'income': {'father': 749, 'mother': 540}}, 'devices': [{'type': 'laptop', 'brand': 'HP', 'year': 2020}, {'type': 'phone', 'brand': 'Samsung', 'year': 2023}]}",False,invalid_format,0011900245538,+998 90 024 55 38,Beeline,"beyond, federal",5.0,1.0,5.0,2.0,"away, south",1.0,749.0,540.0,1289.0,2,True,True,2023,"laptop, phone","HP, Samsung","Apartment 47, East Michele district, Tashkent, UZ, 100025",100025,Tashkent,Michele
431,Juan Wright,22,female,84.0,+1-477-921-8703x89711,North Robertshire,,2014-07-28 18:41:03,d.s.,,pending,,average,26000.0,1994-01-29 00:00:00,UZ 100116 Tashkent Jamesfort,"{'hobbies': ['pass', 'federal'], 'skills': {'tech': {'python': 3, 'excel': 3, 'sql': 2}, 'soft': ['fund', 'main']}, 'family': {'siblings': 3, 'income': {'father': 1115, 'mother': 932}}, 'devices': [{'type': 'laptop', 'brand': 'HP', 'year': 2019}, {'type': 'phone', 'brand': 'Apple', 'year': 2023}]}",False,missing,1477921870389711,+998 87 038 97 11,Unknown,"pass, federal",3.0,3.0,2.0,2.0,"fund, main",3.0,1115.0,932.0,2047.0,2,True,True,2023,"laptop, phone","HP, Apple",UZ 100116 Tashkent Jamesfort,100116,Tashkent,Unknown
432,,21,Female,63.0,+1-956-839-0447,Sharpmouth,troy24@gmail.com,2003-08-15 20:55:29,d.s.,,inactive,15.5,average,281.0,1984-09-10 17:56:00,"Gibsonhaven 7-kv, dom 6, Tashkent",INVALID_JSON_DATA,True,valid,19568390447,+998 56 839 04 47,Unknown,,,,,,,,,,,0,False,False,0,,,"Gibsonhaven 7-kv, dom 6, Tashkent",Unknown,Tashkent,Unknown
433,Belinda Crawford,22,fmale,,,South Adamside,someonegmail.com,1985-06-21 07:23:40,data-sciens,,inactive,37.0,excellent,79.0,1971-06-04 00:00:00,UZ 100395 Tashkent West Jasonport,INVALID_JSON_DATA,False,invalid_format,,,,,,,,,,,,,,0,False,False,0,,,UZ 100395 Tashkent West Jasonport,100395,Tashkent,Unknown
434,Danielle Roberts,20,Male,,,New Timothystad,,2025-07-14 10:43:02,DATA SCIENCE,,active,0.0,average,201.0,2022-10-11 01:06:08,"BROKEN,ADDRESS,DATA,,,","{'hobbies': ['test', 'decide'], 'skills': {'tech': {'python': 2, 'excel': 4, 'sql': 4}, 'soft': ['left', 'picture']}, 'family': {'siblings': 5, 'income': {'father': 1045, 'mother': 610}}, 'devices': [{'type': 'laptop', 'brand': 'HP', 'year': 2018}, {'type': 'phone', 'brand': 'Xiaomi', 'year': 2019}]}",False,missing,,,,"test, decide",2.0,4.0,4.0,2.0,"left, picture",5.0,1045.0,610.0,1655.0,2,True,True,2019,"laptop, phone","HP, Xiaomi","BROKEN,ADDRESS,DATA,,,",Unknown,Unknown,Unknown
435,Barbara Allen,,female,73.0,001-663-710-1993,Josephside,environmental,2010-08-25 20:10:00,data science,94,active,,,74.0,2020-10-17 20:07:42,UZ 100323 Tashkent North Tracyport,INVALID_JSON_DATA,False,invalid_format,0016637101993,+998 63 710 19 93,Unknown,,,,,,,,,,,0,False,False,0,,,UZ 100323 Tashkent North Tracyport,100323,Tashkent,Unknown
436,,,female,,,Lake Jeffrey,ramirezrobin@yahoo.com,1991-10-13 11:59:00,data-sciens,85,inactive,,excellent,23500.0,1980-02-14 00:40:00,"32167 Phillips Expressway, Lake Brittany","{'hobbies': ['success', 'current'], 'skills': {'tech': {'python': 3, 'excel': 1, 'sql': 3}, 'soft': ['issue', 'performance']}, 'family': {'siblings': 0, 'income': {'father': 1070, 'mother': 873}}, 'devices': [{'type': 'laptop', 'brand': 'HP', 'year': 2018}, {'type': 'phone', 'brand': 'Samsung', 'year': 2022}]}",True,valid,,,,"success, current",3.0,1.0,3.0,2.0,"issue, performance",0.0,1070.0,873.0,1943.0,2,True,True,2022,"laptop, phone","HP, Samsung","32167 Phillips Expressway, Lake Brittany",32167,Unknown,Unknown
437,,20,MALE,60.0,512-110-7927x58616,Garciaton,hensonchristina@brown.com,2022-11-26 02:57:00,Data Science,110,pending,15.5,good,68.0,2023-05-28 14:04:07,"Apartment 49, New William district, Tashkent, UZ, 100630","{'hobbies': ['any', 'bad'], 'skills': {'tech': {'python': 3, 'excel': 5, 'sql': 3}, 'soft': ['whatever', 'his']}, 'family': {'siblings': 3, 'income': {'father': 1029, 'mother': 217}}, 'devices': [{'type': 'laptop', 'brand': 'HP', 'year': 2018}, {'type': 'phone', 'brand': 'Samsung', 'year': 2018}]}",True,valid,512110792758616,+998 79 275 86 16,Unknown,"any, bad",3.0,5.0,3.0,2.0,"whatever, his",3.0,1029.0,217.0,1246.0,2,True,True,2018,"laptop, phone","HP, Samsung","Apartment 49, New William district, Tashkent, UZ, 100630",100630,Tashkent,William
438,,21,fmale,,,Clarkchester,emilyhahn@sanchez.biz,1972-12-11 00:00:00,Pyhton,110,inactive,37.0,,162.0,1984-03-16 00:00:00,"Apartment 50, Port Hannahchester district, Tashkent, UZ, 100469","{hobbies:['daughter', 'air']}",True,valid,,,,,,,,,,,,,,0,False,False,0,,,"Apartment 50, Port Hannahchester district, Tashkent, UZ, 100469",100469,Tashkent,Hannahchester
439,Jessica Ford,21,,68.0,,East Hollyville,jeffrey59@murphy-andrews.com,2005-11-28 00:00:00,data-sciens,110,pending,0.0,excellent,6300.0,1993-02-24 21:56:00,"New Andreaton 3-kv, dom 49, Tashkent","{'hobbies': ['event', 'authority'], 'skills': {'tech': {'python': 4, 'excel': 2, 'sql': 3}, 'soft': ['speech', 'environment']}, 'family': {'siblings': 3, 'income': {'father': 381, 'mother': 811}}, 'devices': [{'type': 'laptop', 'brand': 'Dell', 'year': 2021}, {'type': 'phone', 'brand': 'Xiaomi', 'year': 2022}]}",True,valid,,,,"event, authority",4.0,2.0,3.0,2.0,"speech, environment",3.0,381.0,811.0,1192.0,2,True,True,2022,"laptop, phone","Dell, Xiaomi","New Andreaton 3-kv, dom 49, Tashkent",Unknown,Tashkent,Unknown
440,Scott Bailey,,Female,100.0,,South Cynthiamouth,eat,1998-01-08 00:00:00,data_sciense,,inactive,,average,157.0,1993-01-07 19:37:00,"East Melissa 19-kv, dom 44, Tashkent","{""hobbies"": [""wrong"", ""central""], ""skills"": {""tech"": {""python"": 2, ""excel"": 3, ""sql"": 5}, ""soft"": [""anyone"", ""space""]}, ""family"": {""siblings"": 4, ""income"": {""father"": 513, ""mother"": 1090}}, ""devices"": [{""type"": ""laptop"", ""brand"": ""HP"", ""year"": 2022}, {""type"": ""phone"", ""brand"": ""Samsung"", ""year"": 2024}]}",False,invalid_format,,,,"wrong, central",2.0,3.0,5.0,2.0,"anyone, space",4.0,513.0,1090.0,1603.0,2,True,True,2024,"laptop, phone","HP, Samsung","East Melissa 19-kv, dom 44, Tashkent",Unknown,Tashkent,Unknown
441,Christopher Stevenson,18,female,95.0,,Lake Marilyn,former,2023-06-07 00:00:00,PYTHNO,70,inactive,,good,29900.0,1973-11-19 00:00:00,"Kathleenchester 19-kv, dom 10, Tashkent","{'hobbies': ['full', 'for'], 'skills': {'tech': {'python': 1, 'excel': 3, 'sql': 3}, 'soft': ['present', 'standard']}, 'family': {'siblings': 1, 'income': {'father': 438, 'mother': 1473}}, 'devices': [{'type': 'laptop', 'brand': 'Dell', 'year': 2018}, {'type': 'phone', 'brand': 'Samsung', 'year': 2020}]}",False,invalid_format,,,,"full, for",1.0,3.0,3.0,2.0,"present, standard",1.0,438.0,1473.0,1911.0,2,True,True,2020,"laptop, phone","Dell, Samsung","Kathleenchester 19-kv, dom 10, Tashkent",Unknown,Tashkent,Unknown
442,Chris Hernandez,19,,,349-899-1644,Taylorview,,2005-10-11 00:00:00,Pyhton,65,pending,,excellent,236.0,1998-06-14 16:34:54,"Apartment 32, Tammychester district, Tashkent, UZ, 100928","{""hobbies"": [""matter"", ""test""], ""skills"": {""tech"": {""python"": 1, ""excel"": 1, ""sql"": 5}, ""soft"": [""as"", ""work""]}, ""family"": {""siblings"": 3, ""income"": {""father"": 956, ""mother"": 612}}, ""devices"": [{""type"": ""laptop"", ""brand"": ""HP"", ""year"": 2019}, {""type"": ""phone"", ""brand"": ""Samsung"", ""year"": 2020}]}",False,missing,3498991644,+998 49 899 16 44,Unknown,"matter, test",1.0,1.0,5.0,2.0,"as, work",3.0,956.0,612.0,1568.0,2,True,True,2020,"laptop, phone","HP, Samsung","Apartment 32, Tammychester district, Tashkent, UZ, 100928",100928,Tashkent,Tammychester
443,,18,fmale,69.0,001-363-426-9766x613,Meyershire,?ali@@gmail..com,1995-12-07 14:03:00,PYTHNO,,active,37.0,excellent,297.0,2021-07-03 07:42:01,"721 Ball Camp Suite 246, Hernandeztown","{'hobbies': ['official', 'choice'], 'skills': {'tech': {'python': 1, 'excel': 3, 'sql': 3}, 'soft': ['green', 'again']}, 'family': {'siblings': 0, 'income': {'father': 883, 'mother': 1290}}, 'devices': [{'type': 'laptop', 'brand': 'Dell', 'year': 2024}, {'type': 'phone', 'brand': 'Xiaomi', 'year': 2021}]}",False,invalid_format,0013634269766613,+998 26 976 66 13,Unknown,"official, choice",1.0,3.0,3.0,2.0,"green, again",0.0,883.0,1290.0,2173.0,2,True,True,2024,"laptop, phone","Dell, Xiaomi","721 Ball Camp Suite 246, Hernandeztown",Unknown,Unknown,Unknown
444,,19,,,840-118-3990x97439,East Brianport,someonegmail.com,2021-12-17 23:52:06,Pyhton,,active,3.07,,213.0,2021-12-25 23:23:40,"Apartment 44, East Michele district, Tashkent, UZ, 100459","{""hobbies"": [""leader"", ""everything""], ""skills"": {""tech"": {""python"": 5, ""excel"": 4, ""sql"": 5}, ""soft"": [""public"", ""level""]}, ""family"": {""siblings"": 4, ""income"": {""father"": 1489, ""mother"": 423}}, ""devices"": [{""type"": ""laptop"", ""brand"": ""HP"", ""year"": 2024}, {""type"": ""phone"", ""brand"": ""Apple"", ""year"": 2019}]}",False,invalid_format,840118399097439,+998 39 909 74 39,Unknown,"leader, everything",5.0,4.0,5.0,2.0,"public, level",4.0,1489.0,423.0,1912.0,2,True,True,2024,"laptop, phone","HP, Apple","Apartment 44, East Michele district, Tashkent, UZ, 100459",100459,Tashkent,Michele
445,Nathan Bell,20,,,+1-384-541-8009x796,West Tylerport,someonegmail.com,2008-05-23 21:21:36,python,110,active,15.5,average,192.0,2017-12-05 00:00:00,"5951 Richard Common, Wilsonview","{'hobbies': ['what', 'sometimes'], 'skills': {'tech': {'python': 2, 'excel': 4, 'sql': 2}, 'soft': ['dinner', 'where']}, 'family': {'siblings': 4, 'income': {'father': 720, 'mother': 814}}, 'devices': [{'type': 'laptop', 'brand': 'HP', 'year': 2019}, {'type': 'phone', 'brand': 'Apple', 'year': 2024}]}",False,invalid_format,13845418009796,+998 41 800 97 96,Unknown,"what, sometimes",2.0,4.0,2.0,2.0,"dinner, where",4.0,720.0,814.0,1534.0,2,True,True,2024,"laptop, phone","HP, Apple","5951 Richard Common, Wilsonview",Unknown,Unknown,Unknown
446,Michael Delgado,18,femlae,92.0,757.081.6072,East Michelle,lbailey@gmail.com,2024-01-17 11:00:00,Pyhton,95,pending,37.0,excellent,215.0,2021-07-14 06:26:55,"BROKEN,ADDRESS,DATA,,,","{'hobbies': ['article', 'west'], 'skills': {'tech': {'python': 3, 'excel': 1, 'sql': 1}, 'soft': ['call', 'edge']}, 'family': {'siblings': 3, 'income': {'father': 1085, 'mother': 1135}}, 'devices': [{'type': 'laptop', 'brand': 'HP', 'year': 2015}, {'type': 'phone', 'brand': 'Xiaomi', 'year': 2024}]}",True,valid,7570816072,+998 57 081 60 72,Unknown,"article, west",3.0,1.0,1.0,2.0,"call, edge",3.0,1085.0,1135.0,2220.0,2,True,True,2024,"laptop, phone","HP, Xiaomi","BROKEN,ADDRESS,DATA,,,",Unknown,Unknown,Unknown
447,Brandy King,,,81.0,,East Mark,someonegmail.com,1997-07-11 00:00:00,d.s.,,active,0.0,excellent,117.0,1983-12-01 00:00:00,"39753 Emily Harbors, North Danielleview","{""hobbies"": [""center"", ""benefit""], ""skills"": {""tech"": {""python"": 3, ""excel"": 4, ""sql"": 4}, ""soft"": [""still"", ""piece""]}, ""family"": {""siblings"": 4, ""income"": {""father"": 669, ""mother"": 732}}, ""devices"": [{""type"": ""laptop"", ""brand"": ""Dell"", ""year"": 2023}, {""type"": ""phone"", ""brand"": ""Apple"", ""year"": 2018}]}",False,invalid_format,,,,"center, benefit",3.0,4.0,4.0,2.0,"still, piece",4.0,669.0,732.0,1401.0,2,True,True,2023,"laptop, phone","Dell, Apple","39753 Emily Harbors, North Danielleview",39753,Unknown,Unknown
448,Karen Martinez,,,70.0,,Owenfort,?ali@@gmail..com,1976-05-18 00:00:00,python,60,pending,,,252.0,2021-12-30 03:33:45,UZ 100447 Tashkent New Kevin,"{hobbies:['white', 'think']}",False,invalid_format,,,,,,,,,,,,,,0,False,False,0,,,UZ 100447 Tashkent New Kevin,100447,Tashkent,Unknown
449,Jeffery Miller,20,femlae,71.0,305.436.2371x7152,Thomasstad,,2022-01-27 23:34:09,data science,109,pending,,,251.0,1980-12-01 20:14:00,"BROKEN,ADDRESS,DATA,,,","{""hobbies"": [""assume"", ""assume""], ""skills"": {""tech"": {""python"": 5, ""excel"": 5, ""sql"": 5}, ""soft"": [""the"", ""front""]}, ""family"": {""siblings"": 0, ""income"": {""father"": 976, ""mother"": 689}}, ""devices"": [{""type"": ""laptop"", ""brand"": ""Dell"", ""year"": 2024}, {""type"": ""phone"", ""brand"": ""Apple"", ""year"": 2018}]}",False,missing,30543623717152,+998 62 371 71 52,Unknown,"assume, assume",5.0,5.0,5.0,2.0,"the, front",0.0,976.0,689.0,1665.0,2,True,True,2024,"laptop, phone","Dell, Apple","BROKEN,ADDRESS,DATA,,,",Unknown,Unknown,Unknown
450,Daniel Murphy,19,,70.0,,Lake Nathan,joseph15@may-martinez.info,2025-11-12 00:00:00,Pyhton,97,pending,0.0,excellent,243.0,2019-04-05 00:00:00,"BROKEN,ADDRESS,DATA,,,","{'hobbies': ['raise', 'skill'], 'skills': {'tech': {'python': 5, 'excel': 3, 'sql': 2}, 'soft': ['personal', 'long']}, 'family': {'siblings': 1, 'income': {'father': 491, 'mother': 799}}, 'devices': [{'type': 'laptop', 'brand': 'Lenovo', 'year': 2017}, {'type': 'phone', 'brand': 'Samsung', 'year': 2024}]}",True,valid,,,,"raise, skill",5.0,3.0,2.0,2.0,"personal, long",1.0,491.0,799.0,1290.0,2,True,True,2024,"laptop, phone","Lenovo, Samsung","BROKEN,ADDRESS,DATA,,,",Unknown,Unknown,Unknown
451,Amber Brooks,21,female,69.0,001-192-385-3074x17549,East Don,richard36@gmail.com,1991-11-09 00:00:00,data science,,pending,0.0,excellent,193.0,2018-02-06 00:00:00,"Lake David 11-kv, dom 11, Tashkent","{'hobbies': ['hour', 'ready'], 'skills': {'tech': {'python': 1, 'excel': 5, 'sql': 1}, 'soft': ['once', 'general']}, 'family': {'siblings': 4, 'income': {'father': 693, 'mother': 444}}, 'devices': [{'type': 'laptop', 'brand': 'Lenovo', 'year': 2021}, {'type': 'phone', 'brand': 'Xiaomi', 'year': 2023}]}",True,valid,001192385307417549,+998 30 741 75 49,Unknown,"hour, ready",1.0,5.0,1.0,2.0,"once, general",4.0,693.0,444.0,1137.0,2,True,True,2023,"laptop, phone","Lenovo, Xiaomi","Lake David 11-kv, dom 11, Tashkent",Unknown,Tashkent,Unknown
452,Anna Ayers,22,,63.0,101.270.5764,Lake Kim,,1974-12-02 00:00:00,data-sciens,,inactive,-2.0,excellent,235.0,2001-12-26 00:00:00,"BROKEN,ADDRESS,DATA,,,","{hobbies:['five', 'animal']}",False,missing,1012705764,+998 01 270 57 64,Unknown,,,,,,,,,,,0,False,False,0,,,"BROKEN,ADDRESS,DATA,,,",Unknown,Unknown,Unknown
453,Julie Flores,18,femlae,,363.572.0111x733,North Josephchester,?ali@@gmail..com,2007-02-14 00:00:00,data_sciense,110,active,15.5,excellent,12200.0,2014-10-09 12:03:00,UZ 100779 Tashkent Sophiashire,INVALID_JSON_DATA,False,invalid_format,3635720111733,+998 72 011 17 33,Unknown,,,,,,,,,,,0,False,False,0,,,UZ 100779 Tashkent Sophiashire,100779,Tashkent,Unknown
454,Michael Riley,,,,+1-545-308-2963x715,Jamesside,bnewman@edwards.net,1985-02-12 00:00:00,python,,active,-2.0,average,19800.0,2023-05-05 13:31:41,"South Jonathanview 11-kv, dom 15, Tashkent","{hobbies:['debate', 'whether']}",True,valid,15453082963715,+998 08 296 37 15,Unknown,,,,,,,,,,,0,False,False,0,,,"South Jonathanview 11-kv, dom 15, Tashkent",Unknown,Tashkent,Unknown
455,Emily Ray,22,fmale,,+1-843-054-7914x5964,North Christopherton,reveal,1997-05-10 12:19:37,data_sciense,,active,15.5,excellent,184.0,1998-03-18 21:57:58,UZ 100680 Tashkent Cartermouth,"{""hobbies"": [""may"", ""challenge""], ""skills"": {""tech"": {""python"": 5, ""excel"": 2, ""sql"": 4}, ""soft"": [""wife"", ""mouth""]}, ""family"": {""siblings"": 0, ""income"": {""father"": 1386, ""mother"": 1411}}, ""devices"": [{""type"": ""laptop"", ""brand"": ""Lenovo"", ""year"": 2015}, {""type"": ""phone"", ""brand"": ""Xiaomi"", ""year"": 2019}]}",False,invalid_format,184305479145964,+998 47 914 59 64,Unknown,"may, challenge",5.0,2.0,4.0,2.0,"wife, mouth",0.0,1386.0,1411.0,2797.0,2,True,True,2019,"laptop, phone","Lenovo, Xiaomi",UZ 100680 Tashkent Cartermouth,100680,Tashkent,Unknown
456,,,femlae,63.0,,Perezmouth,someonegmail.com,2004-12-05 00:00:00,PYTHNO,84,active,,good,18900.0,2019-07-22 17:48:42,"11041 Kristen Mountain, Stewartshire",INVALID_JSON_DATA,False,invalid_format,,,,,,,,,,,,,,0,False,False,0,,,"11041 Kristen Mountain, Stewartshire",11041,Unknown,Unknown
457,Wendy Williams,20,female,54.0,254-466-2154,Port Luisstad,rogershannah@calderon-romero.com,2010-09-17 20:25:00,Pyhton,72,pending,37.0,,279.0,2003-06-22 09:06:00,"New Katherine 17-kv, dom 14, Tashkent","{hobbies:['program', 'employee']}",True,valid,2544662154,+998 54 466 21 54,Unknown,,,,,,,,,,,0,False,False,0,,,"New Katherine 17-kv, dom 14, Tashkent",Unknown,Tashkent,Unknown
458,Steven Gray,18,MALE,93.0,+1-231-140-5276x41564,Rogerville,hunter33@@yahoo.com,1993-09-08 11:26:29,python,84,inactive,37.0,excellent,21400.0,2020-02-16 00:00:00,"BROKEN,ADDRESS,DATA,,,","{'hobbies': ['garden', 'Mrs'], 'skills': {'tech': {'python': 4, 'excel': 2, 'sql': 5}, 'soft': ['ten', 'safe']}, 'family': {'siblings': 1, 'income': {'father': 819, 'mother': 1374}}, 'devices': [{'type': 'laptop', 'brand': 'Lenovo', 'year': 2022}, {'type': 'phone', 'brand': 'Samsung', 'year': 2023}]}",False,invalid_format,1231140527641564,+998 52 764 15 64,Unknown,"garden, Mrs",4.0,2.0,5.0,2.0,"ten, safe",1.0,819.0,1374.0,2193.0,2,True,True,2023,"laptop, phone","Lenovo, Samsung","BROKEN,ADDRESS,DATA,,,",Unknown,Unknown,Unknown
459,Melanie Kline,,FEMALE,91.0,096-119-5797,Rodriguezborough,?ali@@gmail..com,1972-10-28 00:00:00,PYTHNO,,pending,,excellent,29000.0,2025-08-15 00:00:00,UZ 100349 Tashkent Bryantmouth,"{'hobbies': ['throw', 'free'], 'skills': {'tech': {'python': 2, 'excel': 2, 'sql': 4}, 'soft': ['identify', 'network']}, 'family': {'siblings': 5, 'income': {'father': 1179, 'mother': 918}}, 'devices': [{'type': 'laptop', 'brand': 'HP', 'year': 2016}, {'type': 'phone', 'brand': 'Xiaomi', 'year': 2022}]}",False,invalid_format,0961195797,+998 96 119 57 97,Unknown,"throw, free",2.0,2.0,4.0,2.0,"identify, network",5.0,1179.0,918.0,2097.0,2,True,True,2022,"laptop, phone","HP, Xiaomi",UZ 100349 Tashkent Bryantmouth,100349,Tashkent,Unknown
460,,20,,66.0,+1-496-519-4828,West Frankfurt,krystal72@hotmail.com,1981-04-29 17:52:19,data-sciens,,inactive,37.0,excellent,124.0,1970-10-13 21:54:00,"4044 Ashley Canyon Suite 093, Eugenebury","{""hobbies"": [""Democrat"", ""ago""], ""skills"": {""tech"": {""python"": 1, ""excel"": 2, ""sql"": 3}, ""soft"": [""fall"", ""nor""]}, ""family"": {""siblings"": 4, ""income"": {""father"": 769, ""mother"": 1087}}, ""devices"": [{""type"": ""laptop"", ""brand"": ""Lenovo"", ""year"": 2016}, {""type"": ""phone"", ""brand"": ""Samsung"", ""year"": 2023}]}",True,valid,14965194828,+998 96 519 48 28,Unknown,"Democrat, ago",1.0,2.0,3.0,2.0,"fall, nor",4.0,769.0,1087.0,1856.0,2,True,True,2023,"laptop, phone","Lenovo, Samsung","4044 Ashley Canyon Suite 093, Eugenebury",Unknown,Unknown,Unknown
461,,20,MALE,77.0,,East Morgan,christine49@hoffman-edwards.org,1998-01-08 00:00:00,ds,110,pending,37.0,,17300.0,2021-10-05 21:24:34,"Apartment 31, New Tristanstad district, Tashkent, UZ, 100639","{'hobbies': ['defense', 'on'], 'skills': {'tech': {'python': 5, 'excel': 1, 'sql': 3}, 'soft': ['argue', 'establish']}, 'family': {'siblings': 3, 'income': {'father': 1233, 'mother': 1205}}, 'devices': [{'type': 'laptop', 'brand': 'HP', 'year': 2022}, {'type': 'phone', 'brand': 'Samsung', 'year': 2022}]}",True,valid,,,,"defense, on",5.0,1.0,3.0,2.0,"argue, establish",3.0,1233.0,1205.0,2438.0,2,True,True,2022,"laptop, phone","HP, Samsung","Apartment 31, New Tristanstad district, Tashkent, UZ, 100639",100639,Tashkent,Tristanstad
462,Andrea Clark,22,,,+1-740-734-1280x249,Santosborough,alisha02@fisher-frye.net,2021-08-06 01:50:49,d.s.,110,pending,15.5,excellent,20100.0,1999-03-21 00:00:00,"37125 Harris Ridges, Feliciahaven","{hobbies:['cultural', 'miss']}",True,valid,17407341280249,+998 34 128 02 49,Unknown,,,,,,,,,,,0,False,False,0,,,"37125 Harris Ridges, Feliciahaven",37125,Unknown,Unknown
463,,,MALE,,(825)843-1868x06509,Teresaton,?ali@@gmail..com,2022-09-25 06:45:25,Data Science,110,active,15.5,excellent,151.0,2025-11-01 07:48:18,"Apartment 17, East Melanieton district, Tashkent, UZ, 100892","{'hobbies': ['for', 'program'], 'skills': {'tech': {'python': 5, 'excel': 2, 'sql': 3}, 'soft': ['front', 'get']}, 'family': {'siblings': 3, 'income': {'father': 844, 'mother': 1300}}, 'devices': [{'type': 'laptop', 'brand': 'Dell', 'year': 2019}, {'type': 'phone', 'brand': 'Samsung', 'year': 2018}]}",False,invalid_format,825843186806509,+998 18 680 65 09,Unknown,"for, program",5.0,2.0,3.0,2.0,"front, get",3.0,844.0,1300.0,2144.0,2,True,True,2019,"laptop, phone","Dell, Samsung","Apartment 17, East Melanieton district, Tashkent, UZ, 100892",100892,Tashkent,Melanieton
464,,18,fmale,62.0,001-186-463-0034x72929,New Jessica,derekmiller@@gmail.com,2023-09-19 00:00:00,data science,110,active,0.0,excellent,121.0,1988-10-09 19:54:50,"6619 Mills Island Suite 519, East Richard","{'hobbies': ['garden', 'language'], 'skills': {'tech': {'python': 2, 'excel': 1, 'sql': 2}, 'soft': ['gas', 'eye']}, 'family': {'siblings': 5, 'income': {'father': 335, 'mother': 260}}, 'devices': [{'type': 'laptop', 'brand': 'Dell', 'year': 2024}, {'type': 'phone', 'brand': 'Samsung', 'year': 2022}]}",False,invalid_format,001186463003472929,+998 00 347 29 29,Unknown,"garden, language",2.0,1.0,2.0,2.0,"gas, eye",5.0,335.0,260.0,595.0,2,True,True,2024,"laptop, phone","Dell, Samsung","6619 Mills Island Suite 519, East Richard",Unknown,Unknown,Unknown
465,Katelyn Houston,,FEMALE,,,Lauramouth,?ali@@gmail..com,1972-08-21 00:00:00,ds,,active,15.5,,279.0,2010-10-15 11:08:44,"82258 Ward Vista, Trevorport","{'hobbies': ['sport', 'others'], 'skills': {'tech': {'python': 3, 'excel': 2, 'sql': 1}, 'soft': ['the', 'appear']}, 'family': {'siblings': 2, 'income': {'father': 1376, 'mother': 1310}}, 'devices': [{'type': 'laptop', 'brand': 'Lenovo', 'year': 2016}, {'type': 'phone', 'brand': 'Apple', 'year': 2021}]}",False,invalid_format,,,,"sport, others",3.0,2.0,1.0,2.0,"the, appear",2.0,1376.0,1310.0,2686.0,2,True,True,2021,"laptop, phone","Lenovo, Apple","82258 Ward Vista, Trevorport",82258,Unknown,Unknown
466,Cody Russell,,male,73.0,(778)889-7511x018,Powellfurt,someonegmail.com,2000-09-17 00:00:00,d.s.,110,pending,15.5,good,138.0,1998-04-01 00:00:00,"Apartment 17, Davidview district, Tashkent, UZ, 100309",INVALID_JSON_DATA,False,invalid_format,7788897511018,+998 89 751 10 18,Unknown,,,,,,,,,,,0,False,False,0,,,"Apartment 17, Davidview district, Tashkent, UZ, 100309",100309,Tashkent,Davidview
467,Maria Glass,,Male,74.0,(201)671-9931,Port Katieville,history,1976-12-16 01:17:00,Pyhton,,inactive,,,202.0,2021-01-25 09:58:22,"59092 Strickland Road Apt. 407, Torresville","{'hobbies': ['picture', 'election'], 'skills': {'tech': {'python': 4, 'excel': 4, 'sql': 4}, 'soft': ['difficult', 'gas']}, 'family': {'siblings': 4, 'income': {'father': 1262, 'mother': 379}}, 'devices': [{'type': 'laptop', 'brand': 'HP', 'year': 2024}, {'type': 'phone', 'brand': 'Samsung', 'year': 2021}]}",False,invalid_format,2016719931,+998 01 671 99 31,Unknown,"picture, election",4.0,4.0,4.0,2.0,"difficult, gas",4.0,1262.0,379.0,1641.0,2,True,True,2024,"laptop, phone","HP, Samsung","59092 Strickland Road Apt. 407, Torresville",59092,Unknown,Unknown
468,,,MALE,93.0,(246)640-0420,Christopherport,environment,2023-06-13 18:56:33,DATA SCIENCE,,active,15.5,excellent,107.0,2022-05-01 06:08:14,"49187 Holland Crossing Apt. 560, Valenzuelachester","{""hobbies"": [""take"", ""approach""], ""skills"": {""tech"": {""python"": 4, ""excel"": 4, ""sql"": 2}, ""soft"": [""increase"", ""where""]}, ""family"": {""siblings"": 1, ""income"": {""father"": 508, ""mother"": 811}}, ""devices"": [{""type"": ""laptop"", ""brand"": ""Lenovo"", ""year"": 2017}, {""type"": ""phone"", ""brand"": ""Samsung"", ""year"": 2024}]}",False,invalid_format,2466400420,+998 46 640 04 20,Unknown,"take, approach",4.0,4.0,2.0,2.0,"increase, where",1.0,508.0,811.0,1319.0,2,True,True,2024,"laptop, phone","Lenovo, Samsung","49187 Holland Crossing Apt. 560, Valenzuelachester",49187,Unknown,Unknown
469,Aaron Lee,19,MALE,,+1-872-361-5837,West Charlesville,?ali@@gmail..com,1996-02-05 00:00:00,DATA SCIENCE,110,inactive,,good,12000.0,2021-12-23 00:47:43,"BROKEN,ADDRESS,DATA,,,","{'hobbies': ['last', 'them'], 'skills': {'tech': {'python': 4, 'excel': 5, 'sql': 5}, 'soft': ['economy', 'life']}, 'family': {'siblings': 1, 'income': {'father': 815, 'mother': 517}}, 'devices': [{'type': 'laptop', 'brand': 'Lenovo', 'year': 2021}, {'type': 'phone', 'brand': 'Xiaomi', 'year': 2023}]}",False,invalid_format,18723615837,+998 72 361 58 37,Unknown,"last, them",4.0,5.0,5.0,2.0,"economy, life",1.0,815.0,517.0,1332.0,2,True,True,2023,"laptop, phone","Lenovo, Xiaomi","BROKEN,ADDRESS,DATA,,,",Unknown,Unknown,Unknown
470,Nichole Woods,21,male,,001-875-634-3708x4973,Fosterburgh,rmartin@gmail.com,2023-10-16 19:03:54,Data Science,76,active,-2.0,excellent,166.0,1973-09-29 03:55:32,"Apartment 42, South Robertchester district, Tashkent, UZ, 100965","{'hobbies': ['buy', 'word'], 'skills': {'tech': {'python': 2, 'excel': 2, 'sql': 5}, 'soft': ['listen', 'news']}, 'family': {'siblings': 0, 'income': {'father': 614, 'mother': 506}}, 'devices': [{'type': 'laptop', 'brand': 'Lenovo', 'year': 2022}, {'type': 'phone', 'brand': 'Apple', 'year': 2024}]}",True,valid,00187563437084973,+998 43 708 49 73,Unknown,"buy, word",2.0,2.0,5.0,2.0,"listen, news",0.0,614.0,506.0,1120.0,2,True,True,2024,"laptop, phone","Lenovo, Apple","Apartment 42, South Robertchester district, Tashkent, UZ, 100965",100965,Tashkent,Robertchester
471,Edward Morse,20,,,6805358205,Lake Johnborough,jessicagray@@ryan.net,2013-06-08 00:00:00,python,110,active,15.5,average,159.0,2008-01-29 04:02:00,"Apartment 18, West Javierborough district, Tashkent, UZ, 100982","{""hobbies"": [""cover"", ""night""], ""skills"": {""tech"": {""python"": 1, ""excel"": 2, ""sql"": 5}, ""soft"": [""know"", ""himself""]}, ""family"": {""siblings"": 1, ""income"": {""father"": 901, ""mother"": 1349}}, ""devices"": [{""type"": ""laptop"", ""brand"": ""HP"", ""year"": 2024}, {""type"": ""phone"", ""brand"": ""Xiaomi"", ""year"": 2021}]}",False,invalid_format,6805358205,+998 80 535 82 05,Unknown,"cover, night",1.0,2.0,5.0,2.0,"know, himself",1.0,901.0,1349.0,2250.0,2,True,True,2024,"laptop, phone","HP, Xiaomi","Apartment 18, West Javierborough district, Tashkent, UZ, 100982",100982,Tashkent,Javierborough
472,,18,,82.0,,Thompsonburgh,woman,2002-03-09 00:00:00,data-sciens,,inactive,,average,127.0,1979-06-06 00:00:00,"Apartment 8, Brownberg district, Tashkent, UZ, 100457",INVALID_JSON_DATA,False,invalid_format,,,,,,,,,,,,,,0,False,False,0,,,"Apartment 8, Brownberg district, Tashkent, UZ, 100457",100457,Tashkent,Brownberg
473,,18,male,61.0,(420)538-9587x77757,Lake Michael,brittneynash@@hotmail.com,1974-12-02 00:00:00,DATA SCIENCE,113,pending,0.0,,289.0,2000-02-28 10:55:00,"New Chris 4-kv, dom 21, Tashkent","{'hobbies': ['data', 'style'], 'skills': {'tech': {'python': 5, 'excel': 2, 'sql': 3}, 'soft': ['the', 'house']}, 'family': {'siblings': 0, 'income': {'father': 1484, 'mother': 354}}, 'devices': [{'type': 'laptop', 'brand': 'Dell', 'year': 2022}, {'type': 'phone', 'brand': 'Apple', 'year': 2021}]}",False,invalid_format,420538958777757,+998 95 877 77 57,Uzmobile,"data, style",5.0,2.0,3.0,2.0,"the, house",0.0,1484.0,354.0,1838.0,2,True,True,2022,"laptop, phone","Dell, Apple","New Chris 4-kv, dom 21, Tashkent",Unknown,Tashkent,Unknown
474,Alexandra Pena,20,Male,,,Port Martin,?ali@@gmail..com,2022-01-14 13:30:57,data-sciens,111,pending,0.0,good,204.0,2003-04-23 00:00:00,"South Vickieport 14-kv, dom 38, Tashkent","{'hobbies': ['already', 'your'], 'skills': {'tech': {'python': 5, 'excel': 4, 'sql': 1}, 'soft': ['hit', 'ok']}, 'family': {'siblings': 0, 'income': {'father': 391, 'mother': 1386}}, 'devices': [{'type': 'laptop', 'brand': 'Dell', 'year': 2016}, {'type': 'phone', 'brand': 'Xiaomi', 'year': 2018}]}",False,invalid_format,,,,"already, your",5.0,4.0,1.0,2.0,"hit, ok",0.0,391.0,1386.0,1777.0,2,True,True,2018,"laptop, phone","Dell, Xiaomi","South Vickieport 14-kv, dom 38, Tashkent",Unknown,Tashkent,Unknown
475,Susan Evans,19,FEMALE,,(840)871-3220x64975,West Zacharyview,?ali@@gmail..com,1983-01-31 00:00:00,python,110,active,,good,287.0,1979-12-25 00:00:00,"Port Christineton 29-kv, dom 1, Tashkent",INVALID_JSON_DATA,False,invalid_format,840871322064975,+998 32 206 49 75,Unknown,,,,,,,,,,,0,False,False,0,,,"Port Christineton 29-kv, dom 1, Tashkent",Unknown,Tashkent,Unknown
476,,20,,68.0,,Lowehaven,annafields@rivera-erickson.com,2023-03-17 00:00:00,data_sciense,110,pending,15.5,excellent,15900.0,1984-07-05 00:00:00,"BROKEN,ADDRESS,DATA,,,",INVALID_JSON_DATA,True,valid,,,,,,,,,,,,,,0,False,False,0,,,"BROKEN,ADDRESS,DATA,,,",Unknown,Unknown,Unknown
477,Amanda Evans,20,,60.0,001-251-053-0173x06396,Colleenburgh,,1970-08-01 00:00:00,data_sciense,,inactive,-2.0,excellent,209.0,2020-09-07 00:00:00,"BROKEN,ADDRESS,DATA,,,","{'hobbies': ['medical', 'him'], 'skills': {'tech': {'python': 2, 'excel': 4, 'sql': 3}, 'soft': ['subject', 'kind']}, 'family': {'siblings': 0, 'income': {'father': 1007, 'mother': 1042}}, 'devices': [{'type': 'laptop', 'brand': 'Dell', 'year': 2017}, {'type': 'phone', 'brand': 'Xiaomi', 'year': 2023}]}",False,missing,001251053017306396,+998 01 730 63 96,Unknown,"medical, him",2.0,4.0,3.0,2.0,"subject, kind",0.0,1007.0,1042.0,2049.0,2,True,True,2023,"laptop, phone","Dell, Xiaomi","BROKEN,ADDRESS,DATA,,,",Unknown,Unknown,Unknown
478,Jason Michael,20,male,83.0,+1-311-913-3615,West Jessefurt,vmurphy@baker.com,1979-02-06 00:00:00,Data Science,,active,,excellent,169.0,2003-12-10 00:00:00,"Apartment 45, Wilsonmouth district, Tashkent, UZ, 100904","{'hobbies': ['they', 'ball'], 'skills': {'tech': {'python': 1, 'excel': 1, 'sql': 1}, 'soft': ['if', 'eye']}, 'family': {'siblings': 1, 'income': {'father': 213, 'mother': 255}}, 'devices': [{'type': 'laptop', 'brand': 'HP', 'year': 2024}, {'type': 'phone', 'brand': 'Xiaomi', 'year': 2021}]}",True,valid,13119133615,+998 11 913 36 15,Unknown,"they, ball",1.0,1.0,1.0,2.0,"if, eye",1.0,213.0,255.0,468.0,2,True,True,2024,"laptop, phone","HP, Xiaomi","Apartment 45, Wilsonmouth district, Tashkent, UZ, 100904",100904,Tashkent,Wilsonmouth
479,Brian Weiss,21,MALE,,325-698-3868,East Stephanie,zmcgee@@hotmail.com,1995-03-12 07:15:00,Data Science,110,active,-2.0,average,290.0,1978-02-06 06:25:00,"386 Stanley Club Suite 051, West Dawn","{""hobbies"": [""Democrat"", ""property""], ""skills"": {""tech"": {""python"": 2, ""excel"": 1, ""sql"": 1}, ""soft"": [""growth"", ""member""]}, ""family"": {""siblings"": 1, ""income"": {""father"": 226, ""mother"": 559}}, ""devices"": [{""type"": ""laptop"", ""brand"": ""Dell"", ""year"": 2016}, {""type"": ""phone"", ""brand"": ""Samsung"", ""year"": 2019}]}",False,invalid_format,3256983868,+998 25 698 38 68,Unknown,"Democrat, property",2.0,1.0,1.0,2.0,"growth, member",1.0,226.0,559.0,785.0,2,True,True,2019,"laptop, phone","Dell, Samsung","386 Stanley Club Suite 051, West Dawn",Unknown,Unknown,Unknown
480,,18,Female,,(039)728-2149,East Thomasview,christopher88@hotmail.com,2015-02-19 19:05:00,data_sciense,,active,0.0,excellent,8000.0,1986-05-20 00:00:00,"BROKEN,ADDRESS,DATA,,,",INVALID_JSON_DATA,True,valid,0397282149,+998 39 728 21 49,Unknown,,,,,,,,,,,0,False,False,0,,,"BROKEN,ADDRESS,DATA,,,",Unknown,Unknown,Unknown
481,Michael Horn,18,Male,93.0,+1-142-871-0815x859,East Rodney,,1970-05-10 00:00:00,ds,71,pending,0.0,excellent,259.0,2021-07-24 21:06:53,UZ 100575 Tashkent Peterland,"{""hobbies"": [""south"", ""positive""], ""skills"": {""tech"": {""python"": 3, ""excel"": 1, ""sql"": 1}, ""soft"": [""effort"", ""condition""]}, ""family"": {""siblings"": 3, ""income"": {""father"": 1277, ""mother"": 466}}, ""devices"": [{""type"": ""laptop"", ""brand"": ""Lenovo"", ""year"": 2021}, {""type"": ""phone"", ""brand"": ""Samsung"", ""year"": 2019}]}",False,missing,11428710815859,+998 71 081 58 59,Unknown,"south, positive",3.0,1.0,1.0,2.0,"effort, condition",3.0,1277.0,466.0,1743.0,2,True,True,2021,"laptop, phone","Lenovo, Samsung",UZ 100575 Tashkent Peterland,100575,Tashkent,Unknown
482,Kimberly Douglas,,Male,,001-404-773-6044x4923,Gregoryton,debrawright@@hotmail.com,2023-04-01 20:43:00,python,78,pending,3.64,excellent,98.0,1972-10-18 23:00:00,UZ 100278 Tashkent New Calvinstad,"{'hobbies': ['its', 'cultural'], 'skills': {'tech': {'python': 3, 'excel': 3, 'sql': 2}, 'soft': ['east', 'while']}, 'family': {'siblings': 0, 'income': {'father': 463, 'mother': 839}}, 'devices': [{'type': 'laptop', 'brand': 'Lenovo', 'year': 2018}, {'type': 'phone', 'brand': 'Samsung', 'year': 2020}]}",False,invalid_format,00140477360444923,+998 36 044 49 23,Unknown,"its, cultural",3.0,3.0,2.0,2.0,"east, while",0.0,463.0,839.0,1302.0,2,True,True,2020,"laptop, phone","Lenovo, Samsung",UZ 100278 Tashkent New Calvinstad,100278,Tashkent,Unknown
483,Matthew Moore,22,,76.0,838.253.7573x57049,Cooperland,business,1985-06-07 23:50:00,data_sciense,89,active,3.62,excellent,231.0,1984-06-26 00:00:00,"Apartment 30, Lake Johnland district, Tashkent, UZ, 100801","{'hobbies': ['same', 'through'], 'skills': {'tech': {'python': 3, 'excel': 1, 'sql': 1}, 'soft': ['fall', 'inside']}, 'family': {'siblings': 1, 'income': {'father': 685, 'mother': 1114}}, 'devices': [{'type': 'laptop', 'brand': 'Dell', 'year': 2018}, {'type': 'phone', 'brand': 'Xiaomi', 'year': 2024}]}",False,invalid_format,838253757357049,+998 75 735 70 49,Unknown,"same, through",3.0,1.0,1.0,2.0,"fall, inside",1.0,685.0,1114.0,1799.0,2,True,True,2024,"laptop, phone","Dell, Xiaomi","Apartment 30, Lake Johnland district, Tashkent, UZ, 100801",100801,Tashkent,Johnland
484,,,Male,85.0,018-396-2474x93355,Snowside,hnorton@gmail.com,2011-11-05 00:00:00,data_sciense,94,active,-2.0,,258.0,1990-02-11 00:00:00,"72389 Schmidt Place Apt. 885, South Patrickshire","{hobbies:['hold', 'reality']}",True,valid,018396247493355,+998 24 749 33 55,Unknown,,,,,,,,,,,0,False,False,0,,,"72389 Schmidt Place Apt. 885, South Patrickshire",72389,Unknown,Unknown
485,Scott Alexander,18,female,,675-389-8181x5165,South Anthonytown,chenderson@johnson.com,2003-07-03 00:00:00,Data Science,110,active,15.5,good,256.0,2008-08-19 00:00:00,"495 Ochoa Extensions, East Alexander","{'hobbies': ['skill', 'effect'], 'skills': {'tech': {'python': 1, 'excel': 1, 'sql': 3}, 'soft': ['main', 'serve']}, 'family': {'siblings': 1, 'income': {'father': 432, 'mother': 1046}}, 'devices': [{'type': 'laptop', 'brand': 'Dell', 'year': 2015}, {'type': 'phone', 'brand': 'Samsung', 'year': 2020}]}",True,valid,67538981815165,+998 98 181 51 65,Perfectum,"skill, effect",1.0,1.0,3.0,2.0,"main, serve",1.0,432.0,1046.0,1478.0,2,True,True,2020,"laptop, phone","Dell, Samsung","495 Ochoa Extensions, East Alexander",Unknown,Unknown,Unknown
486,,,Female,,,Shortbury,someonegmail.com,2000-08-12 00:00:00,data-sciens,110,pending,3.07,average,260.0,1990-11-26 00:00:00,"127 Wong Locks, South Sarah",INVALID_JSON_DATA,False,invalid_format,,,,,,,,,,,,,,0,False,False,0,,,"127 Wong Locks, South Sarah",Unknown,Unknown,Unknown
487,Linda French,18,femlae,,655.977.5808x99604,New Robert,someonegmail.com,1992-01-27 00:00:00,Data Science,110,pending,15.5,,154.0,2015-03-06 00:00:00,"Apartment 9, Cochranland district, Tashkent, UZ, 100971",INVALID_JSON_DATA,False,invalid_format,655977580899604,+998 58 089 96 04,Unknown,,,,,,,,,,,0,False,False,0,,,"Apartment 9, Cochranland district, Tashkent, UZ, 100971",100971,Tashkent,Cochranland
488,Darin Butler,22,Female,54.0,,Hunterview,free,1999-12-30 00:00:00,data-sciens,,inactive,-2.0,average,253.0,2018-08-07 09:23:00,"BROKEN,ADDRESS,DATA,,,","{'hobbies': ['send', 'space'], 'skills': {'tech': {'python': 4, 'excel': 5, 'sql': 2}, 'soft': ['concern', 'unit']}, 'family': {'siblings': 5, 'income': {'father': 1457, 'mother': 1225}}, 'devices': [{'type': 'laptop', 'brand': 'Dell', 'year': 2020}, {'type': 'phone', 'brand': 'Samsung', 'year': 2023}]}",False,invalid_format,,,,"send, space",4.0,5.0,2.0,2.0,"concern, unit",5.0,1457.0,1225.0,2682.0,2,True,True,2023,"laptop, phone","Dell, Samsung","BROKEN,ADDRESS,DATA,,,",Unknown,Unknown,Unknown
489,,19,Male,,,South Zachary,yolandarodriguez@hall-baird.com,2010-04-24 01:56:00,data science,110,active,15.5,excellent,23000.0,1976-12-13 00:00:00,"Port Jayton 7-kv, dom 3, Tashkent",INVALID_JSON_DATA,True,valid,,,,,,,,,,,,,,0,False,False,0,,,"Port Jayton 7-kv, dom 3, Tashkent",Unknown,Tashkent,Unknown
490,,21,fmale,59.0,5924951232,Batesside,kevin16@gmail.com,2021-10-27 18:58:09,PYTHNO,114,inactive,15.5,excellent,198.0,1983-08-29 00:00:00,"80592 Wiley Views Suite 243, East Thomasville","{'hobbies': ['each', 'team'], 'skills': {'tech': {'python': 2, 'excel': 4, 'sql': 1}, 'soft': ['data', 'question']}, 'family': {'siblings': 4, 'income': {'father': 1122, 'mother': 940}}, 'devices': [{'type': 'laptop', 'brand': 'HP', 'year': 2024}, {'type': 'phone', 'brand': 'Apple', 'year': 2023}]}",True,valid,5924951232,+998 92 495 12 32,Uzbektelecom,"each, team",2.0,4.0,1.0,2.0,"data, question",4.0,1122.0,940.0,2062.0,2,True,True,2024,"laptop, phone","HP, Apple","80592 Wiley Views Suite 243, East Thomasville",80592,Unknown,Unknown
491,Richard Sandoval,20,male,,001-515-268-2891x49743,West Matthew,frankmcguire@galloway.com,1979-02-13 00:00:00,data-sciens,92,inactive,4.46,good,70.0,1989-11-16 00:00:00,"North James 7-kv, dom 5, Tashkent","{'hobbies': ['article', 'drug'], 'skills': {'tech': {'python': 1, 'excel': 5, 'sql': 5}, 'soft': ['firm', 'reflect']}, 'family': {'siblings': 2, 'income': {'father': 250, 'mother': 889}}, 'devices': [{'type': 'laptop', 'brand': 'HP', 'year': 2019}, {'type': 'phone', 'brand': 'Xiaomi', 'year': 2019}]}",True,valid,001515268289149743,+998 28 914 97 43,Unknown,"article, drug",1.0,5.0,5.0,2.0,"firm, reflect",2.0,250.0,889.0,1139.0,2,True,True,2019,"laptop, phone","HP, Xiaomi","North James 7-kv, dom 5, Tashkent",Unknown,Tashkent,Unknown
492,,18,,,001-517-075-5970,Rivasstad,,2000-07-13 00:00:00,Data Science,84,active,37.0,,96.0,1976-05-09 04:44:25,"Apartment 30, North Kimberlymouth district, Tashkent, UZ, 100183",INVALID_JSON_DATA,False,missing,0015170755970,+998 17 075 59 70,Unknown,,,,,,,,,,,0,False,False,0,,,"Apartment 30, North Kimberlymouth district, Tashkent, UZ, 100183",100183,Tashkent,Kimberlymouth
493,Raymond Schultz,19,MALE,95.0,001-561-804-2963x9345,North Jordanton,?ali@@gmail..com,2003-01-04 00:00:00,data science,,pending,1.1,excellent,163.0,2001-05-06 00:00:00,"38022 Theresa Highway Suite 457, East Markbury",INVALID_JSON_DATA,False,invalid_format,00156180429639345,+998 42 963 93 45,Unknown,,,,,,,,,,,0,False,False,0,,,"38022 Theresa Highway Suite 457, East Markbury",38022,Unknown,Unknown
494,,20,Male,,935.314.2098,West Josephburgh,someonegmail.com,1999-02-28 00:00:00,Pyhton,110,active,,good,180.0,1995-10-30 02:37:49,UZ 100134 Tashkent Fitzgeraldside,INVALID_JSON_DATA,False,invalid_format,9353142098,+998 35 314 20 98,Unknown,,,,,,,,,,,0,False,False,0,,,UZ 100134 Tashkent Fitzgeraldside,100134,Tashkent,Unknown
495,,20,,93.0,+1-599-634-0361x3345,New Carolyn,someonegmail.com,2012-11-11 00:00:00,Data Science,116,active,15.5,average,268.0,1982-11-22 18:35:00,UZ 100401 Tashkent Port Christopher,INVALID_JSON_DATA,False,invalid_format,159963403613345,+998 40 361 33 45,Unknown,,,,,,,,,,,0,False,False,0,,,UZ 100401 Tashkent Port Christopher,100401,Tashkent,Unknown
496,Ruth Pierce,20,,72.0,(788)046-2945x8358,West Joelstad,,1977-07-29 00:00:00,d.s.,110,pending,,good,221.0,2003-02-07 00:00:00,"655 Hughes Rapid Suite 623, New Kevin","{'hobbies': ['consumer', 'operation'], 'skills': {'tech': {'python': 4, 'excel': 2, 'sql': 3}, 'soft': ['about', 'this']}, 'family': {'siblings': 2, 'income': {'father': 1109, 'mother': 913}}, 'devices': [{'type': 'laptop', 'brand': 'Dell', 'year': 2023}, {'type': 'phone', 'brand': 'Samsung', 'year': 2021}]}",False,missing,78804629458358,+998 62 945 83 58,Unknown,"consumer, operation",4.0,2.0,3.0,2.0,"about, this",2.0,1109.0,913.0,2022.0,2,True,True,2023,"laptop, phone","Dell, Samsung","655 Hughes Rapid Suite 623, New Kevin",Unknown,Unknown,Unknown
497,,,MALE,74.0,3644863509,Destinybury,?ali@@gmail..com,2021-01-21 12:26:06,python,92,pending,,excellent,188.0,1979-11-28 00:00:00,"Apartment 2, Bakerhaven district, Tashkent, UZ, 100284","{""hobbies"": [""hotel"", ""serve""], ""skills"": {""tech"": {""python"": 3, ""excel"": 5, ""sql"": 5}, ""soft"": [""realize"", ""company""]}, ""family"": {""siblings"": 3, ""income"": {""father"": 818, ""mother"": 495}}, ""devices"": [{""type"": ""laptop"", ""brand"": ""Lenovo"", ""year"": 2016}, {""type"": ""phone"", ""brand"": ""Xiaomi"", ""year"": 2019}]}",False,invalid_format,3644863509,+998 64 486 35 09,Unknown,"hotel, serve",3.0,5.0,5.0,2.0,"realize, company",3.0,818.0,495.0,1313.0,2,True,True,2019,"laptop, phone","Lenovo, Xiaomi","Apartment 2, Bakerhaven district, Tashkent, UZ, 100284",100284,Tashkent,Bakerhaven
498,,21,male,,,Angelafurt,ahouston@gmail.com,2021-06-27 00:00:00,data-sciens,,inactive,,excellent,151.0,1972-05-26 00:00:00,"27108 Mark Ranch, Jenniferchester","{'hobbies': ['close', 'class'], 'skills': {'tech': {'python': 5, 'excel': 5, 'sql': 5}, 'soft': ['nice', 'line']}, 'family': {'siblings': 3, 'income': {'father': 530, 'mother': 583}}, 'devices': [{'type': 'laptop', 'brand': 'Lenovo', 'year': 2015}, {'type': 'phone', 'brand': 'Xiaomi', 'year': 2021}]}",True,valid,,,,"close, class",5.0,5.0,5.0,2.0,"nice, line",3.0,530.0,583.0,1113.0,2,True,True,2021,"laptop, phone","Lenovo, Xiaomi","27108 Mark Ranch, Jenniferchester",27108,Unknown,Unknown
499,,,male,77.0,001-089-673-5998x4435,Carolshire,taylorwilliam@knapp.com,2022-01-22 07:45:11,Data Science,,inactive,1.17,average,85.0,2023-01-14 12:50:16,"89583 Crawford Crescent, Port William","{'hobbies': ['during', 'similar'], 'skills': {'tech': {'python': 2, 'excel': 1, 'sql': 4}, 'soft': ['according', 'race']}, 'family': {'siblings': 5, 'income': {'father': 463, 'mother': 998}}, 'devices': [{'type': 'laptop', 'brand': 'HP', 'year': 2019}, {'type': 'phone', 'brand': 'Samsung', 'year': 2023}]}",True,valid,00108967359984435,+998 35 998 44 35,Unknown,"during, similar",2.0,1.0,4.0,2.0,"according, race",5.0,463.0,998.0,1461.0,2,True,True,2023,"laptop, phone","HP, Samsung","89583 Crawford Crescent, Port William",89583,Unknown,Unknown
500,Jason Johnson,19,fmale,61.0,+1-975-142-8955x4988,Mariachester,mreynolds@@yahoo.com,1979-03-22 07:15:00,data_sciense,,active,15.5,excellent,162.0,1971-02-03 14:15:08,"47640 Lambert Camp Apt. 309, Port Keithport","{hobbies:['leg', 'kid']}",False,invalid_format,197514289554988,+998 28 955 49 88,Unknown,,,,,,,,,,,0,False,False,0,,,"47640 Lambert Camp Apt. 309, Port Keithport",47640,Unknown,Unknown
501,Dominique Steele,22,Male,77.0,,Natalieland,christinepatterson@@powell.biz,1971-08-04 00:00:00,data_sciense,,inactive,15.5,good,66.0,1988-09-09 00:00:00,"847 Thompson Fall Suite 006, Pooleburgh","{'hobbies': ['and', 'have'], 'skills': {'tech': {'python': 4, 'excel': 1, 'sql': 1}, 'soft': ['hope', 'cut']}, 'family': {'siblings': 2, 'income': {'father': 983, 'mother': 1182}}, 'devices': [{'type': 'laptop', 'brand': 'HP', 'year': 2024}, {'type': 'phone', 'brand': 'Samsung', 'year': 2024}]}",False,invalid_format,,,,"and, have",4.0,1.0,1.0,2.0,"hope, cut",2.0,983.0,1182.0,2165.0,2,True,True,2024,"laptop, phone","HP, Samsung","847 Thompson Fall Suite 006, Pooleburgh",Unknown,Unknown,Unknown
502,Erica Fisher,21,,91.0,+1-629-321-7183x5410,North Jeffreytown,?ali@@gmail..com,2012-01-07 04:36:30,data-sciens,64,inactive,-2.0,average,277.0,2009-12-12 06:45:00,UZ 100612 Tashkent New Catherinemouth,INVALID_JSON_DATA,False,invalid_format,162932171835410,+998 17 183 54 10,Unknown,,,,,,,,,,,0,False,False,0,,,UZ 100612 Tashkent New Catherinemouth,100612,Tashkent,Unknown
503,Bonnie Fitzpatrick,20,FEMALE,76.0,,Lake Allison,goldengregory@garcia.net,2003-02-25 00:00:00,DATA SCIENCE,109,active,,,165.0,2020-12-11 21:06:54,"Apartment 8, Lake Gregory district, Tashkent, UZ, 100234","{'hobbies': ['nation', 'great'], 'skills': {'tech': {'python': 3, 'excel': 2, 'sql': 4}, 'soft': ['collection', 'difference']}, 'family': {'siblings': 0, 'income': {'father': 531, 'mother': 391}}, 'devices': [{'type': 'laptop', 'brand': 'Lenovo', 'year': 2019}, {'type': 'phone', 'brand': 'Apple', 'year': 2018}]}",True,valid,,,,"nation, great",3.0,2.0,4.0,2.0,"collection, difference",0.0,531.0,391.0,922.0,2,True,True,2019,"laptop, phone","Lenovo, Apple","Apartment 8, Lake Gregory district, Tashkent, UZ, 100234",100234,Tashkent,Gregory
504,Tara Wood,21,FEMALE,92.0,+1-194-387-2135x43716,Sethtown,troywalters@thornton-obrien.info,2006-02-20 00:00:00,data-sciens,,active,,,9300.0,1975-04-12 11:14:27,"Carrieside 11-kv, dom 25, Tashkent","{hobbies:['nothing', 'concern']}",True,valid,1194387213543716,+998 21 354 37 16,Unknown,,,,,,,,,,,0,False,False,0,,,"Carrieside 11-kv, dom 25, Tashkent",Unknown,Tashkent,Unknown
505,Cody Smith,20,male,,001-700-975-7215x948,East Michealstad,reginald97@bell.com,2009-04-27 00:00:00,DATA SCIENCE,110,inactive,0.0,good,190.0,1990-09-28 00:00:00,"West Lindaburgh 28-kv, dom 1, Tashkent","{""hobbies"": [""really"", ""coach""], ""skills"": {""tech"": {""python"": 3, ""excel"": 2, ""sql"": 1}, ""soft"": [""opportunity"", ""maintain""]}, ""family"": {""siblings"": 1, ""income"": {""father"": 870, ""mother"": 934}}, ""devices"": [{""type"": ""laptop"", ""brand"": ""HP"", ""year"": 2017}, {""type"": ""phone"", ""brand"": ""Xiaomi"", ""year"": 2022}]}",True,valid,0017009757215948,+998 75 721 59 48,Unknown,"really, coach",3.0,2.0,1.0,2.0,"opportunity, maintain",1.0,870.0,934.0,1804.0,2,True,True,2022,"laptop, phone","HP, Xiaomi","West Lindaburgh 28-kv, dom 1, Tashkent",Unknown,Tashkent,Unknown
506,Philip Johnson,18,femlae,53.0,+1-998-997-7232x267,West Morganton,sister,1990-01-30 03:14:00,data-sciens,90,active,0.0,good,221.0,1986-09-02 00:00:00,UZ 100704 Tashkent South Breannaview,"{hobbies:['option', 'history']}",False,invalid_format,19989977232267,+998 97 723 22 67,Uzmobile,,,,,,,,,,,0,False,False,0,,,UZ 100704 Tashkent South Breannaview,100704,Tashkent,Unknown
507,Jeremy Gonzales,22,male,,,Savagefort,someonegmail.com,2023-08-01 12:46:31,ds,,inactive,1.55,,172.0,1978-05-11 00:00:00,"Port Jose 5-kv, dom 24, Tashkent","{hobbies:['data', 'level']}",False,invalid_format,,,,,,,,,,,,,,0,False,False,0,,,"Port Jose 5-kv, dom 24, Tashkent",Unknown,Tashkent,Unknown
508,Patrick Morris,20,,,612.513.1237x304,Port Erinfort,arianawashington@yahoo.com,2011-11-04 00:00:00,d.s.,,inactive,,excellent,171.0,1998-04-19 03:54:23,"Apartment 46, Rickyport district, Tashkent, UZ, 100191","{""hobbies"": [""pull"", ""young""], ""skills"": {""tech"": {""python"": 2, ""excel"": 2, ""sql"": 1}, ""soft"": [""it"", ""listen""]}, ""family"": {""siblings"": 5, ""income"": {""father"": 1343, ""mother"": 1340}}, ""devices"": [{""type"": ""laptop"", ""brand"": ""HP"", ""year"": 2020}, {""type"": ""phone"", ""brand"": ""Apple"", ""year"": 2020}]}",True,valid,6125131237304,+998 13 123 73 04,Unknown,"pull, young",2.0,2.0,1.0,2.0,"it, listen",5.0,1343.0,1340.0,2683.0,2,True,True,2020,"laptop, phone","HP, Apple","Apartment 46, Rickyport district, Tashkent, UZ, 100191",100191,Tashkent,Rickyport
509,,,Male,,1321072376,Lake Paul,ywatkins@hotmail.com,1996-02-01 02:27:00,data_sciense,110,active,,average,204.0,1993-10-27 00:00:00,UZ 100167 Tashkent New Aaron,"{'hobbies': ['reflect', 'anything'], 'skills': {'tech': {'python': 1, 'excel': 2, 'sql': 1}, 'soft': ['writer', 'huge']}, 'family': {'siblings': 3, 'income': {'father': 363, 'mother': 751}}, 'devices': [{'type': 'laptop', 'brand': 'Dell', 'year': 2015}, {'type': 'phone', 'brand': 'Samsung', 'year': 2023}]}",True,valid,1321072376,+998 32 107 23 76,Unknown,"reflect, anything",1.0,2.0,1.0,2.0,"writer, huge",3.0,363.0,751.0,1114.0,2,True,True,2023,"laptop, phone","Dell, Samsung",UZ 100167 Tashkent New Aaron,100167,Tashkent,Unknown
510,Jodi Collins,18,FEMALE,95.0,269-952-1256x562,Gabrielhaven,kylerivera@hotmail.com,1981-09-17 20:59:04,Data Science,98,inactive,,,78.0,2021-07-25 02:11:14,"Reyesfurt 8-kv, dom 19, Tashkent",INVALID_JSON_DATA,True,valid,2699521256562,+998 52 125 65 62,Unknown,,,,,,,,,,,0,False,False,0,,,"Reyesfurt 8-kv, dom 19, Tashkent",Unknown,Tashkent,Unknown
511,,19,fmale,,599.034.2124x34892,Smithshire,rachel94@yahoo.com,1995-05-17 00:00:00,PYTHNO,85,inactive,37.0,excellent,105.0,1990-01-07 00:00:00,"Davisville 14-kv, dom 40, Tashkent",INVALID_JSON_DATA,True,valid,599034212434892,+998 21 243 48 92,Unknown,,,,,,,,,,,0,False,False,0,,,"Davisville 14-kv, dom 40, Tashkent",Unknown,Tashkent,Unknown
512,Richard Black,20,MALE,63.0,715-632-2350x872,West Donaldfort,pattersonandrew@@pierce.com,1989-03-04 00:00:00,data_sciense,110,active,3.59,excellent,25400.0,1970-01-29 11:05:00,"4538 Frost Mill, North Lisa","{'hobbies': ['yourself', 'anyone'], 'skills': {'tech': {'python': 2, 'excel': 3, 'sql': 4}, 'soft': ['east', 'opportunity']}, 'family': {'siblings': 2, 'income': {'father': 392, 'mother': 1135}}, 'devices': [{'type': 'laptop', 'brand': 'Dell', 'year': 2017}, {'type': 'phone', 'brand': 'Samsung', 'year': 2024}]}",False,invalid_format,7156322350872,+998 32 235 08 72,Unknown,"yourself, anyone",2.0,3.0,4.0,2.0,"east, opportunity",2.0,392.0,1135.0,1527.0,2,True,True,2024,"laptop, phone","Dell, Samsung","4538 Frost Mill, North Lisa",Unknown,Unknown,Unknown
513,Donald Barker,20,,,,West Shawnview,richardsthomas@@welch-west.info,2022-12-30 04:24:00,Pyhton,94,inactive,,average,267.0,2012-03-14 15:23:57,"54212 Kyle Club Apt. 536, Fletcherfurt","{hobbies:['discover', 'hour']}",False,invalid_format,,,,,,,,,,,,,,0,False,False,0,,,"54212 Kyle Club Apt. 536, Fletcherfurt",54212,Unknown,Unknown
514,Logan Molina,21,Male,,(007)545-2962,Micheleport,nathan37@howard-parsons.com,1986-05-25 00:00:00,PYTHNO,110,inactive,3.77,average,5700.0,2008-11-05 00:00:00,"Debraville 14-kv, dom 26, Tashkent","{'hobbies': ['body', 'occur'], 'skills': {'tech': {'python': 2, 'excel': 3, 'sql': 5}, 'soft': ['wide', 'month']}, 'family': {'siblings': 3, 'income': {'father': 475, 'mother': 947}}, 'devices': [{'type': 'laptop', 'brand': 'HP', 'year': 2024}, {'type': 'phone', 'brand': 'Apple', 'year': 2018}]}",True,valid,0075452962,+998 07 545 29 62,Unknown,"body, occur",2.0,3.0,5.0,2.0,"wide, month",3.0,475.0,947.0,1422.0,2,True,True,2024,"laptop, phone","HP, Apple","Debraville 14-kv, dom 26, Tashkent",Unknown,Tashkent,Unknown
515,,22,FEMALE,,,Steeleshire,rangelmichelle@gmail.com,1970-10-06 00:00:00,d.s.,86,inactive,1.33,good,18300.0,1970-03-15 00:00:00,"8384 Michael Knoll Suite 400, Jamesview","{""hobbies"": [""get"", ""like""], ""skills"": {""tech"": {""python"": 5, ""excel"": 3, ""sql"": 1}, ""soft"": [""international"", ""some""]}, ""family"": {""siblings"": 5, ""income"": {""father"": 352, ""mother"": 1182}}, ""devices"": [{""type"": ""laptop"", ""brand"": ""HP"", ""year"": 2019}, {""type"": ""phone"", ""brand"": ""Xiaomi"", ""year"": 2018}]}",True,valid,,,,"get, like",5.0,3.0,1.0,2.0,"international, some",5.0,352.0,1182.0,1534.0,2,True,True,2019,"laptop, phone","HP, Xiaomi","8384 Michael Knoll Suite 400, Jamesview",Unknown,Unknown,Unknown
516,Sherry Rivera,19,Male,93.0,+1-752-409-6717x449,North Tylerhaven,?ali@@gmail..com,2018-08-10 00:00:00,DATA SCIENCE,65,pending,0.0,excellent,281.0,2023-01-04 23:05:30,"Apartment 20, West Briana district, Tashkent, UZ, 100038","{hobbies:['back', 'though']}",False,invalid_format,17524096717449,+998 09 671 74 49,Unknown,,,,,,,,,,,0,False,False,0,,,"Apartment 20, West Briana district, Tashkent, UZ, 100038",100038,Tashkent,Briana
517,,20,male,,,Port Benjamin,gas,1975-10-04 00:00:00,Data Science,110,pending,-2.0,excellent,103.0,1986-04-10 01:29:00,"Apartment 3, North David district, Tashkent, UZ, 100437","{""hobbies"": [""current"", ""truth""], ""skills"": {""tech"": {""python"": 3, ""excel"": 4, ""sql"": 2}, ""soft"": [""know"", ""how""]}, ""family"": {""siblings"": 3, ""income"": {""father"": 807, ""mother"": 408}}, ""devices"": [{""type"": ""laptop"", ""brand"": ""HP"", ""year"": 2021}, {""type"": ""phone"", ""brand"": ""Samsung"", ""year"": 2019}]}",False,invalid_format,,,,"current, truth",3.0,4.0,2.0,2.0,"know, how",3.0,807.0,408.0,1215.0,2,True,True,2021,"laptop, phone","HP, Samsung","Apartment 3, North David district, Tashkent, UZ, 100437",100437,Tashkent,David
518,,18,,,(608)151-1642,South Steven,brianna72@yahoo.com,1973-01-15 00:00:00,data-sciens,71,active,37.0,excellent,53.0,2016-02-23 00:00:00,"Apartment 41, North Eric district, Tashkent, UZ, 100515","{'hobbies': ['rule', 'specific'], 'skills': {'tech': {'python': 3, 'excel': 2, 'sql': 1}, 'soft': ['then', 'but']}, 'family': {'siblings': 0, 'income': {'father': 1006, 'mother': 1059}}, 'devices': [{'type': 'laptop', 'brand': 'HP', 'year': 2020}, {'type': 'phone', 'brand': 'Xiaomi', 'year': 2020}]}",True,valid,6081511642,+998 08 151 16 42,Unknown,"rule, specific",3.0,2.0,1.0,2.0,"then, but",0.0,1006.0,1059.0,2065.0,2,True,True,2020,"laptop, phone","HP, Xiaomi","Apartment 41, North Eric district, Tashkent, UZ, 100515",100515,Tashkent,Eric
519,Debra Hanson,19,male,,,Sarahton,?ali@@gmail..com,2000-09-09 09:27:00,data science,,active,15.5,average,136.0,1996-11-08 00:00:00,"Apartment 10, Michaelhaven district, Tashkent, UZ, 100000","{'hobbies': ['field', 'well'], 'skills': {'tech': {'python': 4, 'excel': 5, 'sql': 4}, 'soft': ['go', 'age']}, 'family': {'siblings': 3, 'income': {'father': 742, 'mother': 455}}, 'devices': [{'type': 'laptop', 'brand': 'Dell', 'year': 2017}, {'type': 'phone', 'brand': 'Xiaomi', 'year': 2022}]}",False,invalid_format,,,,"field, well",4.0,5.0,4.0,2.0,"go, age",3.0,742.0,455.0,1197.0,2,True,True,2022,"laptop, phone","Dell, Xiaomi","Apartment 10, Michaelhaven district, Tashkent, UZ, 100000",100000,Tashkent,Michaelhaven
520,,19,MALE,63.0,,Danielfurt,beckjoseph@yates-green.info,2022-09-20 02:10:17,ds,110,pending,,average,174.0,1987-11-02 00:00:00,"0127 Salazar Hollow, Kimberlyfurt","{'hobbies': ['mouth', 'perhaps'], 'skills': {'tech': {'python': 4, 'excel': 5, 'sql': 2}, 'soft': ['agent', 'history']}, 'family': {'siblings': 4, 'income': {'father': 236, 'mother': 1113}}, 'devices': [{'type': 'laptop', 'brand': 'Lenovo', 'year': 2019}, {'type': 'phone', 'brand': 'Apple', 'year': 2019}]}",True,valid,,,,"mouth, perhaps",4.0,5.0,2.0,2.0,"agent, history",4.0,236.0,1113.0,1349.0,2,True,True,2019,"laptop, phone","Lenovo, Apple","0127 Salazar Hollow, Kimberlyfurt",Unknown,Unknown,Unknown
521,Maxwell Smith,18,Male,,7925460992,New Laura,,1977-05-23 00:00:00,ds,62,active,37.0,excellent,245.0,1975-06-18 21:28:17,"Taylorstad 17-kv, dom 5, Tashkent","{'hobbies': ['consumer', 'there'], 'skills': {'tech': {'python': 5, 'excel': 1, 'sql': 5}, 'soft': ['black', 'step']}, 'family': {'siblings': 3, 'income': {'father': 438, 'mother': 1056}}, 'devices': [{'type': 'laptop', 'brand': 'HP', 'year': 2019}, {'type': 'phone', 'brand': 'Samsung', 'year': 2021}]}",False,missing,7925460992,+998 92 546 09 92,Uzbektelecom,"consumer, there",5.0,1.0,5.0,2.0,"black, step",3.0,438.0,1056.0,1494.0,2,True,True,2021,"laptop, phone","HP, Samsung","Taylorstad 17-kv, dom 5, Tashkent",Unknown,Tashkent,Unknown
522,,20,MALE,67.0,191-971-2973,Leachberg,certainly,1983-06-11 00:00:00,PYTHNO,105,active,,excellent,83.0,2023-10-12 11:48:07,"BROKEN,ADDRESS,DATA,,,","{""hobbies"": [""back"", ""tell""], ""skills"": {""tech"": {""python"": 4, ""excel"": 3, ""sql"": 4}, ""soft"": [""if"", ""boy""]}, ""family"": {""siblings"": 4, ""income"": {""father"": 339, ""mother"": 655}}, ""devices"": [{""type"": ""laptop"", ""brand"": ""Lenovo"", ""year"": 2020}, {""type"": ""phone"", ""brand"": ""Apple"", ""year"": 2022}]}",False,invalid_format,1919712973,+998 91 971 29 73,Beeline,"back, tell",4.0,3.0,4.0,2.0,"if, boy",4.0,339.0,655.0,994.0,2,True,True,2022,"laptop, phone","Lenovo, Apple","BROKEN,ADDRESS,DATA,,,",Unknown,Unknown,Unknown
523,Matthew Madden,20,,81.0,199-491-4573x50622,Port Samanthaport,unit,1996-02-09 00:00:00,ds,110,active,15.5,good,70.0,2023-04-11 18:02:39,"Ashleyfurt 26-kv, dom 22, Tashkent","{""hobbies"": [""could"", ""if""], ""skills"": {""tech"": {""python"": 1, ""excel"": 5, ""sql"": 5}, ""soft"": [""crime"", ""common""]}, ""family"": {""siblings"": 0, ""income"": {""father"": 423, ""mother"": 622}}, ""devices"": [{""type"": ""laptop"", ""brand"": ""Dell"", ""year"": 2024}, {""type"": ""phone"", ""brand"": ""Samsung"", ""year"": 2020}]}",False,invalid_format,199491457350622,+998 45 735 06 22,Unknown,"could, if",1.0,5.0,5.0,2.0,"crime, common",0.0,423.0,622.0,1045.0,2,True,True,2024,"laptop, phone","Dell, Samsung","Ashleyfurt 26-kv, dom 22, Tashkent",Unknown,Tashkent,Unknown
524,David Sanchez,18,Female,72.0,664-042-7375x5152,Elizabethside,,2015-10-29 00:00:00,DATA SCIENCE,110,inactive,,excellent,292.0,2023-10-19 02:30:27,"98293 April Keys, New Timothyfurt","{hobbies:['around', 'may']}",False,missing,66404273755152,+998 27 375 51 52,Unknown,,,,,,,,,,,0,False,False,0,,,"98293 April Keys, New Timothyfurt",98293,Unknown,Unknown
525,Kayla Walker,18,,50.0,,South Maria,ethanwilliams@hotmail.com,1994-06-04 00:00:00,Pyhton,110,inactive,15.5,excellent,188.0,2020-09-28 00:00:00,"8564 Sara Plaza, Lake Davidbury","{'hobbies': ['wear', 'challenge'], 'skills': {'tech': {'python': 4, 'excel': 5, 'sql': 1}, 'soft': ['black', 'approach']}, 'family': {'siblings': 2, 'income': {'father': 277, 'mother': 707}}, 'devices': [{'type': 'laptop', 'brand': 'HP', 'year': 2016}, {'type': 'phone', 'brand': 'Xiaomi', 'year': 2022}]}",True,valid,,,,"wear, challenge",4.0,5.0,1.0,2.0,"black, approach",2.0,277.0,707.0,984.0,2,True,True,2022,"laptop, phone","HP, Xiaomi","8564 Sara Plaza, Lake Davidbury",Unknown,Unknown,Unknown
526,Angela Stark,20,femlae,,+1-305-985-7137x67079,North Johnville,gallowaycarol@@yahoo.com,2010-04-02 02:49:27,data-sciens,110,inactive,,good,206.0,2008-03-22 00:00:00,"BROKEN,ADDRESS,DATA,,,","{hobbies:['admit', 'girl']}",False,invalid_format,1305985713767079,+998 71 376 70 79,Unknown,,,,,,,,,,,0,False,False,0,,,"BROKEN,ADDRESS,DATA,,,",Unknown,Unknown,Unknown
527,Anthony Grant,18,Female,,001-618-190-1805x5460,North Ashley,suddenly,2001-07-25 18:51:00,data_sciense,110,inactive,0.0,average,115.0,2017-01-27 04:18:00,"Apartment 16, Allisonville district, Tashkent, UZ, 100171","{hobbies:['investment', 'learn']}",False,invalid_format,00161819018055460,+998 01 805 54 60,Unknown,,,,,,,,,,,0,False,False,0,,,"Apartment 16, Allisonville district, Tashkent, UZ, 100171",100171,Tashkent,Allisonville
528,Austin Christian,21,,,831-215-8415x77062,Morenoshire,,2022-09-02 15:57:08,data-sciens,110,pending,,average,232.0,2018-10-09 00:00:00,"BROKEN,ADDRESS,DATA,,,",INVALID_JSON_DATA,False,missing,831215841577062,+998 84 157 70 62,Unknown,,,,,,,,,,,0,False,False,0,,,"BROKEN,ADDRESS,DATA,,,",Unknown,Unknown,Unknown
529,Jonathan Hendricks,18,Female,,839-383-1519x956,New Ashley,jeremiahwiggins@simmons.biz,2022-03-07 08:51:25,d.s.,,active,,,13800.0,2023-01-31 03:36:02,"85228 Yoder Fields Suite 360, Davidside","{hobbies:['analysis', 'continue']}",True,valid,8393831519956,+998 83 151 99 56,Unknown,,,,,,,,,,,0,False,False,0,,,"85228 Yoder Fields Suite 360, Davidside",85228,Unknown,Unknown
530,Leslie Cox,22,Female,,,Rickyside,?ali@@gmail..com,2022-08-27 00:00:00,python,62,active,2.04,,277.0,1994-10-04 00:00:00,"East Ryan 7-kv, dom 2, Tashkent","{""hobbies"": [""animal"", ""by""], ""skills"": {""tech"": {""python"": 4, ""excel"": 1, ""sql"": 2}, ""soft"": [""full"", ""know""]}, ""family"": {""siblings"": 4, ""income"": {""father"": 979, ""mother"": 572}}, ""devices"": [{""type"": ""laptop"", ""brand"": ""HP"", ""year"": 2017}, {""type"": ""phone"", ""brand"": ""Samsung"", ""year"": 2021}]}",False,invalid_format,,,,"animal, by",4.0,1.0,2.0,2.0,"full, know",4.0,979.0,572.0,1551.0,2,True,True,2021,"laptop, phone","HP, Samsung","East Ryan 7-kv, dom 2, Tashkent",Unknown,Tashkent,Unknown
531,William Powell,21,female,77.0,2974598801,West Christopherhaven,?ali@@gmail..com,2016-03-19 00:00:00,ds,95,inactive,,excellent,276.0,1999-06-30 00:00:00,"911 Shields Via, Debbiehaven",INVALID_JSON_DATA,False,invalid_format,2974598801,+998 97 459 88 01,Uzmobile,,,,,,,,,,,0,False,False,0,,,"911 Shields Via, Debbiehaven",Unknown,Unknown,Unknown
532,,18,fmale,92.0,,Robertside,xpeters@osborn.com,1976-02-23 00:00:00,data science,71,pending,-2.0,average,14100.0,2020-11-08 21:57:00,"BROKEN,ADDRESS,DATA,,,","{'hobbies': ['bring', 'relate'], 'skills': {'tech': {'python': 5, 'excel': 2, 'sql': 1}, 'soft': ['light', 'good']}, 'family': {'siblings': 1, 'income': {'father': 752, 'mother': 1262}}, 'devices': [{'type': 'laptop', 'brand': 'HP', 'year': 2016}, {'type': 'phone', 'brand': 'Samsung', 'year': 2020}]}",True,valid,,,,"bring, relate",5.0,2.0,1.0,2.0,"light, good",1.0,752.0,1262.0,2014.0,2,True,True,2020,"laptop, phone","HP, Samsung","BROKEN,ADDRESS,DATA,,,",Unknown,Unknown,Unknown
533,,20,female,81.0,282.743.6299,Josephberg,,2003-07-06 00:00:00,data-sciens,110,inactive,,excellent,181.0,2010-02-13 00:00:00,"9400 Richard Way, Dennisport",INVALID_JSON_DATA,False,missing,2827436299,+998 82 743 62 99,Unknown,,,,,,,,,,,0,False,False,0,,,"9400 Richard Way, Dennisport",Unknown,Unknown,Unknown
534,David Young,19,Male,70.0,001-863-661-4738,Julianshire,someonegmail.com,2020-11-28 01:25:24,DATA SCIENCE,64,pending,,,169.0,1985-07-06 00:00:00,"BROKEN,ADDRESS,DATA,,,",INVALID_JSON_DATA,False,invalid_format,0018636614738,+998 63 661 47 38,Unknown,,,,,,,,,,,0,False,False,0,,,"BROKEN,ADDRESS,DATA,,,",Unknown,Unknown,Unknown
535,Brianna Howell,,female,73.0,,Ortegaview,mooretanner@@moss.net,1975-03-26 00:00:00,Data Science,110,inactive,2.97,average,14400.0,1987-10-25 09:29:00,"4072 Martinez Inlet, West Douglasville",INVALID_JSON_DATA,False,invalid_format,,,,,,,,,,,,,,0,False,False,0,,,"4072 Martinez Inlet, West Douglasville",Unknown,Unknown,Unknown
536,Maria Harvey,,female,,,Port Emilyburgh,true,2023-02-28 09:06:00,Data Science,94,active,,,60.0,1998-06-29 02:48:00,UZ 100658 Tashkent South Elizabethfurt,"{""hobbies"": [""decade"", ""police""], ""skills"": {""tech"": {""python"": 5, ""excel"": 2, ""sql"": 4}, ""soft"": [""also"", ""true""]}, ""family"": {""siblings"": 1, ""income"": {""father"": 1300, ""mother"": 1360}}, ""devices"": [{""type"": ""laptop"", ""brand"": ""Lenovo"", ""year"": 2023}, {""type"": ""phone"", ""brand"": ""Samsung"", ""year"": 2019}]}",False,invalid_format,,,,"decade, police",5.0,2.0,4.0,2.0,"also, true",1.0,1300.0,1360.0,2660.0,2,True,True,2023,"laptop, phone","Lenovo, Samsung",UZ 100658 Tashkent South Elizabethfurt,100658,Tashkent,Unknown
537,Bobby Lee,,female,,,Lake Frank,deborahtaylor@@kerr.com,1986-07-27 00:00:00,Pyhton,102,inactive,,average,90.0,2023-07-27 12:43:48,UZ 100636 Tashkent Port Bryan,"{hobbies:['forget', 'community']}",False,invalid_format,,,,,,,,,,,,,,0,False,False,0,,,UZ 100636 Tashkent Port Bryan,100636,Tashkent,Unknown
538,,20,femlae,93.0,+1-210-314-9222x1022,South Christopherborough,thomaskathleen@@davis-cross.com,1988-01-08 13:27:06,DATA SCIENCE,69,inactive,,average,221.0,2002-01-16 00:00:00,"53120 Logan Overpass Apt. 207, East Ryan","{""hobbies"": [""hundred"", ""between""], ""skills"": {""tech"": {""python"": 5, ""excel"": 1, ""sql"": 4}, ""soft"": [""paper"", ""go""]}, ""family"": {""siblings"": 5, ""income"": {""father"": 1410, ""mother"": 930}}, ""devices"": [{""type"": ""laptop"", ""brand"": ""Lenovo"", ""year"": 2022}, {""type"": ""phone"", ""brand"": ""Apple"", ""year"": 2020}]}",False,invalid_format,121031492221022,+998 49 222 10 22,Unknown,"hundred, between",5.0,1.0,4.0,2.0,"paper, go",5.0,1410.0,930.0,2340.0,2,True,True,2022,"laptop, phone","Lenovo, Apple","53120 Logan Overpass Apt. 207, East Ryan",53120,Unknown,Unknown
539,Kimberly Greer,19,male,,,Lewischester,someonegmail.com,2007-07-05 00:00:00,data-sciens,110,inactive,,average,142.0,1987-08-30 00:00:00,"Apartment 47, Thompsonbury district, Tashkent, UZ, 100192","{hobbies:['instead', 'whose']}",False,invalid_format,,,,,,,,,,,,,,0,False,False,0,,,"Apartment 47, Thompsonbury district, Tashkent, UZ, 100192",100192,Tashkent,Thompsonbury
540,Christopher Glenn,19,MALE,88.0,,West Sandra,eat,1985-11-20 00:00:00,PYTHNO,106,active,,good,11900.0,1973-01-22 00:00:00,"49187 Samantha Forges, East Cindy","{'hobbies': ['Congress', 'member'], 'skills': {'tech': {'python': 5, 'excel': 2, 'sql': 1}, 'soft': ['himself', 'send']}, 'family': {'siblings': 1, 'income': {'father': 292, 'mother': 960}}, 'devices': [{'type': 'laptop', 'brand': 'HP', 'year': 2024}, {'type': 'phone', 'brand': 'Samsung', 'year': 2023}]}",False,invalid_format,,,,"Congress, member",5.0,2.0,1.0,2.0,"himself, send",1.0,292.0,960.0,1252.0,2,True,True,2024,"laptop, phone","HP, Samsung","49187 Samantha Forges, East Cindy",49187,Unknown,Unknown
541,,18,,50.0,(670)628-6626,Joshuaton,,2021-08-14 11:49:41,ds,,pending,2.99,good,92.0,2011-11-08 00:00:00,"88512 Harris Path Suite 804, Lake Sarahport","{hobbies:['across', 'style']}",False,missing,6706286626,+998 70 628 66 26,Unknown,,,,,,,,,,,0,False,False,0,,,"88512 Harris Path Suite 804, Lake Sarahport",88512,Unknown,Unknown
542,Christopher Bradford,,,,001-833-275-0028x15775,Banksview,,2005-11-15 00:00:00,Pyhton,,active,,excellent,272.0,2022-02-13 08:32:07,UZ 100996 Tashkent New Jessicastad,"{hobbies:['picture', 'peace']}",False,missing,001833275002815775,+998 00 281 57 75,Unknown,,,,,,,,,,,0,False,False,0,,,UZ 100996 Tashkent New Jessicastad,100996,Tashkent,Unknown
543,Connor Gonzales,18,male,,282.702.7361x0568,West Hunter,much,1997-04-28 15:42:00,Pyhton,70,pending,,good,81.0,1977-07-14 00:00:00,"903 Sanchez Fall, West Yvonneside","{'hobbies': ['them', 'suffer'], 'skills': {'tech': {'python': 2, 'excel': 3, 'sql': 4}, 'soft': ['tree', 'service']}, 'family': {'siblings': 1, 'income': {'father': 1159, 'mother': 1416}}, 'devices': [{'type': 'laptop', 'brand': 'HP', 'year': 2020}, {'type': 'phone', 'brand': 'Xiaomi', 'year': 2024}]}",False,invalid_format,28270273610568,+998 27 361 05 68,Unknown,"them, suffer",2.0,3.0,4.0,2.0,"tree, service",1.0,1159.0,1416.0,2575.0,2,True,True,2024,"laptop, phone","HP, Xiaomi","903 Sanchez Fall, West Yvonneside",Unknown,Unknown,Unknown
544,Samantha Howard,,,,992-189-5672,Williamview,anita28@@evans.com,1979-09-22 06:28:00,Data Science,61,active,15.5,excellent,52.0,1980-08-17 10:24:00,UZ 100303 Tashkent Elizabethstad,"{hobbies:['plan', 'east']}",False,invalid_format,9921895672,+998 92 189 56 72,Uzbektelecom,,,,,,,,,,,0,False,False,0,,,UZ 100303 Tashkent Elizabethstad,100303,Tashkent,Unknown
545,John Lynn,22,,,119.191.9979x5395,Port Susanfort,emily04@@hotmail.com,2014-01-19 00:39:00,PYTHNO,80,pending,,excellent,163.0,2021-05-03 06:19:39,UZ 100562 Tashkent Hernandezchester,"{'hobbies': ['whose', 'go'], 'skills': {'tech': {'python': 1, 'excel': 3, 'sql': 2}, 'soft': ['future', 'green']}, 'family': {'siblings': 2, 'income': {'father': 447, 'mother': 427}}, 'devices': [{'type': 'laptop', 'brand': 'Dell', 'year': 2015}, {'type': 'phone', 'brand': 'Apple', 'year': 2022}]}",False,invalid_format,11919199795395,+998 19 979 53 95,Unknown,"whose, go",1.0,3.0,2.0,2.0,"future, green",2.0,447.0,427.0,874.0,2,True,True,2022,"laptop, phone","Dell, Apple",UZ 100562 Tashkent Hernandezchester,100562,Tashkent,Unknown
546,Amber Small,20,,87.0,,Georgeborough,someonegmail.com,1970-02-05 00:00:00,Pyhton,110,inactive,-2.0,good,56.0,2018-10-28 00:00:00,"BROKEN,ADDRESS,DATA,,,","{hobbies:['society', 'lot']}",False,invalid_format,,,,,,,,,,,,,,0,False,False,0,,,"BROKEN,ADDRESS,DATA,,,",Unknown,Unknown,Unknown
547,Jesse Stafford,,Male,57.0,,Kleinchester,above,1998-04-17 07:10:00,data-sciens,110,pending,15.5,excellent,246.0,1999-06-18 14:24:24,"Apartment 17, Port Danielville district, Tashkent, UZ, 100121","{""hobbies"": [""any"", ""those""], ""skills"": {""tech"": {""python"": 3, ""excel"": 5, ""sql"": 4}, ""soft"": [""challenge"", ""less""]}, ""family"": {""siblings"": 2, ""income"": {""father"": 541, ""mother"": 1233}}, ""devices"": [{""type"": ""laptop"", ""brand"": ""Dell"", ""year"": 2024}, {""type"": ""phone"", ""brand"": ""Samsung"", ""year"": 2023}]}",False,invalid_format,,,,"any, those",3.0,5.0,4.0,2.0,"challenge, less",2.0,541.0,1233.0,1774.0,2,True,True,2024,"laptop, phone","Dell, Samsung","Apartment 17, Port Danielville district, Tashkent, UZ, 100121",100121,Tashkent,Danielville
548,Donna Lewis MD,19,Male,66.0,,Jensenton,party,1999-12-11 00:00:00,python,110,active,-2.0,excellent,124.0,1997-01-15 00:00:00,"05309 Mullins Centers Suite 435, Dorothytown","{""hobbies"": [""mother"", ""before""], ""skills"": {""tech"": {""python"": 1, ""excel"": 5, ""sql"": 2}, ""soft"": [""and"", ""various""]}, ""family"": {""siblings"": 4, ""income"": {""father"": 1030, ""mother"": 785}}, ""devices"": [{""type"": ""laptop"", ""brand"": ""HP"", ""year"": 2022}, {""type"": ""phone"", ""brand"": ""Xiaomi"", ""year"": 2021}]}",False,invalid_format,,,,"mother, before",1.0,5.0,2.0,2.0,"and, various",4.0,1030.0,785.0,1815.0,2,True,True,2022,"laptop, phone","HP, Xiaomi","05309 Mullins Centers Suite 435, Dorothytown",05309,Unknown,Unknown
549,Shannon Kelly,19,femlae,,(550)229-2180x076,South Brittanyfurt,alison82@hotmail.com,2023-01-05 20:17:13,data science,109,active,,excellent,94.0,1999-09-05 00:00:00,"Dillonton 30-kv, dom 35, Tashkent","{hobbies:['include', 'face']}",True,valid,5502292180076,+998 29 218 00 76,Unknown,,,,,,,,,,,0,False,False,0,,,"Dillonton 30-kv, dom 35, Tashkent",Unknown,Tashkent,Unknown
550,Ashley Reyes,21,femlae,58.0,,West Hayleystad,?ali@@gmail..com,2020-05-26 00:00:00,ds,69,active,,average,140.0,1982-03-20 06:07:00,"BROKEN,ADDRESS,DATA,,,","{""hobbies"": [""first"", ""cost""], ""skills"": {""tech"": {""python"": 5, ""excel"": 5, ""sql"": 5}, ""soft"": [""politics"", ""thought""]}, ""family"": {""siblings"": 0, ""income"": {""father"": 1237, ""mother"": 1340}}, ""devices"": [{""type"": ""laptop"", ""brand"": ""Lenovo"", ""year"": 2016}, {""type"": ""phone"", ""brand"": ""Apple"", ""year"": 2019}]}",False,invalid_format,,,,"first, cost",5.0,5.0,5.0,2.0,"politics, thought",0.0,1237.0,1340.0,2577.0,2,True,True,2019,"laptop, phone","Lenovo, Apple","BROKEN,ADDRESS,DATA,,,",Unknown,Unknown,Unknown
551,Christopher Mclaughlin,,FEMALE,,914.928.8819x047,South Jennifer,moralesmargaret@hotmail.com,2004-01-07 00:00:00,Pyhton,110,pending,37.0,excellent,121.0,1970-03-04 00:00:00,"New Shawnmouth 19-kv, dom 14, Tashkent","{'hobbies': ['listen', 'trial'], 'skills': {'tech': {'python': 2, 'excel': 4, 'sql': 3}, 'soft': ['world', 'all']}, 'family': {'siblings': 0, 'income': {'father': 1440, 'mother': 1192}}, 'devices': [{'type': 'laptop', 'brand': 'HP', 'year': 2019}, {'type': 'phone', 'brand': 'Samsung', 'year': 2020}]}",True,valid,9149288819047,+998 28 881 90 47,Unknown,"listen, trial",2.0,4.0,3.0,2.0,"world, all",0.0,1440.0,1192.0,2632.0,2,True,True,2020,"laptop, phone","HP, Samsung","New Shawnmouth 19-kv, dom 14, Tashkent",Unknown,Tashkent,Unknown
552,Judith Cortez,,female,84.0,001-877-564-6510x977,Port Stephanie,someonegmail.com,1987-01-21 00:00:00,PYTHNO,,active,-2.0,excellent,213.0,2022-04-27 18:47:11,UZ 100501 Tashkent North Elizabeth,"{""hobbies"": [""total"", ""have""], ""skills"": {""tech"": {""python"": 2, ""excel"": 3, ""sql"": 2}, ""soft"": [""lawyer"", ""several""]}, ""family"": {""siblings"": 0, ""income"": {""father"": 859, ""mother"": 997}}, ""devices"": [{""type"": ""laptop"", ""brand"": ""Dell"", ""year"": 2019}, {""type"": ""phone"", ""brand"": ""Samsung"", ""year"": 2022}]}",False,invalid_format,0018775646510977,+998 64 651 09 77,Unknown,"total, have",2.0,3.0,2.0,2.0,"lawyer, several",0.0,859.0,997.0,1856.0,2,True,True,2022,"laptop, phone","Dell, Samsung",UZ 100501 Tashkent North Elizabeth,100501,Tashkent,Unknown
553,,20,female,,,West Emma,douglasbecker@yahoo.com,1979-07-16 09:07:25,data_sciense,110,pending,,good,55.0,1994-08-22 00:00:00,"Vincentfurt 18-kv, dom 27, Tashkent","{""hobbies"": [""thought"", ""key""], ""skills"": {""tech"": {""python"": 5, ""excel"": 4, ""sql"": 3}, ""soft"": [""fill"", ""believe""]}, ""family"": {""siblings"": 2, ""income"": {""father"": 864, ""mother"": 1073}}, ""devices"": [{""type"": ""laptop"", ""brand"": ""Lenovo"", ""year"": 2022}, {""type"": ""phone"", ""brand"": ""Samsung"", ""year"": 2020}]}",True,valid,,,,"thought, key",5.0,4.0,3.0,2.0,"fill, believe",2.0,864.0,1073.0,1937.0,2,True,True,2022,"laptop, phone","Lenovo, Samsung","Vincentfurt 18-kv, dom 27, Tashkent",Unknown,Tashkent,Unknown
554,Michael James,,female,66.0,033.551.4589x9501,Andreborough,victoria57@hotmail.com,1996-11-23 00:00:00,python,,inactive,,excellent,53.0,1987-06-01 00:00:00,"BROKEN,ADDRESS,DATA,,,","{hobbies:['after', 'speech']}",True,valid,03355145899501,+998 14 589 95 01,Unknown,,,,,,,,,,,0,False,False,0,,,"BROKEN,ADDRESS,DATA,,,",Unknown,Unknown,Unknown
555,Cynthia Merritt,19,,50.0,001-676-237-6666x53449,Lake Sydney,laura82@@davidson.biz,2021-08-05 05:06:48,data-sciens,,pending,15.5,excellent,120.0,2006-06-25 19:23:33,"BROKEN,ADDRESS,DATA,,,","{'hobbies': ['here', 'out'], 'skills': {'tech': {'python': 3, 'excel': 1, 'sql': 5}, 'soft': ['move', 'thousand']}, 'family': {'siblings': 0, 'income': {'father': 1116, 'mother': 1230}}, 'devices': [{'type': 'laptop', 'brand': 'Dell', 'year': 2022}, {'type': 'phone', 'brand': 'Samsung', 'year': 2019}]}",False,invalid_format,001676237666653449,+998 66 665 34 49,Unknown,"here, out",3.0,1.0,5.0,2.0,"move, thousand",0.0,1116.0,1230.0,2346.0,2,True,True,2022,"laptop, phone","Dell, Samsung","BROKEN,ADDRESS,DATA,,,",Unknown,Unknown,Unknown
556,,18,FEMALE,,,Lake Cindy,someonegmail.com,2020-10-29 11:02:52,Data Science,,inactive,0.0,excellent,300.0,2022-01-17 14:31:55,"BROKEN,ADDRESS,DATA,,,","{'hobbies': ['than', 'character'], 'skills': {'tech': {'python': 1, 'excel': 2, 'sql': 5}, 'soft': ['fire', 'street']}, 'family': {'siblings': 5, 'income': {'father': 972, 'mother': 1026}}, 'devices': [{'type': 'laptop', 'brand': 'Lenovo', 'year': 2022}, {'type': 'phone', 'brand': 'Xiaomi', 'year': 2019}]}",False,invalid_format,,,,"than, character",1.0,2.0,5.0,2.0,"fire, street",5.0,972.0,1026.0,1998.0,2,True,True,2022,"laptop, phone","Lenovo, Xiaomi","BROKEN,ADDRESS,DATA,,,",Unknown,Unknown,Unknown
557,Lori Thompson,,fmale,,337-457-2290x3710,New Jonathon,,2023-05-11 15:54:46,data-sciens,,inactive,37.0,excellent,248.0,1987-04-29 00:00:00,"549 Cain Extensions, Jamesmouth",INVALID_JSON_DATA,False,missing,33745722903710,+998 72 290 37 10,Unknown,,,,,,,,,,,0,False,False,0,,,"549 Cain Extensions, Jamesmouth",Unknown,Unknown,Unknown
558,David Smith,21,,,,West Morganberg,someonegmail.com,2021-12-19 21:28:14,ds,110,active,37.0,,92.0,1979-03-06 09:50:32,"BROKEN,ADDRESS,DATA,,,","{""hobbies"": [""number"", ""similar""], ""skills"": {""tech"": {""python"": 4, ""excel"": 2, ""sql"": 3}, ""soft"": [""thought"", ""require""]}, ""family"": {""siblings"": 1, ""income"": {""father"": 1472, ""mother"": 774}}, ""devices"": [{""type"": ""laptop"", ""brand"": ""Lenovo"", ""year"": 2021}, {""type"": ""phone"", ""brand"": ""Xiaomi"", ""year"": 2019}]}",False,invalid_format,,,,"number, similar",4.0,2.0,3.0,2.0,"thought, require",1.0,1472.0,774.0,2246.0,2,True,True,2021,"laptop, phone","Lenovo, Xiaomi","BROKEN,ADDRESS,DATA,,,",Unknown,Unknown,Unknown
559,Erin Thomas,20,fmale,87.0,,Farmerborough,,2021-11-15 00:00:00,Pyhton,110,pending,,excellent,280.0,2016-09-16 11:22:00,"BROKEN,ADDRESS,DATA,,,",INVALID_JSON_DATA,False,missing,,,,,,,,,,,,,,0,False,False,0,,,"BROKEN,ADDRESS,DATA,,,",Unknown,Unknown,Unknown
560,Stephanie Foley,,FEMALE,52.0,001-953-838-7256x2428,Allisonside,rmoreno@@hotmail.com,1971-12-07 00:03:57,data-sciens,110,inactive,15.5,good,295.0,2022-05-15 06:38:00,"Apartment 41, Port Joshuaport district, Tashkent, UZ, 100930","{hobbies:['perhaps', 'today']}",False,invalid_format,00195383872562428,+998 87 256 24 28,Unknown,,,,,,,,,,,0,False,False,0,,,"Apartment 41, Port Joshuaport district, Tashkent, UZ, 100930",100930,Tashkent,Joshuaport
561,Shannon Henderson,20,MALE,,,Danielside,,1998-03-11 00:00:00,d.s.,98,inactive,0.0,excellent,23200.0,1976-03-25 19:41:00,UZ 100576 Tashkent Port Kimberlyport,"{'hobbies': ['newspaper', 'soon'], 'skills': {'tech': {'python': 1, 'excel': 2, 'sql': 1}, 'soft': ['law', 'themselves']}, 'family': {'siblings': 4, 'income': {'father': 742, 'mother': 1045}}, 'devices': [{'type': 'laptop', 'brand': 'Dell', 'year': 2021}, {'type': 'phone', 'brand': 'Apple', 'year': 2024}]}",False,missing,,,,"newspaper, soon",1.0,2.0,1.0,2.0,"law, themselves",4.0,742.0,1045.0,1787.0,2,True,True,2024,"laptop, phone","Dell, Apple",UZ 100576 Tashkent Port Kimberlyport,100576,Tashkent,Unknown
562,,18,male,,591-058-3931,South Alexanderport,angela86@jones.info,2001-11-09 00:00:00,Pyhton,118,active,37.0,excellent,156.0,1990-03-20 17:14:55,"Apartment 24, North Maryview district, Tashkent, UZ, 100415","{hobbies:['need', 'six']}",True,valid,5910583931,+998 91 058 39 31,Beeline,,,,,,,,,,,0,False,False,0,,,"Apartment 24, North Maryview district, Tashkent, UZ, 100415",100415,Tashkent,Maryview
563,,,FEMALE,58.0,284.182.1269x898,Sarahhaven,rclark@williams-duran.com,2006-10-14 00:00:00,d.s.,63,inactive,,excellent,6700.0,1999-01-29 00:00:00,"3151 Laura Ridge Suite 752, Port Eric","{""hobbies"": [""hear"", ""party""], ""skills"": {""tech"": {""python"": 4, ""excel"": 2, ""sql"": 4}, ""soft"": [""majority"", ""song""]}, ""family"": {""siblings"": 5, ""income"": {""father"": 210, ""mother"": 448}}, ""devices"": [{""type"": ""laptop"", ""brand"": ""HP"", ""year"": 2024}, {""type"": ""phone"", ""brand"": ""Apple"", ""year"": 2022}]}",True,valid,2841821269898,+998 82 126 98 98,Unknown,"hear, party",4.0,2.0,4.0,2.0,"majority, song",5.0,210.0,448.0,658.0,2,True,True,2024,"laptop, phone","HP, Apple","3151 Laura Ridge Suite 752, Port Eric",Unknown,Unknown,Unknown
564,Bryan Boyd,19,femlae,72.0,787.372.7406,New Johnton,sharon79@davis.org,1994-09-20 03:30:00,data science,,pending,15.5,good,187.0,1972-07-15 00:00:00,UZ 100126 Tashkent Turnerhaven,"{'hobbies': ['ball', 'some'], 'skills': {'tech': {'python': 1, 'excel': 4, 'sql': 1}, 'soft': ['ok', 'various']}, 'family': {'siblings': 5, 'income': {'father': 688, 'mother': 428}}, 'devices': [{'type': 'laptop', 'brand': 'Dell', 'year': 2019}, {'type': 'phone', 'brand': 'Xiaomi', 'year': 2018}]}",True,valid,7873727406,+998 87 372 74 06,Unknown,"ball, some",1.0,4.0,1.0,2.0,"ok, various",5.0,688.0,428.0,1116.0,2,True,True,2019,"laptop, phone","Dell, Xiaomi",UZ 100126 Tashkent Turnerhaven,100126,Tashkent,Unknown
565,John Osborn,21,female,96.0,771-430-4946,Port Tamara,ibentley@@wong.com,1992-06-13 10:18:00,Pyhton,116,pending,37.0,,115.0,1983-07-23 10:43:00,"Barnettbury 23-kv, dom 27, Tashkent",INVALID_JSON_DATA,False,invalid_format,7714304946,+998 71 430 49 46,Unknown,,,,,,,,,,,0,False,False,0,,,"Barnettbury 23-kv, dom 27, Tashkent",Unknown,Tashkent,Unknown
566,Anna Clark,20,male,,818-614-3345x932,Sanchezton,wooderika@@patel.com,1981-01-13 00:00:00,ds,110,inactive,-2.0,,5200.0,1979-01-02 07:04:00,"8770 Danielle Trail Suite 654, South Taylor",INVALID_JSON_DATA,False,invalid_format,8186143345932,+998 14 334 59 32,Unknown,,,,,,,,,,,0,False,False,0,,,"8770 Danielle Trail Suite 654, South Taylor",Unknown,Unknown,Unknown
567,Ashley Jacobs,20,Female,70.0,(315)587-4008x801,Manntown,someonegmail.com,1970-09-14 00:00:00,Data Science,78,active,3.45,average,244.0,2013-12-09 00:00:00,"Apartment 42, New Catherineport district, Tashkent, UZ, 100081","{'hobbies': ['admit', 'new'], 'skills': {'tech': {'python': 2, 'excel': 1, 'sql': 4}, 'soft': ['high', 'me']}, 'family': {'siblings': 5, 'income': {'father': 674, 'mother': 897}}, 'devices': [{'type': 'laptop', 'brand': 'HP', 'year': 2015}, {'type': 'phone', 'brand': 'Xiaomi', 'year': 2023}]}",False,invalid_format,3155874008801,+998 87 400 88 01,Unknown,"admit, new",2.0,1.0,4.0,2.0,"high, me",5.0,674.0,897.0,1571.0,2,True,True,2023,"laptop, phone","HP, Xiaomi","Apartment 42, New Catherineport district, Tashkent, UZ, 100081",100081,Tashkent,Catherineport
568,,19,MALE,92.0,661.451.4948x6082,Bethside,,1996-09-01 07:48:34,d.s.,,active,37.0,good,196.0,2023-06-02 00:00:00,UZ 100443 Tashkent South Matthew,"{'hobbies': ['most', 'a'], 'skills': {'tech': {'python': 4, 'excel': 4, 'sql': 5}, 'soft': ['yard', 'walk']}, 'family': {'siblings': 2, 'income': {'father': 1488, 'mother': 640}}, 'devices': [{'type': 'laptop', 'brand': 'Lenovo', 'year': 2016}, {'type': 'phone', 'brand': 'Samsung', 'year': 2022}]}",False,missing,66145149486082,+998 14 948 60 82,Unknown,"most, a",4.0,4.0,5.0,2.0,"yard, walk",2.0,1488.0,640.0,2128.0,2,True,True,2022,"laptop, phone","Lenovo, Samsung",UZ 100443 Tashkent South Matthew,100443,Tashkent,Unknown
569,,22,femlae,77.0,(759)318-9602x0470,Johnborough,,2003-04-21 00:00:00,d.s.,110,inactive,0.0,excellent,300.0,2020-09-30 00:00:00,UZ 100187 Tashkent Garciaberg,"{'hobbies': ['coach', 'air'], 'skills': {'tech': {'python': 1, 'excel': 1, 'sql': 3}, 'soft': ['wait', 'guy']}, 'family': {'siblings': 5, 'income': {'father': 513, 'mother': 772}}, 'devices': [{'type': 'laptop', 'brand': 'Dell', 'year': 2018}, {'type': 'phone', 'brand': 'Xiaomi', 'year': 2024}]}",False,missing,75931896020470,+998 89 602 04 70,Unknown,"coach, air",1.0,1.0,3.0,2.0,"wait, guy",5.0,513.0,772.0,1285.0,2,True,True,2024,"laptop, phone","Dell, Xiaomi",UZ 100187 Tashkent Garciaberg,100187,Tashkent,Unknown
570,Haley Johnson,,MALE,74.0,937.580.0127,Goodwintown,interesting,2023-06-12 23:49:26,Data Science,,active,,excellent,282.0,2012-08-23 05:42:00,UZ 100802 Tashkent East Andrewstad,"{'hobbies': ['simple', 'play'], 'skills': {'tech': {'python': 2, 'excel': 3, 'sql': 1}, 'soft': ['benefit', 'structure']}, 'family': {'siblings': 1, 'income': {'father': 985, 'mother': 314}}, 'devices': [{'type': 'laptop', 'brand': 'Dell', 'year': 2018}, {'type': 'phone', 'brand': 'Apple', 'year': 2018}]}",False,invalid_format,9375800127,+998 37 580 01 27,Unknown,"simple, play",2.0,3.0,1.0,2.0,"benefit, structure",1.0,985.0,314.0,1299.0,2,True,True,2018,"laptop, phone","Dell, Apple",UZ 100802 Tashkent East Andrewstad,100802,Tashkent,Unknown
571,Amanda Gonzalez,21,,,,West Jefferyside,xle@moore-maxwell.info,2019-12-26 10:26:00,Data Science,110,pending,3.66,excellent,192.0,2001-01-30 00:00:00,"Apartment 35, South Jeanettefurt district, Tashkent, UZ, 100371","{hobbies:['reduce', 'all']}",True,valid,,,,,,,,,,,,,,0,False,False,0,,,"Apartment 35, South Jeanettefurt district, Tashkent, UZ, 100371",100371,Tashkent,Jeanettefurt
572,Ryan Simmons,22,male,93.0,456.713.5387,Jocelynton,,2011-01-13 19:27:46,d.s.,110,inactive,15.5,good,103.0,1992-09-26 21:37:30,"Apartment 7, South Scott district, Tashkent, UZ, 100855","{'hobbies': ['true', 'everything'], 'skills': {'tech': {'python': 4, 'excel': 5, 'sql': 3}, 'soft': ['spring', 'knowledge']}, 'family': {'siblings': 4, 'income': {'father': 1055, 'mother': 877}}, 'devices': [{'type': 'laptop', 'brand': 'Dell', 'year': 2020}, {'type': 'phone', 'brand': 'Apple', 'year': 2021}]}",False,missing,4567135387,+998 56 713 53 87,Unknown,"true, everything",4.0,5.0,3.0,2.0,"spring, knowledge",4.0,1055.0,877.0,1932.0,2,True,True,2021,"laptop, phone","Dell, Apple","Apartment 7, South Scott district, Tashkent, UZ, 100855",100855,Tashkent,Scott
573,David Adams,,female,79.0,825.412.0539,South Juan,garciajennifer@luna-kent.info,1996-11-27 00:00:00,PYTHNO,110,active,37.0,excellent,177.0,2014-07-10 19:50:13,UZ 100593 Tashkent Loganmouth,INVALID_JSON_DATA,True,valid,8254120539,+998 25 412 05 39,Unknown,,,,,,,,,,,0,False,False,0,,,UZ 100593 Tashkent Loganmouth,100593,Tashkent,Unknown
574,,21,femlae,,001-644-867-5819,South Nicole,,1985-06-21 11:08:00,data science,119,active,0.0,excellent,171.0,2009-01-16 00:00:00,"11917 Michael Creek, Hessborough",INVALID_JSON_DATA,False,missing,0016448675819,+998 44 867 58 19,Unknown,,,,,,,,,,,0,False,False,0,,,"11917 Michael Creek, Hessborough",11917,Unknown,Unknown
575,,20,MALE,87.0,761-695-5562,North Emilyfurt,person,2017-07-20 00:00:00,ds,110,inactive,37.0,,16900.0,1987-05-10 00:00:00,UZ 100298 Tashkent Wattsberg,INVALID_JSON_DATA,False,invalid_format,7616955562,+998 61 695 55 62,Unknown,,,,,,,,,,,0,False,False,0,,,UZ 100298 Tashkent Wattsberg,100298,Tashkent,Unknown
576,,,female,,+1-371-294-7206x432,Port Matthew,lwright@yahoo.com,2001-06-21 09:58:18,Pyhton,113,pending,15.5,average,147.0,2024-10-27 23:24:25,"Apartment 42, Port Carlos district, Tashkent, UZ, 100983","{'hobbies': ['front', 'deal'], 'skills': {'tech': {'python': 2, 'excel': 4, 'sql': 3}, 'soft': ['affect', 'sound']}, 'family': {'siblings': 1, 'income': {'father': 1024, 'mother': 468}}, 'devices': [{'type': 'laptop', 'brand': 'Lenovo', 'year': 2023}, {'type': 'phone', 'brand': 'Xiaomi', 'year': 2018}]}",True,valid,13712947206432,+998 94 720 64 32,Ucell,"front, deal",2.0,4.0,3.0,2.0,"affect, sound",1.0,1024.0,468.0,1492.0,2,True,True,2023,"laptop, phone","Lenovo, Xiaomi","Apartment 42, Port Carlos district, Tashkent, UZ, 100983",100983,Tashkent,Carlos
577,,18,female,91.0,(897)949-3503x3783,Adrienneside,,2017-03-17 01:02:00,PYTHNO,,pending,-2.0,average,88.0,2011-08-20 00:00:00,"BROKEN,ADDRESS,DATA,,,","{""hobbies"": [""recognize"", ""mention""], ""skills"": {""tech"": {""python"": 4, ""excel"": 4, ""sql"": 4}, ""soft"": [""glass"", ""future""]}, ""family"": {""siblings"": 3, ""income"": {""father"": 1330, ""mother"": 904}}, ""devices"": [{""type"": ""laptop"", ""brand"": ""HP"", ""year"": 2020}, {""type"": ""phone"", ""brand"": ""Xiaomi"", ""year"": 2020}]}",False,missing,89794935033783,+998 93 503 37 83,Ucell,"recognize, mention",4.0,4.0,4.0,2.0,"glass, future",3.0,1330.0,904.0,2234.0,2,True,True,2020,"laptop, phone","HP, Xiaomi","BROKEN,ADDRESS,DATA,,,",Unknown,Unknown,Unknown
578,Michael Williams,20,,80.0,001-540-460-9543,Coleview,whole,1986-08-13 00:00:00,ds,89,pending,,good,182.0,1995-07-26 07:41:20,"BROKEN,ADDRESS,DATA,,,","{'hobbies': ['southern', 'teach'], 'skills': {'tech': {'python': 2, 'excel': 2, 'sql': 1}, 'soft': ['office', 'notice']}, 'family': {'siblings': 5, 'income': {'father': 1002, 'mother': 1037}}, 'devices': [{'type': 'laptop', 'brand': 'HP', 'year': 2022}, {'type': 'phone', 'brand': 'Apple', 'year': 2020}]}",False,invalid_format,0015404609543,+998 40 460 95 43,Unknown,"southern, teach",2.0,2.0,1.0,2.0,"office, notice",5.0,1002.0,1037.0,2039.0,2,True,True,2022,"laptop, phone","HP, Apple","BROKEN,ADDRESS,DATA,,,",Unknown,Unknown,Unknown
579,,22,male,60.0,,South Kevinland,hollybarnes@ortiz-rodriguez.com,1980-02-11 00:00:00,PYTHNO,76,active,37.0,excellent,167.0,2022-07-28 05:42:16,"66803 Barrett Lodge Suite 303, Amandaside",INVALID_JSON_DATA,True,valid,,,,,,,,,,,,,,0,False,False,0,,,"66803 Barrett Lodge Suite 303, Amandaside",66803,Unknown,Unknown
580,Christopher Sanchez,21,,,276-237-4873x00434,New Erik,kathryn31@price.biz,2011-09-08 00:00:00,data science,110,pending,-2.0,good,169.0,1975-01-25 00:00:00,"51394 Benjamin Green, Durantown","{'hobbies': ['herself', 'debate'], 'skills': {'tech': {'python': 3, 'excel': 2, 'sql': 4}, 'soft': ['party', 'put']}, 'family': {'siblings': 1, 'income': {'father': 1463, 'mother': 1482}}, 'devices': [{'type': 'laptop', 'brand': 'HP', 'year': 2023}, {'type': 'phone', 'brand': 'Xiaomi', 'year': 2024}]}",True,valid,276237487300434,+998 48 730 04 34,Unknown,"herself, debate",3.0,2.0,4.0,2.0,"party, put",1.0,1463.0,1482.0,2945.0,2,True,True,2024,"laptop, phone","HP, Xiaomi","51394 Benjamin Green, Durantown",51394,Unknown,Unknown
581,Kathleen Lambert,20,male,99.0,214.099.9687x77246,Port Kelly,nrose@wright-brewer.biz,2016-07-24 11:45:00,DATA SCIENCE,65,inactive,15.5,good,165.0,2011-01-05 18:22:00,UZ 100644 Tashkent Lake Robertland,"{hobbies:['attack', 'new']}",True,valid,214099968777246,+998 96 877 72 46,Unknown,,,,,,,,,,,0,False,False,0,,,UZ 100644 Tashkent Lake Robertland,100644,Tashkent,Unknown
582,Traci Guerra,18,fmale,,001-672-328-2849x89575,Ashleyville,someonegmail.com,1982-11-04 20:35:16,data science,110,pending,1.19,,254.0,1999-12-06 00:00:00,"0398 Zoe Walk Suite 987, New Aaron","{""hobbies"": [""something"", ""sea""], ""skills"": {""tech"": {""python"": 2, ""excel"": 4, ""sql"": 5}, ""soft"": [""which"", ""prove""]}, ""family"": {""siblings"": 3, ""income"": {""father"": 1096, ""mother"": 1000}}, ""devices"": [{""type"": ""laptop"", ""brand"": ""HP"", ""year"": 2018}, {""type"": ""phone"", ""brand"": ""Apple"", ""year"": 2019}]}",False,invalid_format,001672328284989575,+998 28 498 95 75,Unknown,"something, sea",2.0,4.0,5.0,2.0,"which, prove",3.0,1096.0,1000.0,2096.0,2,True,True,2019,"laptop, phone","HP, Apple","0398 Zoe Walk Suite 987, New Aaron",Unknown,Unknown,Unknown
583,,22,male,,159.565.8998x1094,Thompsonhaven,someonegmail.com,2022-12-12 06:42:31,data_sciense,117,active,0.0,good,283.0,2018-07-29 00:00:00,UZ 100081 Tashkent Crawfordport,"{hobbies:['reason', 'far']}",False,invalid_format,15956589981094,+998 58 998 10 94,Unknown,,,,,,,,,,,0,False,False,0,,,UZ 100081 Tashkent Crawfordport,100081,Tashkent,Unknown
584,Sheila Bell,20,female,,762-565-4761x0093,Robertville,monicabarber@@hotmail.com,1971-01-28 00:00:00,data science,,active,37.0,,127.0,2016-07-24 08:38:00,"683 Timothy Harbor, Mooreland","{'hobbies': ['we', 'husband'], 'skills': {'tech': {'python': 1, 'excel': 3, 'sql': 2}, 'soft': ['instead', 'this']}, 'family': {'siblings': 3, 'income': {'father': 875, 'mother': 1382}}, 'devices': [{'type': 'laptop', 'brand': 'Lenovo', 'year': 2022}, {'type': 'phone', 'brand': 'Xiaomi', 'year': 2023}]}",False,invalid_format,76256547610093,+998 54 761 00 93,Unknown,"we, husband",1.0,3.0,2.0,2.0,"instead, this",3.0,875.0,1382.0,2257.0,2,True,True,2023,"laptop, phone","Lenovo, Xiaomi","683 Timothy Harbor, Mooreland",Unknown,Unknown,Unknown
585,,19,fmale,,,East Joshua,,2021-07-12 00:25:59,data science,82,active,15.5,,187.0,1984-06-09 14:32:00,"9561 Corey Coves Suite 845, Lucasview",INVALID_JSON_DATA,False,missing,,,,,,,,,,,,,,0,False,False,0,,,"9561 Corey Coves Suite 845, Lucasview",Unknown,Unknown,Unknown
586,Kevin Thomas,18,fmale,,222-993-3148x23095,Glasstown,,2013-06-13 00:00:00,d.s.,110,inactive,0.0,excellent,91.0,2022-02-22 12:51:27,"Rochachester 7-kv, dom 22, Tashkent",INVALID_JSON_DATA,False,missing,222993314823095,+998 31 482 30 95,Unknown,,,,,,,,,,,0,False,False,0,,,"Rochachester 7-kv, dom 22, Tashkent",Unknown,Tashkent,Unknown
587,Dr. Brandon Berry,,fmale,,153.238.9492,New Carmenmouth,,1995-01-17 00:00:00,ds,110,pending,,average,219.0,1991-06-13 11:17:00,"Apartment 2, Port Yvonnefort district, Tashkent, UZ, 100944",INVALID_JSON_DATA,False,missing,1532389492,+998 53 238 94 92,Unknown,,,,,,,,,,,0,False,False,0,,,"Apartment 2, Port Yvonnefort district, Tashkent, UZ, 100944",100944,Tashkent,Yvonnefort
588,Crystal Olsen,22,femlae,99.0,,Joshuahaven,someonegmail.com,2017-02-11 00:00:00,Pyhton,79,active,2.9,,71.0,2022-04-28 23:29:45,"North Christineberg 8-kv, dom 22, Tashkent","{'hobbies': ['popular', 'statement'], 'skills': {'tech': {'python': 2, 'excel': 5, 'sql': 3}, 'soft': ['become', 'join']}, 'family': {'siblings': 1, 'income': {'father': 903, 'mother': 822}}, 'devices': [{'type': 'laptop', 'brand': 'Dell', 'year': 2023}, {'type': 'phone', 'brand': 'Apple', 'year': 2021}]}",False,invalid_format,,,,"popular, statement",2.0,5.0,3.0,2.0,"become, join",1.0,903.0,822.0,1725.0,2,True,True,2023,"laptop, phone","Dell, Apple","North Christineberg 8-kv, dom 22, Tashkent",Unknown,Tashkent,Unknown
589,Joseph Wilson,22,MALE,,,Monroeview,michaeljones@moon-foster.com,1972-03-09 00:00:00,PYTHNO,110,active,15.5,excellent,265.0,2021-12-18 22:57:13,"9406 Black Common, Boltonmouth","{""hobbies"": [""song"", ""range""], ""skills"": {""tech"": {""python"": 2, ""excel"": 2, ""sql"": 4}, ""soft"": [""father"", ""himself""]}, ""family"": {""siblings"": 5, ""income"": {""father"": 584, ""mother"": 230}}, ""devices"": [{""type"": ""laptop"", ""brand"": ""HP"", ""year"": 2022}, {""type"": ""phone"", ""brand"": ""Apple"", ""year"": 2018}]}",True,valid,,,,"song, range",2.0,2.0,4.0,2.0,"father, himself",5.0,584.0,230.0,814.0,2,True,True,2022,"laptop, phone","HP, Apple","9406 Black Common, Boltonmouth",Unknown,Unknown,Unknown
590,,,male,,+1-654-435-0045x597,South Michaelhaven,ewalters@@russell.info,1973-03-17 09:24:01,data science,88,pending,,excellent,194.0,1991-02-20 00:00:00,"6542 Kristin Bridge Apt. 211, West Jessicaland","{'hobbies': ['security', 'such'], 'skills': {'tech': {'python': 5, 'excel': 3, 'sql': 4}, 'soft': ['instead', 'establish']}, 'family': {'siblings': 4, 'income': {'father': 1215, 'mother': 1022}}, 'devices': [{'type': 'laptop', 'brand': 'HP', 'year': 2022}, {'type': 'phone', 'brand': 'Xiaomi', 'year': 2023}]}",False,invalid_format,16544350045597,+998 35 004 55 97,Unknown,"security, such",5.0,3.0,4.0,2.0,"instead, establish",4.0,1215.0,1022.0,2237.0,2,True,True,2023,"laptop, phone","HP, Xiaomi","6542 Kristin Bridge Apt. 211, West Jessicaland",Unknown,Unknown,Unknown
591,Dean Moore,18,fmale,63.0,960.706.7569x4892,Perryland,hsmith@nelson-bryant.com,1976-06-11 00:00:00,data_sciense,110,pending,-2.0,excellent,289.0,1986-10-31 00:00:00,"Apartment 18, South Garyport district, Tashkent, UZ, 100844","{""hobbies"": [""positive"", ""could""], ""skills"": {""tech"": {""python"": 1, ""excel"": 3, ""sql"": 4}, ""soft"": [""full"", ""job""]}, ""family"": {""siblings"": 3, ""income"": {""father"": 613, ""mother"": 1177}}, ""devices"": [{""type"": ""laptop"", ""brand"": ""HP"", ""year"": 2022}, {""type"": ""phone"", ""brand"": ""Apple"", ""year"": 2022}]}",True,valid,96070675694892,+998 67 569 48 92,Unknown,"positive, could",1.0,3.0,4.0,2.0,"full, job",3.0,613.0,1177.0,1790.0,2,True,True,2022,"laptop, phone","HP, Apple","Apartment 18, South Garyport district, Tashkent, UZ, 100844",100844,Tashkent,Garyport
592,,18,,,652.322.1481,Colestad,sonyajackson@gmail.com,2003-07-19 06:09:17,Pyhton,,active,,average,204.0,2017-11-16 00:00:00,"Richardview 27-kv, dom 45, Tashkent","{""hobbies"": [""owner"", ""response""], ""skills"": {""tech"": {""python"": 4, ""excel"": 3, ""sql"": 3}, ""soft"": [""food"", ""environmental""]}, ""family"": {""siblings"": 4, ""income"": {""father"": 304, ""mother"": 610}}, ""devices"": [{""type"": ""laptop"", ""brand"": ""Dell"", ""year"": 2018}, {""type"": ""phone"", ""brand"": ""Samsung"", ""year"": 2019}]}",True,valid,6523221481,+998 52 322 14 81,Unknown,"owner, response",4.0,3.0,3.0,2.0,"food, environmental",4.0,304.0,610.0,914.0,2,True,True,2019,"laptop, phone","Dell, Samsung","Richardview 27-kv, dom 45, Tashkent",Unknown,Tashkent,Unknown
593,Edward Holmes,18,Female,62.0,089-771-9768x982,Matthewport,jbean@@hughes-arnold.com,1984-01-11 00:00:00,PYTHNO,110,pending,15.5,average,20900.0,2007-03-11 08:56:00,"BROKEN,ADDRESS,DATA,,,","{'hobbies': ['red', 'major'], 'skills': {'tech': {'python': 2, 'excel': 1, 'sql': 5}, 'soft': ['bring', 'certainly']}, 'family': {'siblings': 3, 'income': {'father': 217, 'mother': 1427}}, 'devices': [{'type': 'laptop', 'brand': 'Lenovo', 'year': 2020}, {'type': 'phone', 'brand': 'Samsung', 'year': 2022}]}",False,invalid_format,0897719768982,+998 71 976 89 82,Unknown,"red, major",2.0,1.0,5.0,2.0,"bring, certainly",3.0,217.0,1427.0,1644.0,2,True,True,2022,"laptop, phone","Lenovo, Samsung","BROKEN,ADDRESS,DATA,,,",Unknown,Unknown,Unknown
594,Sheila Contreras,21,FEMALE,97.0,,Ellisonstad,someonegmail.com,1998-02-04 10:45:00,d.s.,,active,,excellent,91.0,1990-10-07 20:23:00,"41891 Jacob Parkway, Evansbury","{'hobbies': ['believe', 'article'], 'skills': {'tech': {'python': 1, 'excel': 2, 'sql': 4}, 'soft': ['off', 'here']}, 'family': {'siblings': 5, 'income': {'father': 1142, 'mother': 893}}, 'devices': [{'type': 'laptop', 'brand': 'Lenovo', 'year': 2024}, {'type': 'phone', 'brand': 'Xiaomi', 'year': 2020}]}",False,invalid_format,,,,"believe, article",1.0,2.0,4.0,2.0,"off, here",5.0,1142.0,893.0,2035.0,2,True,True,2024,"laptop, phone","Lenovo, Xiaomi","41891 Jacob Parkway, Evansbury",41891,Unknown,Unknown
595,Vincent Pena,22,femlae,57.0,(979)887-3158,West Craigview,someonegmail.com,2001-10-29 23:54:51,data-sciens,110,pending,,average,251.0,1991-03-24 00:00:00,"117 Lyons Knolls, New Tylerchester","{""hobbies"": [""house"", ""true""], ""skills"": {""tech"": {""python"": 3, ""excel"": 5, ""sql"": 3}, ""soft"": [""throughout"", ""recently""]}, ""family"": {""siblings"": 5, ""income"": {""father"": 1314, ""mother"": 320}}, ""devices"": [{""type"": ""laptop"", ""brand"": ""HP"", ""year"": 2023}, {""type"": ""phone"", ""brand"": ""Xiaomi"", ""year"": 2019}]}",False,invalid_format,9798873158,+998 79 887 31 58,Unknown,"house, true",3.0,5.0,3.0,2.0,"throughout, recently",5.0,1314.0,320.0,1634.0,2,True,True,2023,"laptop, phone","HP, Xiaomi","117 Lyons Knolls, New Tylerchester",Unknown,Unknown,Unknown
596,Bobby House,,male,,,Shannonburgh,,2022-05-02 07:44:44,ds,103,pending,4.0,average,235.0,2023-02-25 03:31:55,"Apartment 29, Hamiltonville district, Tashkent, UZ, 100697","{""hobbies"": [""point"", ""itself""], ""skills"": {""tech"": {""python"": 1, ""excel"": 4, ""sql"": 2}, ""soft"": [""great"", ""short""]}, ""family"": {""siblings"": 5, ""income"": {""father"": 957, ""mother"": 517}}, ""devices"": [{""type"": ""laptop"", ""brand"": ""Dell"", ""year"": 2019}, {""type"": ""phone"", ""brand"": ""Xiaomi"", ""year"": 2024}]}",False,missing,,,,"point, itself",1.0,4.0,2.0,2.0,"great, short",5.0,957.0,517.0,1474.0,2,True,True,2024,"laptop, phone","Dell, Xiaomi","Apartment 29, Hamiltonville district, Tashkent, UZ, 100697",100697,Tashkent,Hamiltonville
597,,22,femlae,,001-988-746-9395x56685,Port Frederick,someonegmail.com,2023-05-26 11:12:31,python,,inactive,1.56,,270.0,1974-01-06 00:00:00,UZ 100979 Tashkent Harttown,"{hobbies:['almost', 'rest']}",False,invalid_format,001988746939556685,+998 93 955 66 85,Ucell,,,,,,,,,,,0,False,False,0,,,UZ 100979 Tashkent Harttown,100979,Tashkent,Unknown
598,Jonathan King,20,,,017.824.2718x829,North Andrea,?ali@@gmail..com,2017-12-13 00:00:00,DATA SCIENCE,,active,0.0,average,264.0,2021-11-15 15:24:25,"912 Anderson Island, Lake David","{""hobbies"": [""society"", ""hot""], ""skills"": {""tech"": {""python"": 1, ""excel"": 4, ""sql"": 2}, ""soft"": [""election"", ""job""]}, ""family"": {""siblings"": 0, ""income"": {""father"": 479, ""mother"": 958}}, ""devices"": [{""type"": ""laptop"", ""brand"": ""Lenovo"", ""year"": 2017}, {""type"": ""phone"", ""brand"": ""Samsung"", ""year"": 2022}]}",False,invalid_format,0178242718829,+998 24 271 88 29,Unknown,"society, hot",1.0,4.0,2.0,2.0,"election, job",0.0,479.0,958.0,1437.0,2,True,True,2022,"laptop, phone","Lenovo, Samsung","912 Anderson Island, Lake David",Unknown,Unknown,Unknown
599,Eric Medina,,,,844.126.8355x02139,New Zachary,,2016-10-02 00:00:00,data_sciense,70,active,,good,92.0,2017-08-17 00:00:00,UZ 100418 Tashkent West Jasonberg,"{'hobbies': ['real', 'save'], 'skills': {'tech': {'python': 4, 'excel': 1, 'sql': 4}, 'soft': ['ten', 'skill']}, 'family': {'siblings': 5, 'income': {'father': 334, 'mother': 483}}, 'devices': [{'type': 'laptop', 'brand': 'HP', 'year': 2018}, {'type': 'phone', 'brand': 'Xiaomi', 'year': 2022}]}",False,missing,844126835502139,+998 83 550 21 39,Unknown,"real, save",4.0,1.0,4.0,2.0,"ten, skill",5.0,334.0,483.0,817.0,2,True,True,2022,"laptop, phone","HP, Xiaomi",UZ 100418 Tashkent West Jasonberg,100418,Tashkent,Unknown
600,Zachary Johnson,18,Male,,508-180-1870,New Markshire,qrice@hotmail.com,2021-02-18 14:52:51,Pyhton,,active,37.0,average,147.0,2020-12-02 03:58:42,UZ 100915 Tashkent Jamesport,"{hobbies:['happen', 'night']}",True,valid,5081801870,+998 08 180 18 70,Unknown,,,,,,,,,,,0,False,False,0,,,UZ 100915 Tashkent Jamesport,100915,Tashkent,Unknown
601,Ashley Andrade,21,MALE,,,Dunnville,someonegmail.com,2015-10-20 00:00:00,python,110,active,,excellent,202.0,2020-09-22 06:42:28,"South Kelsey 19-kv, dom 5, Tashkent","{'hobbies': ['military', 'blood'], 'skills': {'tech': {'python': 1, 'excel': 2, 'sql': 3}, 'soft': ['coach', 'response']}, 'family': {'siblings': 3, 'income': {'father': 711, 'mother': 1071}}, 'devices': [{'type': 'laptop', 'brand': 'Lenovo', 'year': 2020}, {'type': 'phone', 'brand': 'Samsung', 'year': 2020}]}",False,invalid_format,,,,"military, blood",1.0,2.0,3.0,2.0,"coach, response",3.0,711.0,1071.0,1782.0,2,True,True,2020,"laptop, phone","Lenovo, Samsung","South Kelsey 19-kv, dom 5, Tashkent",Unknown,Tashkent,Unknown
602,Martha Ruiz,19,,58.0,,West Gregory,kfrancis@gmail.com,1980-02-06 19:22:00,Pyhton,115,pending,37.0,average,244.0,2022-07-29 20:13:58,UZ 100884 Tashkent Powellmouth,"{""hobbies"": [""chair"", ""lay""], ""skills"": {""tech"": {""python"": 5, ""excel"": 3, ""sql"": 1}, ""soft"": [""respond"", ""building""]}, ""family"": {""siblings"": 1, ""income"": {""father"": 349, ""mother"": 844}}, ""devices"": [{""type"": ""laptop"", ""brand"": ""Lenovo"", ""year"": 2021}, {""type"": ""phone"", ""brand"": ""Samsung"", ""year"": 2019}]}",True,valid,,,,"chair, lay",5.0,3.0,1.0,2.0,"respond, building",1.0,349.0,844.0,1193.0,2,True,True,2021,"laptop, phone","Lenovo, Samsung",UZ 100884 Tashkent Powellmouth,100884,Tashkent,Unknown
603,Pamela Carr,18,,95.0,166-976-6040,Christopherside,lwilliams@gmail.com,1979-12-03 00:00:00,python,116,active,,good,169.0,2021-12-11 12:02:02,"198 Gary Mills Apt. 152, East Joshuatown",INVALID_JSON_DATA,True,valid,1669766040,+998 66 976 60 40,Unknown,,,,,,,,,,,0,False,False,0,,,"198 Gary Mills Apt. 152, East Joshuatown",Unknown,Unknown,Unknown
604,Mrs. Angela Tyler,21,female,63.0,167-279-0511x60378,Morrisontown,someonegmail.com,1996-01-11 23:11:17,data-sciens,108,active,,,25100.0,1977-07-29 08:19:13,"8126 Herrera Point Apt. 428, Tuckerside","{""hobbies"": [""else"", ""take""], ""skills"": {""tech"": {""python"": 1, ""excel"": 2, ""sql"": 3}, ""soft"": [""interesting"", ""pay""]}, ""family"": {""siblings"": 3, ""income"": {""father"": 593, ""mother"": 353}}, ""devices"": [{""type"": ""laptop"", ""brand"": ""Lenovo"", ""year"": 2023}, {""type"": ""phone"", ""brand"": ""Xiaomi"", ""year"": 2022}]}",False,invalid_format,167279051160378,+998 05 116 03 78,Unknown,"else, take",1.0,2.0,3.0,2.0,"interesting, pay",3.0,593.0,353.0,946.0,2,True,True,2023,"laptop, phone","Lenovo, Xiaomi","8126 Herrera Point Apt. 428, Tuckerside",Unknown,Unknown,Unknown
605,Grant Rowland,19,MALE,54.0,001-606-956-4585x67180,East Deniseburgh,,1984-04-19 19:46:23,data_sciense,110,pending,2.81,,107.0,1994-09-04 00:00:00,"Wrightfort 30-kv, dom 45, Tashkent","{'hobbies': ['wide', 'wonder'], 'skills': {'tech': {'python': 5, 'excel': 5, 'sql': 2}, 'soft': ['nor', 'many']}, 'family': {'siblings': 1, 'income': {'father': 1417, 'mother': 526}}, 'devices': [{'type': 'laptop', 'brand': 'HP', 'year': 2021}, {'type': 'phone', 'brand': 'Apple', 'year': 2023}]}",False,missing,001606956458567180,+998 45 856 71 80,Unknown,"wide, wonder",5.0,5.0,2.0,2.0,"nor, many",1.0,1417.0,526.0,1943.0,2,True,True,2023,"laptop, phone","HP, Apple","Wrightfort 30-kv, dom 45, Tashkent",Unknown,Tashkent,Unknown
606,,19,Male,,072-868-5308,West Adrianchester,foxmary@martin-palmer.info,1986-09-08 02:58:00,DATA SCIENCE,110,pending,,excellent,148.0,1990-04-22 00:00:00,"BROKEN,ADDRESS,DATA,,,","{""hobbies"": [""difficult"", ""want""], ""skills"": {""tech"": {""python"": 2, ""excel"": 5, ""sql"": 2}, ""soft"": [""case"", ""fire""]}, ""family"": {""siblings"": 5, ""income"": {""father"": 560, ""mother"": 845}}, ""devices"": [{""type"": ""laptop"", ""brand"": ""Dell"", ""year"": 2021}, {""type"": ""phone"", ""brand"": ""Apple"", ""year"": 2024}]}",True,valid,0728685308,+998 72 868 53 08,Unknown,"difficult, want",2.0,5.0,2.0,2.0,"case, fire",5.0,560.0,845.0,1405.0,2,True,True,2024,"laptop, phone","Dell, Apple","BROKEN,ADDRESS,DATA,,,",Unknown,Unknown,Unknown
607,Jason Cherry,18,,,001-477-082-8683,New Angiefort,,2009-09-16 10:18:00,d.s.,65,inactive,37.0,good,94.0,2024-03-09 07:30:51,"Port Tinafurt 28-kv, dom 37, Tashkent","{'hobbies': ['able', 'trip'], 'skills': {'tech': {'python': 4, 'excel': 1, 'sql': 4}, 'soft': ['although', 'less']}, 'family': {'siblings': 2, 'income': {'father': 612, 'mother': 729}}, 'devices': [{'type': 'laptop', 'brand': 'HP', 'year': 2023}, {'type': 'phone', 'brand': 'Apple', 'year': 2019}]}",False,missing,0014770828683,+998 77 082 86 83,Unknown,"able, trip",4.0,1.0,4.0,2.0,"although, less",2.0,612.0,729.0,1341.0,2,True,True,2023,"laptop, phone","HP, Apple","Port Tinafurt 28-kv, dom 37, Tashkent",Unknown,Tashkent,Unknown
608,,21,female,,001-657-104-7711x60040,Michaelhaven,,2023-01-31 21:20:16,ds,83,pending,,,194.0,2022-12-02 00:00:00,"10158 Tiffany Heights Apt. 563, Port Guyfurt","{'hobbies': ['whose', 'message'], 'skills': {'tech': {'python': 3, 'excel': 4, 'sql': 5}, 'soft': ['skin', 'article']}, 'family': {'siblings': 2, 'income': {'father': 1333, 'mother': 623}}, 'devices': [{'type': 'laptop', 'brand': 'HP', 'year': 2016}, {'type': 'phone', 'brand': 'Apple', 'year': 2020}]}",False,missing,001657104771160040,+998 77 116 00 40,Unknown,"whose, message",3.0,4.0,5.0,2.0,"skin, article",2.0,1333.0,623.0,1956.0,2,True,True,2020,"laptop, phone","HP, Apple","10158 Tiffany Heights Apt. 563, Port Guyfurt",10158,Unknown,Unknown
609,Nicholas Thompson,,Female,,(417)363-7350x5086,South Michaelberg,someonegmail.com,2010-04-09 00:00:00,DATA SCIENCE,,active,37.0,good,233.0,1986-09-08 11:26:06,"69161 Newman Summit Suite 430, West Michaelchester","{hobbies:['debate', 'those']}",False,invalid_format,41736373505086,+998 37 350 50 86,Unknown,,,,,,,,,,,0,False,False,0,,,"69161 Newman Summit Suite 430, West Michaelchester",69161,Unknown,Unknown
610,,22,fmale,,,Port Michaeltown,someonegmail.com,1989-07-28 00:00:00,DATA SCIENCE,79,pending,4.33,good,79.0,1980-01-12 00:00:00,UZ 100562 Tashkent Evansmouth,INVALID_JSON_DATA,False,invalid_format,,,,,,,,,,,,,,0,False,False,0,,,UZ 100562 Tashkent Evansmouth,100562,Tashkent,Unknown
611,Nicole Peterson,21,fmale,99.0,,Mooreborough,music,1992-01-16 17:45:00,data science,110,inactive,15.5,,258.0,2023-03-02 22:34:52,"505 Ariana Run, Carrolltown","{'hobbies': ['down', 'technology'], 'skills': {'tech': {'python': 5, 'excel': 3, 'sql': 3}, 'soft': ['central', 'ahead']}, 'family': {'siblings': 5, 'income': {'father': 305, 'mother': 1017}}, 'devices': [{'type': 'laptop', 'brand': 'Lenovo', 'year': 2020}, {'type': 'phone', 'brand': 'Xiaomi', 'year': 2021}]}",False,invalid_format,,,,"down, technology",5.0,3.0,3.0,2.0,"central, ahead",5.0,305.0,1017.0,1322.0,2,True,True,2021,"laptop, phone","Lenovo, Xiaomi","505 Ariana Run, Carrolltown",Unknown,Unknown,Unknown
612,Natalie Brown,20,Male,,398.191.3827x703,West Hunter,?ali@@gmail..com,1971-08-13 08:06:28,data science,72,active,0.0,excellent,131.0,2016-04-05 00:00:00,"Port Gary 3-kv, dom 11, Tashkent","{hobbies:['attorney', 'stay']}",False,invalid_format,3981913827703,+998 91 382 77 03,Beeline,,,,,,,,,,,0,False,False,0,,,"Port Gary 3-kv, dom 11, Tashkent",Unknown,Tashkent,Unknown
613,Robert Hubbard,18,FEMALE,83.0,,Deannachester,,1970-03-05 16:15:00,data science,106,active,,average,23600.0,2022-11-05 02:32:49,"Port Charlene 26-kv, dom 20, Tashkent","{'hobbies': ['environmental', 'create'], 'skills': {'tech': {'python': 1, 'excel': 5, 'sql': 4}, 'soft': ['American', 'range']}, 'family': {'siblings': 5, 'income': {'father': 743, 'mother': 1191}}, 'devices': [{'type': 'laptop', 'brand': 'HP', 'year': 2019}, {'type': 'phone', 'brand': 'Apple', 'year': 2020}]}",False,missing,,,,"environmental, create",1.0,5.0,4.0,2.0,"American, range",5.0,743.0,1191.0,1934.0,2,True,True,2020,"laptop, phone","HP, Apple","Port Charlene 26-kv, dom 20, Tashkent",Unknown,Tashkent,Unknown
614,,22,female,62.0,,South Christian,elizabethgolden@@yahoo.com,2022-09-21 04:31:53,DATA SCIENCE,,inactive,37.0,excellent,297.0,2022-01-09 00:05:02,"Billyland 10-kv, dom 4, Tashkent","{'hobbies': ['good', 'garden'], 'skills': {'tech': {'python': 5, 'excel': 4, 'sql': 5}, 'soft': ['check', 'rise']}, 'family': {'siblings': 4, 'income': {'father': 694, 'mother': 1296}}, 'devices': [{'type': 'laptop', 'brand': 'Lenovo', 'year': 2018}, {'type': 'phone', 'brand': 'Xiaomi', 'year': 2018}]}",False,invalid_format,,,,"good, garden",5.0,4.0,5.0,2.0,"check, rise",4.0,694.0,1296.0,1990.0,2,True,True,2018,"laptop, phone","Lenovo, Xiaomi","Billyland 10-kv, dom 4, Tashkent",Unknown,Tashkent,Unknown
615,Michelle Chambers,20,femlae,50.0,,Port Kevinfort,awong@@novak.com,2014-08-26 22:13:00,data_sciense,108,pending,-2.0,good,62.0,1973-09-24 00:00:00,UZ 100049 Tashkent Cherylport,"{hobbies:['college', 'public']}",False,invalid_format,,,,,,,,,,,,,,0,False,False,0,,,UZ 100049 Tashkent Cherylport,100049,Tashkent,Unknown
616,,18,Female,,(128)955-5777,Kimberlyborough,,2021-09-15 07:20:58,data science,,active,-2.0,good,125.0,2024-02-05 00:00:00,"08930 Benjamin Lane, North Jade","{'hobbies': ['above', 'summer'], 'skills': {'tech': {'python': 3, 'excel': 2, 'sql': 3}, 'soft': ['bag', 'team']}, 'family': {'siblings': 1, 'income': {'father': 1340, 'mother': 708}}, 'devices': [{'type': 'laptop', 'brand': 'Dell', 'year': 2018}, {'type': 'phone', 'brand': 'Samsung', 'year': 2021}]}",False,missing,1289555777,+998 28 955 57 77,Unknown,"above, summer",3.0,2.0,3.0,2.0,"bag, team",1.0,1340.0,708.0,2048.0,2,True,True,2021,"laptop, phone","Dell, Samsung","08930 Benjamin Lane, North Jade",08930,Unknown,Unknown
617,Erica Ayala,20,Male,63.0,380.629.6377,Barkerfurt,,2019-04-18 02:11:00,ds,111,pending,15.5,,195.0,2008-08-01 14:33:00,"BROKEN,ADDRESS,DATA,,,","{'hobbies': ['investment', 'affect'], 'skills': {'tech': {'python': 5, 'excel': 3, 'sql': 3}, 'soft': ['environment', 'marriage']}, 'family': {'siblings': 5, 'income': {'father': 725, 'mother': 1271}}, 'devices': [{'type': 'laptop', 'brand': 'HP', 'year': 2024}, {'type': 'phone', 'brand': 'Xiaomi', 'year': 2022}]}",False,missing,3806296377,+998 80 629 63 77,Unknown,"investment, affect",5.0,3.0,3.0,2.0,"environment, marriage",5.0,725.0,1271.0,1996.0,2,True,True,2024,"laptop, phone","HP, Xiaomi","BROKEN,ADDRESS,DATA,,,",Unknown,Unknown,Unknown
618,,18,,,+1-280-708-9777,West Robinport,?ali@@gmail..com,2017-05-17 00:00:00,DATA SCIENCE,97,active,15.5,average,293.0,1991-04-28 00:00:00,UZ 100277 Tashkent Lake Eric,"{hobbies:['or', 'act']}",False,invalid_format,12807089777,+998 80 708 97 77,Unknown,,,,,,,,,,,0,False,False,0,,,UZ 100277 Tashkent Lake Eric,100277,Tashkent,Unknown
619,,22,,86.0,,East Debrabury,tgentry@@khan.org,2018-11-28 00:00:00,PYTHNO,89,active,15.5,excellent,54.0,2023-04-16 13:30:00,"BROKEN,ADDRESS,DATA,,,","{'hobbies': ['almost', 'situation'], 'skills': {'tech': {'python': 3, 'excel': 3, 'sql': 4}, 'soft': ['executive', 'just']}, 'family': {'siblings': 4, 'income': {'father': 301, 'mother': 1272}}, 'devices': [{'type': 'laptop', 'brand': 'Dell', 'year': 2016}, {'type': 'phone', 'brand': 'Xiaomi', 'year': 2023}]}",False,invalid_format,,,,"almost, situation",3.0,3.0,4.0,2.0,"executive, just",4.0,301.0,1272.0,1573.0,2,True,True,2023,"laptop, phone","Dell, Xiaomi","BROKEN,ADDRESS,DATA,,,",Unknown,Unknown,Unknown
620,Leslie Owens,20,Female,,,West Crystal,,1991-11-19 17:07:00,Data Science,74,pending,0.0,good,224.0,2003-11-19 00:00:00,UZ 100564 Tashkent Stephaniemouth,"{'hobbies': ['father', 'anything'], 'skills': {'tech': {'python': 1, 'excel': 1, 'sql': 3}, 'soft': ['fight', 'become']}, 'family': {'siblings': 0, 'income': {'father': 802, 'mother': 936}}, 'devices': [{'type': 'laptop', 'brand': 'Dell', 'year': 2021}, {'type': 'phone', 'brand': 'Xiaomi', 'year': 2023}]}",False,missing,,,,"father, anything",1.0,1.0,3.0,2.0,"fight, become",0.0,802.0,936.0,1738.0,2,True,True,2023,"laptop, phone","Dell, Xiaomi",UZ 100564 Tashkent Stephaniemouth,100564,Tashkent,Unknown
621,,,MALE,,3456549722,Debraburgh,lisa87@@yahoo.com,1995-05-13 00:00:00,d.s.,107,inactive,0.0,excellent,26300.0,2023-10-07 16:53:06,"South Carlaville 30-kv, dom 42, Tashkent",INVALID_JSON_DATA,False,invalid_format,3456549722,+998 45 654 97 22,Unknown,,,,,,,,,,,0,False,False,0,,,"South Carlaville 30-kv, dom 42, Tashkent",Unknown,Tashkent,Unknown
622,,,FEMALE,,(611)929-7938,Port Melinda,jonesmaria@@hamilton.com,1990-10-06 00:00:00,data science,,active,37.0,excellent,130.0,1993-04-16 00:00:00,"064 Flowers Via Suite 056, New Michael","{hobbies:['what', 'soldier']}",False,invalid_format,6119297938,+998 11 929 79 38,Unknown,,,,,,,,,,,0,False,False,0,,,"064 Flowers Via Suite 056, New Michael",Unknown,Unknown,Unknown
623,,18,fmale,,5983503851,North Adamton,,1982-09-10 00:00:00,PYTHNO,,active,15.5,,130.0,2022-10-12 04:59:01,"54503 Weber Islands, West Jennifer","{""hobbies"": [""anyone"", ""whom""], ""skills"": {""tech"": {""python"": 4, ""excel"": 5, ""sql"": 3}, ""soft"": [""far"", ""phone""]}, ""family"": {""siblings"": 2, ""income"": {""father"": 1121, ""mother"": 1265}}, ""devices"": [{""type"": ""laptop"", ""brand"": ""HP"", ""year"": 2015}, {""type"": ""phone"", ""brand"": ""Samsung"", ""year"": 2018}]}",False,missing,5983503851,+998 98 350 38 51,Perfectum,"anyone, whom",4.0,5.0,3.0,2.0,"far, phone",2.0,1121.0,1265.0,2386.0,2,True,True,2018,"laptop, phone","HP, Samsung","54503 Weber Islands, West Jennifer",54503,Unknown,Unknown
624,,20,female,67.0,729.131.7348,West Anthony,djefferson@martinez.biz,2022-06-08 16:26:47,ds,,inactive,0.0,,200.0,2023-08-13 15:39:07,"BROKEN,ADDRESS,DATA,,,",INVALID_JSON_DATA,True,valid,7291317348,+998 29 131 73 48,Unknown,,,,,,,,,,,0,False,False,0,,,"BROKEN,ADDRESS,DATA,,,",Unknown,Unknown,Unknown
625,Mark Stewart,21,,66.0,,Rileyview,someonegmail.com,2018-02-05 10:20:00,PYTHNO,110,inactive,-2.0,excellent,204.0,2022-09-25 09:15:45,"Apartment 50, Saraberg district, Tashkent, UZ, 100802","{'hobbies': ['under', 'participant'], 'skills': {'tech': {'python': 3, 'excel': 1, 'sql': 1}, 'soft': ['share', 'hear']}, 'family': {'siblings': 1, 'income': {'father': 262, 'mother': 1221}}, 'devices': [{'type': 'laptop', 'brand': 'Lenovo', 'year': 2022}, {'type': 'phone', 'brand': 'Samsung', 'year': 2020}]}",False,invalid_format,,,,"under, participant",3.0,1.0,1.0,2.0,"share, hear",1.0,262.0,1221.0,1483.0,2,True,True,2022,"laptop, phone","Lenovo, Samsung","Apartment 50, Saraberg district, Tashkent, UZ, 100802",100802,Tashkent,Saraberg
626,Linda Jacobson,22,,,+1-699-272-9087x919,North Matthew,,1977-03-11 00:00:00,PYTHNO,,inactive,37.0,excellent,226.0,2020-02-02 04:13:11,"Apartment 36, Campbellshire district, Tashkent, UZ, 100191","{'hobbies': ['eight', 'mission'], 'skills': {'tech': {'python': 5, 'excel': 5, 'sql': 2}, 'soft': ['together', 'do']}, 'family': {'siblings': 3, 'income': {'father': 1088, 'mother': 759}}, 'devices': [{'type': 'laptop', 'brand': 'HP', 'year': 2018}, {'type': 'phone', 'brand': 'Samsung', 'year': 2023}]}",False,missing,16992729087919,+998 72 908 79 19,Unknown,"eight, mission",5.0,5.0,2.0,2.0,"together, do",3.0,1088.0,759.0,1847.0,2,True,True,2023,"laptop, phone","HP, Samsung","Apartment 36, Campbellshire district, Tashkent, UZ, 100191",100191,Tashkent,Campbellshire
627,Anthony Hill,19,MALE,,,Richardsonton,thank,1979-01-27 05:19:50,Pyhton,,inactive,15.5,excellent,12600.0,1996-12-18 00:00:00,"BROKEN,ADDRESS,DATA,,,","{'hobbies': ['ground', 'rule'], 'skills': {'tech': {'python': 4, 'excel': 1, 'sql': 1}, 'soft': ['meet', 'describe']}, 'family': {'siblings': 1, 'income': {'father': 866, 'mother': 219}}, 'devices': [{'type': 'laptop', 'brand': 'HP', 'year': 2023}, {'type': 'phone', 'brand': 'Xiaomi', 'year': 2020}]}",False,invalid_format,,,,"ground, rule",4.0,1.0,1.0,2.0,"meet, describe",1.0,866.0,219.0,1085.0,2,True,True,2023,"laptop, phone","HP, Xiaomi","BROKEN,ADDRESS,DATA,,,",Unknown,Unknown,Unknown
628,Ruben Howard,,femlae,,824.522.4891x46070,Lake Bruce,?ali@@gmail..com,2005-08-30 00:00:00,ds,110,active,0.0,good,116.0,1976-12-25 00:00:00,"842 Robinson Neck Suite 458, Lewisville","{hobbies:['whatever', 'century']}",False,invalid_format,824522489146070,+998 48 914 60 70,Unknown,,,,,,,,,,,0,False,False,0,,,"842 Robinson Neck Suite 458, Lewisville",Unknown,Unknown,Unknown
629,Eddie Miranda,21,male,,+1-941-487-1587x2126,Port Kimberly,road,1976-02-12 00:00:00,d.s.,,active,3.87,excellent,181.0,2001-06-01 00:00:00,"580 Sean Walk, South Saraview","{""hobbies"": [""term"", ""face""], ""skills"": {""tech"": {""python"": 3, ""excel"": 1, ""sql"": 4}, ""soft"": [""night"", ""red""]}, ""family"": {""siblings"": 4, ""income"": {""father"": 762, ""mother"": 618}}, ""devices"": [{""type"": ""laptop"", ""brand"": ""HP"", ""year"": 2018}, {""type"": ""phone"", ""brand"": ""Xiaomi"", ""year"": 2018}]}",False,invalid_format,194148715872126,+998 71 587 21 26,Unknown,"term, face",3.0,1.0,4.0,2.0,"night, red",4.0,762.0,618.0,1380.0,2,True,True,2018,"laptop, phone","HP, Xiaomi","580 Sean Walk, South Saraview",Unknown,Unknown,Unknown
630,,22,femlae,65.0,+1-865-578-5473x69013,Dustinmouth,someonegmail.com,2022-10-11 23:04:59,data science,110,active,,,262.0,1996-03-12 09:14:30,"Apartment 15, West Joseph district, Tashkent, UZ, 100817","{hobbies:['man', 'number']}",False,invalid_format,1865578547369013,+998 54 736 90 13,Unknown,,,,,,,,,,,0,False,False,0,,,"Apartment 15, West Joseph district, Tashkent, UZ, 100817",100817,Tashkent,Joseph
631,,19,femlae,,001-686-629-3371,Patriciaport,kristencohen@brown.com,2008-10-17 01:49:29,data_sciense,,pending,0.0,,214.0,2023-04-22 04:01:42,"New Raymondchester 21-kv, dom 12, Tashkent","{'hobbies': ['range', 'evidence'], 'skills': {'tech': {'python': 3, 'excel': 1, 'sql': 4}, 'soft': ['study', 'listen']}, 'family': {'siblings': 4, 'income': {'father': 480, 'mother': 454}}, 'devices': [{'type': 'laptop', 'brand': 'HP', 'year': 2018}, {'type': 'phone', 'brand': 'Xiaomi', 'year': 2018}]}",True,valid,0016866293371,+998 86 629 33 71,Unknown,"range, evidence",3.0,1.0,4.0,2.0,"study, listen",4.0,480.0,454.0,934.0,2,True,True,2018,"laptop, phone","HP, Xiaomi","New Raymondchester 21-kv, dom 12, Tashkent",Unknown,Tashkent,Unknown
632,Michelle Price,20,Male,93.0,(813)446-7811x3920,Lake Mistyside,?ali@@gmail..com,2020-12-02 21:26:45,Data Science,80,pending,1.39,excellent,187.0,2018-08-05 00:00:00,UZ 100591 Tashkent Bradleymouth,"{'hobbies': ['radio', 'arm'], 'skills': {'tech': {'python': 1, 'excel': 2, 'sql': 2}, 'soft': ['offer', 'hair']}, 'family': {'siblings': 0, 'income': {'father': 1476, 'mother': 1385}}, 'devices': [{'type': 'laptop', 'brand': 'HP', 'year': 2015}, {'type': 'phone', 'brand': 'Samsung', 'year': 2023}]}",False,invalid_format,81344678113920,+998 67 811 39 20,Unknown,"radio, arm",1.0,2.0,2.0,2.0,"offer, hair",0.0,1476.0,1385.0,2861.0,2,True,True,2023,"laptop, phone","HP, Samsung",UZ 100591 Tashkent Bradleymouth,100591,Tashkent,Unknown
633,,18,femlae,72.0,929-228-7610x274,Jackieville,mthompson@@gmail.com,1981-08-14 20:59:00,Data Science,83,active,15.5,excellent,164.0,1981-09-17 00:00:00,"Apartment 36, Hoffmanbury district, Tashkent, UZ, 100441","{""hobbies"": [""shoulder"", ""option""], ""skills"": {""tech"": {""python"": 4, ""excel"": 4, ""sql"": 5}, ""soft"": [""machine"", ""use""]}, ""family"": {""siblings"": 5, ""income"": {""father"": 1141, ""mother"": 431}}, ""devices"": [{""type"": ""laptop"", ""brand"": ""HP"", ""year"": 2024}, {""type"": ""phone"", ""brand"": ""Xiaomi"", ""year"": 2021}]}",False,invalid_format,9292287610274,+998 28 761 02 74,Unknown,"shoulder, option",4.0,4.0,5.0,2.0,"machine, use",5.0,1141.0,431.0,1572.0,2,True,True,2024,"laptop, phone","HP, Xiaomi","Apartment 36, Hoffmanbury district, Tashkent, UZ, 100441",100441,Tashkent,Hoffmanbury
634,Jeffrey Greene,,,,8295068162,Lake Brianport,someonegmail.com,2004-08-16 17:18:00,data_sciense,,active,4.05,excellent,187.0,1984-12-23 17:20:00,"BROKEN,ADDRESS,DATA,,,",INVALID_JSON_DATA,False,invalid_format,8295068162,+998 29 506 81 62,Unknown,,,,,,,,,,,0,False,False,0,,,"BROKEN,ADDRESS,DATA,,,",Unknown,Unknown,Unknown
635,,21,fmale,100.0,+1-000-358-0435x6016,Lake Joshua,jacobsrandy@collins-harrison.biz,1993-07-04 16:36:32,data_sciense,,pending,,good,294.0,2023-10-10 18:46:18,UZ 100086 Tashkent Teresafort,INVALID_JSON_DATA,True,valid,100035804356016,+998 80 435 60 16,Unknown,,,,,,,,,,,0,False,False,0,,,UZ 100086 Tashkent Teresafort,100086,Tashkent,Unknown
636,,19,FEMALE,72.0,,Allenfort,,1984-12-25 00:00:00,Data Science,88,active,,excellent,252.0,1981-12-19 00:00:00,UZ 100295 Tashkent Lake Cassandraburgh,"{""hobbies"": [""yeah"", ""poor""], ""skills"": {""tech"": {""python"": 1, ""excel"": 5, ""sql"": 1}, ""soft"": [""everybody"", ""easy""]}, ""family"": {""siblings"": 5, ""income"": {""father"": 1144, ""mother"": 1098}}, ""devices"": [{""type"": ""laptop"", ""brand"": ""HP"", ""year"": 2023}, {""type"": ""phone"", ""brand"": ""Xiaomi"", ""year"": 2024}]}",False,missing,,,,"yeah, poor",1.0,5.0,1.0,2.0,"everybody, easy",5.0,1144.0,1098.0,2242.0,2,True,True,2024,"laptop, phone","HP, Xiaomi",UZ 100295 Tashkent Lake Cassandraburgh,100295,Tashkent,Unknown
637,Melissa Floyd,18,Female,,001-428-590-7104,Jamestown,,2012-03-24 00:00:00,python,110,active,0.0,,112.0,1991-09-11 00:00:00,UZ 100152 Tashkent Michaelshire,"{hobbies:['poor', 'common']}",False,missing,0014285907104,+998 28 590 71 04,Unknown,,,,,,,,,,,0,False,False,0,,,UZ 100152 Tashkent Michaelshire,100152,Tashkent,Unknown
638,,20,Female,,001-378-916-4534,Coopermouth,someonegmail.com,1991-11-18 09:44:08,Data Science,,pending,,excellent,230.0,1984-06-21 00:00:00,"BROKEN,ADDRESS,DATA,,,","{hobbies:['computer', 'during']}",False,invalid_format,0013789164534,+998 78 916 45 34,Unknown,,,,,,,,,,,0,False,False,0,,,"BROKEN,ADDRESS,DATA,,,",Unknown,Unknown,Unknown
639,,22,MALE,56.0,+1-660-071-7305x72197,Monroeview,someonegmail.com,1998-06-17 00:00:00,data-sciens,110,inactive,3.38,excellent,235.0,2004-02-27 00:00:00,UZ 100501 Tashkent South Robert,"{""hobbies"": [""defense"", ""firm""], ""skills"": {""tech"": {""python"": 4, ""excel"": 3, ""sql"": 1}, ""soft"": [""capital"", ""contain""]}, ""family"": {""siblings"": 1, ""income"": {""father"": 1005, ""mother"": 453}}, ""devices"": [{""type"": ""laptop"", ""brand"": ""Lenovo"", ""year"": 2020}, {""type"": ""phone"", ""brand"": ""Apple"", ""year"": 2020}]}",False,invalid_format,1660071730572197,+998 73 057 21 97,Unknown,"defense, firm",4.0,3.0,1.0,2.0,"capital, contain",1.0,1005.0,453.0,1458.0,2,True,True,2020,"laptop, phone","Lenovo, Apple",UZ 100501 Tashkent South Robert,100501,Tashkent,Unknown
640,,21,,,,New Amandastad,yard,2021-12-19 23:11:24,PYTHNO,,inactive,15.5,average,121.0,1991-05-03 00:00:00,"BROKEN,ADDRESS,DATA,,,","{hobbies:['big', 'home']}",False,invalid_format,,,,,,,,,,,,,,0,False,False,0,,,"BROKEN,ADDRESS,DATA,,,",Unknown,Unknown,Unknown
641,,,fmale,89.0,(558)863-8436,Lucasstad,?ali@@gmail..com,2011-08-29 00:00:00,Pyhton,,inactive,,,165.0,2004-07-07 00:00:00,"39572 Sparks Ville, Smithfort","{hobbies:['nice', 'indeed']}",False,invalid_format,5588638436,+998 58 863 84 36,Unknown,,,,,,,,,,,0,False,False,0,,,"39572 Sparks Ville, Smithfort",39572,Unknown,Unknown
642,Kristen Wu,20,Male,,001-597-648-2146x96871,Port Timothy,someonegmail.com,2022-01-05 00:00:00,data-sciens,110,inactive,15.5,excellent,279.0,1988-07-02 00:00:00,"Apartment 23, Jayport district, Tashkent, UZ, 100728","{hobbies:['mean', 'sign']}",False,invalid_format,001597648214696871,+998 21 469 68 71,Unknown,,,,,,,,,,,0,False,False,0,,,"Apartment 23, Jayport district, Tashkent, UZ, 100728",100728,Tashkent,Jayport
643,,,femlae,,,West Ryan,someonegmail.com,2010-07-21 00:00:00,DATA SCIENCE,97,pending,,good,223.0,1986-05-28 00:00:00,"011 Clark Stravenue Apt. 882, Port Ericborough","{""hobbies"": [""prove"", ""rest""], ""skills"": {""tech"": {""python"": 5, ""excel"": 3, ""sql"": 2}, ""soft"": [""carry"", ""cover""]}, ""family"": {""siblings"": 3, ""income"": {""father"": 580, ""mother"": 929}}, ""devices"": [{""type"": ""laptop"", ""brand"": ""Lenovo"", ""year"": 2017}, {""type"": ""phone"", ""brand"": ""Xiaomi"", ""year"": 2021}]}",False,invalid_format,,,,"prove, rest",5.0,3.0,2.0,2.0,"carry, cover",3.0,580.0,929.0,1509.0,2,True,True,2021,"laptop, phone","Lenovo, Xiaomi","011 Clark Stravenue Apt. 882, Port Ericborough",Unknown,Unknown,Unknown
644,,,fmale,52.0,134-282-1013,East Angelabury,someonegmail.com,1977-10-13 00:00:00,Pyhton,84,inactive,37.0,,212.0,2025-01-03 02:54:30,"Apartment 5, Irwinport district, Tashkent, UZ, 100581","{'hobbies': ['plan', 'hotel'], 'skills': {'tech': {'python': 4, 'excel': 1, 'sql': 2}, 'soft': ['whose', 'glass']}, 'family': {'siblings': 1, 'income': {'father': 1063, 'mother': 604}}, 'devices': [{'type': 'laptop', 'brand': 'Lenovo', 'year': 2023}, {'type': 'phone', 'brand': 'Samsung', 'year': 2020}]}",False,invalid_format,1342821013,+998 34 282 10 13,Unknown,"plan, hotel",4.0,1.0,2.0,2.0,"whose, glass",1.0,1063.0,604.0,1667.0,2,True,True,2023,"laptop, phone","Lenovo, Samsung","Apartment 5, Irwinport district, Tashkent, UZ, 100581",100581,Tashkent,Irwinport
645,Michael Richardson,20,male,,,Carsonbury,?ali@@gmail..com,2021-07-27 11:32:29,python,95,pending,,,247.0,2016-09-01 00:00:00,"Apartment 41, North Benjamin district, Tashkent, UZ, 100898","{'hobbies': ['call', 'low'], 'skills': {'tech': {'python': 5, 'excel': 2, 'sql': 3}, 'soft': ['scientist', 'subject']}, 'family': {'siblings': 2, 'income': {'father': 944, 'mother': 291}}, 'devices': [{'type': 'laptop', 'brand': 'HP', 'year': 2023}, {'type': 'phone', 'brand': 'Samsung', 'year': 2022}]}",False,invalid_format,,,,"call, low",5.0,2.0,3.0,2.0,"scientist, subject",2.0,944.0,291.0,1235.0,2,True,True,2023,"laptop, phone","HP, Samsung","Apartment 41, North Benjamin district, Tashkent, UZ, 100898",100898,Tashkent,Benjamin
646,Karen Miller,18,female,78.0,+1-807-124-2803,New Anthonyberg,,1991-06-04 21:05:42,python,89,inactive,37.0,,66.0,1992-12-12 00:00:00,"Apartment 12, East Christopher district, Tashkent, UZ, 100491",INVALID_JSON_DATA,False,missing,18071242803,+998 07 124 28 03,Unknown,,,,,,,,,,,0,False,False,0,,,"Apartment 12, East Christopher district, Tashkent, UZ, 100491",100491,Tashkent,Christopher
647,Meagan Benton,19,fmale,61.0,,West Edward,nathanortiz@stein.com,1985-11-20 05:11:00,DATA SCIENCE,115,active,,excellent,299.0,2001-10-07 00:00:00,UZ 100647 Tashkent Fordton,INVALID_JSON_DATA,True,valid,,,,,,,,,,,,,,0,False,False,0,,,UZ 100647 Tashkent Fordton,100647,Tashkent,Unknown
648,Michelle Turner,20,MALE,,,Port Bethanyton,?ali@@gmail..com,2020-11-05 08:00:10,PYTHNO,110,inactive,37.0,average,84.0,2021-12-16 19:16:51,"Lake James 13-kv, dom 2, Tashkent","{""hobbies"": [""force"", ""as""], ""skills"": {""tech"": {""python"": 5, ""excel"": 2, ""sql"": 4}, ""soft"": [""store"", ""artist""]}, ""family"": {""siblings"": 5, ""income"": {""father"": 1332, ""mother"": 579}}, ""devices"": [{""type"": ""laptop"", ""brand"": ""HP"", ""year"": 2020}, {""type"": ""phone"", ""brand"": ""Samsung"", ""year"": 2020}]}",False,invalid_format,,,,"force, as",5.0,2.0,4.0,2.0,"store, artist",5.0,1332.0,579.0,1911.0,2,True,True,2020,"laptop, phone","HP, Samsung","Lake James 13-kv, dom 2, Tashkent",Unknown,Tashkent,Unknown
649,,21,,,5141352854,West Eric,,2016-03-19 00:00:00,python,112,pending,37.0,excellent,61.0,2021-03-21 00:00:00,"Apartment 22, Thomasborough district, Tashkent, UZ, 100030","{hobbies:['close', 'lawyer']}",False,missing,5141352854,+998 14 135 28 54,Unknown,,,,,,,,,,,0,False,False,0,,,"Apartment 22, Thomasborough district, Tashkent, UZ, 100030",100030,Tashkent,Thomasborough
650,Janice Sutton,18,,,,Carterton,,1974-02-08 00:00:00,Pyhton,64,pending,37.0,average,284.0,1986-01-21 06:47:27,"BROKEN,ADDRESS,DATA,,,",INVALID_JSON_DATA,False,missing,,,,,,,,,,,,,,0,False,False,0,,,"BROKEN,ADDRESS,DATA,,,",Unknown,Unknown,Unknown
651,Ryan Wilson,18,FEMALE,65.0,641.481.4742,Michaelport,jacksonvictoria@mullins-fuller.net,2007-04-29 09:49:00,Data Science,98,active,2.23,excellent,183.0,1998-01-14 00:00:00,UZ 100519 Tashkent Rodneytown,"{'hobbies': ['recently', 'catch'], 'skills': {'tech': {'python': 3, 'excel': 5, 'sql': 1}, 'soft': ['night', 'none']}, 'family': {'siblings': 3, 'income': {'father': 310, 'mother': 480}}, 'devices': [{'type': 'laptop', 'brand': 'Dell', 'year': 2016}, {'type': 'phone', 'brand': 'Xiaomi', 'year': 2024}]}",True,valid,6414814742,+998 41 481 47 42,Unknown,"recently, catch",3.0,5.0,1.0,2.0,"night, none",3.0,310.0,480.0,790.0,2,True,True,2024,"laptop, phone","Dell, Xiaomi",UZ 100519 Tashkent Rodneytown,100519,Tashkent,Unknown
652,,18,fmale,,,Danatown,?ali@@gmail..com,1978-02-18 21:56:00,PYTHNO,,inactive,0.0,excellent,131.0,2022-12-01 23:40:15,UZ 100805 Tashkent Cabreraberg,"{hobbies:['ball', 'himself']}",False,invalid_format,,,,,,,,,,,,,,0,False,False,0,,,UZ 100805 Tashkent Cabreraberg,100805,Tashkent,Unknown
653,Melissa Moore DDS,20,Male,84.0,+1-814-084-9308x7722,South Johnton,someonegmail.com,1995-11-06 00:00:00,python,,pending,1.3,excellent,135.0,2003-05-19 00:00:00,"Apartment 17, West Gregoryburgh district, Tashkent, UZ, 100707",INVALID_JSON_DATA,False,invalid_format,181408493087722,+998 49 308 77 22,Unknown,,,,,,,,,,,0,False,False,0,,,"Apartment 17, West Gregoryburgh district, Tashkent, UZ, 100707",100707,Tashkent,Gregoryburgh
654,Tina Brown,20,Female,,,Ginafort,someonegmail.com,1975-12-14 17:01:28,python,120,pending,,excellent,225.0,2019-03-28 00:00:00,"West Jameschester 12-kv, dom 34, Tashkent","{hobbies:['commercial', 'person']}",False,invalid_format,,,,,,,,,,,,,,0,False,False,0,,,"West Jameschester 12-kv, dom 34, Tashkent",Unknown,Tashkent,Unknown
655,,21,FEMALE,94.0,,Grayborough,,2017-03-08 12:35:00,data science,,active,,good,292.0,2014-05-20 00:00:00,"BROKEN,ADDRESS,DATA,,,","{""hobbies"": [""television"", ""sport""], ""skills"": {""tech"": {""python"": 4, ""excel"": 2, ""sql"": 3}, ""soft"": [""security"", ""successful""]}, ""family"": {""siblings"": 2, ""income"": {""father"": 291, ""mother"": 982}}, ""devices"": [{""type"": ""laptop"", ""brand"": ""Dell"", ""year"": 2020}, {""type"": ""phone"", ""brand"": ""Apple"", ""year"": 2019}]}",False,missing,,,,"television, sport",4.0,2.0,3.0,2.0,"security, successful",2.0,291.0,982.0,1273.0,2,True,True,2020,"laptop, phone","Dell, Apple","BROKEN,ADDRESS,DATA,,,",Unknown,Unknown,Unknown
656,Brandon Gross,22,FEMALE,79.0,1305345966,Paulfort,nwong@yahoo.com,2017-03-23 15:50:00,data-sciens,110,inactive,-2.0,,197.0,2007-10-15 00:59:49,"7610 Baker Glens Suite 376, Port Carol","{'hobbies': ['woman', 'human'], 'skills': {'tech': {'python': 2, 'excel': 2, 'sql': 4}, 'soft': ['power', 'read']}, 'family': {'siblings': 2, 'income': {'father': 1028, 'mother': 412}}, 'devices': [{'type': 'laptop', 'brand': 'Lenovo', 'year': 2022}, {'type': 'phone', 'brand': 'Apple', 'year': 2021}]}",True,valid,1305345966,+998 30 534 59 66,Unknown,"woman, human",2.0,2.0,4.0,2.0,"power, read",2.0,1028.0,412.0,1440.0,2,True,True,2022,"laptop, phone","Lenovo, Apple","7610 Baker Glens Suite 376, Port Carol",Unknown,Unknown,Unknown
657,Eric Stewart,22,male,74.0,,Williamsborough,delacruzrobert@@davis.com,2023-04-04 05:52:51,DATA SCIENCE,,active,-2.0,average,188.0,1993-10-20 00:00:00,"Shahburgh 22-kv, dom 42, Tashkent","{'hobbies': ['standard', 'attack'], 'skills': {'tech': {'python': 4, 'excel': 3, 'sql': 5}, 'soft': ['threat', 'this']}, 'family': {'siblings': 5, 'income': {'father': 1388, 'mother': 617}}, 'devices': [{'type': 'laptop', 'brand': 'Lenovo', 'year': 2019}, {'type': 'phone', 'brand': 'Xiaomi', 'year': 2023}]}",False,invalid_format,,,,"standard, attack",4.0,3.0,5.0,2.0,"threat, this",5.0,1388.0,617.0,2005.0,2,True,True,2023,"laptop, phone","Lenovo, Xiaomi","Shahburgh 22-kv, dom 42, Tashkent",Unknown,Tashkent,Unknown
658,Kaitlin Cobb,18,femlae,,(580)419-2810x36799,Coxfort,allen61@@hotmail.com,2015-07-06 00:00:00,PYTHNO,,inactive,-2.0,average,167.0,1992-04-28 00:24:00,"BROKEN,ADDRESS,DATA,,,","{""hobbies"": [""clear"", ""miss""], ""skills"": {""tech"": {""python"": 2, ""excel"": 1, ""sql"": 4}, ""soft"": [""accept"", ""article""]}, ""family"": {""siblings"": 3, ""income"": {""father"": 705, ""mother"": 1163}}, ""devices"": [{""type"": ""laptop"", ""brand"": ""HP"", ""year"": 2016}, {""type"": ""phone"", ""brand"": ""Xiaomi"", ""year"": 2024}]}",False,invalid_format,580419281036799,+998 28 103 67 99,Unknown,"clear, miss",2.0,1.0,4.0,2.0,"accept, article",3.0,705.0,1163.0,1868.0,2,True,True,2024,"laptop, phone","HP, Xiaomi","BROKEN,ADDRESS,DATA,,,",Unknown,Unknown,Unknown
659,Brittney Chapman,19,fmale,60.0,,Nicholasbury,?ali@@gmail..com,2002-09-06 21:07:00,data_sciense,110,active,15.5,,93.0,2010-09-18 03:12:00,UZ 100771 Tashkent South Janet,"{hobbies:['question', 'pattern']}",False,invalid_format,,,,,,,,,,,,,,0,False,False,0,,,UZ 100771 Tashkent South Janet,100771,Tashkent,Unknown
660,,,,,411-969-9710,Christopherton,?ali@@gmail..com,2016-07-18 07:03:00,data_sciense,,inactive,,excellent,259.0,2009-06-16 00:00:00,"West Kari 8-kv, dom 5, Tashkent","{'hobbies': ['first', 'article'], 'skills': {'tech': {'python': 1, 'excel': 3, 'sql': 2}, 'soft': ['less', 'interview']}, 'family': {'siblings': 4, 'income': {'father': 202, 'mother': 1468}}, 'devices': [{'type': 'laptop', 'brand': 'Lenovo', 'year': 2023}, {'type': 'phone', 'brand': 'Samsung', 'year': 2019}]}",False,invalid_format,4119699710,+998 11 969 97 10,Unknown,"first, article",1.0,3.0,2.0,2.0,"less, interview",4.0,202.0,1468.0,1670.0,2,True,True,2023,"laptop, phone","Lenovo, Samsung","West Kari 8-kv, dom 5, Tashkent",Unknown,Tashkent,Unknown
661,Jennifer Chavez,21,male,,,Rodriguezberg,start,2016-10-16 13:13:41,d.s.,113,active,-2.0,excellent,160.0,2016-02-13 11:02:19,"BROKEN,ADDRESS,DATA,,,","{""hobbies"": [""president"", ""enter""], ""skills"": {""tech"": {""python"": 5, ""excel"": 2, ""sql"": 3}, ""soft"": [""Congress"", ""year""]}, ""family"": {""siblings"": 1, ""income"": {""father"": 1259, ""mother"": 1324}}, ""devices"": [{""type"": ""laptop"", ""brand"": ""HP"", ""year"": 2020}, {""type"": ""phone"", ""brand"": ""Apple"", ""year"": 2023}]}",False,invalid_format,,,,"president, enter",5.0,2.0,3.0,2.0,"Congress, year",1.0,1259.0,1324.0,2583.0,2,True,True,2023,"laptop, phone","HP, Apple","BROKEN,ADDRESS,DATA,,,",Unknown,Unknown,Unknown
662,,20,,80.0,,Port Daniel,ageorge@gmail.com,2009-11-17 00:00:00,python,110,active,,,73.0,1974-03-22 00:00:00,"Lake Christopherchester 3-kv, dom 9, Tashkent",INVALID_JSON_DATA,True,valid,,,,,,,,,,,,,,0,False,False,0,,,"Lake Christopherchester 3-kv, dom 9, Tashkent",Unknown,Tashkent,Unknown
663,Thomas Bailey,,Male,,(499)941-3476x512,Melissachester,someonegmail.com,2008-08-16 23:17:00,Pyhton,110,inactive,,average,295.0,1975-08-14 18:49:44,UZ 100301 Tashkent West Jessefurt,"{'hobbies': ['build', 'break'], 'skills': {'tech': {'python': 1, 'excel': 1, 'sql': 2}, 'soft': ['suffer', 'meet']}, 'family': {'siblings': 0, 'income': {'father': 1290, 'mother': 1099}}, 'devices': [{'type': 'laptop', 'brand': 'Dell', 'year': 2023}, {'type': 'phone', 'brand': 'Apple', 'year': 2018}]}",False,invalid_format,4999413476512,+998 41 347 65 12,Unknown,"build, break",1.0,1.0,2.0,2.0,"suffer, meet",0.0,1290.0,1099.0,2389.0,2,True,True,2023,"laptop, phone","Dell, Apple",UZ 100301 Tashkent West Jessefurt,100301,Tashkent,Unknown
664,Joel Lam,18,fmale,88.0,(135)685-6995x473,Lake Josephbury,sharper@@gmail.com,2008-05-13 00:00:00,python,100,inactive,3.46,good,294.0,1984-10-21 00:00:00,"Apartment 4, Jordanton district, Tashkent, UZ, 100711","{'hobbies': ['line', 'can'], 'skills': {'tech': {'python': 3, 'excel': 2, 'sql': 5}, 'soft': ['talk', 'always']}, 'family': {'siblings': 2, 'income': {'father': 1167, 'mother': 863}}, 'devices': [{'type': 'laptop', 'brand': 'Dell', 'year': 2019}, {'type': 'phone', 'brand': 'Samsung', 'year': 2018}]}",False,invalid_format,1356856995473,+998 85 699 54 73,Unknown,"line, can",3.0,2.0,5.0,2.0,"talk, always",2.0,1167.0,863.0,2030.0,2,True,True,2019,"laptop, phone","Dell, Samsung","Apartment 4, Jordanton district, Tashkent, UZ, 100711",100711,Tashkent,Jordanton
665,,18,female,73.0,328.661.9055x823,New Wendyville,someonegmail.com,2021-07-30 04:25:00,python,,inactive,3.93,excellent,257.0,1991-06-23 18:14:56,"Apartment 35, North Davidburgh district, Tashkent, UZ, 100920","{""hobbies"": [""take"", ""group""], ""skills"": {""tech"": {""python"": 4, ""excel"": 2, ""sql"": 4}, ""soft"": [""no"", ""kitchen""]}, ""family"": {""siblings"": 4, ""income"": {""father"": 502, ""mother"": 570}}, ""devices"": [{""type"": ""laptop"", ""brand"": ""HP"", ""year"": 2020}, {""type"": ""phone"", ""brand"": ""Apple"", ""year"": 2024}]}",False,invalid_format,3286619055823,+998 61 905 58 23,Unknown,"take, group",4.0,2.0,4.0,2.0,"no, kitchen",4.0,502.0,570.0,1072.0,2,True,True,2024,"laptop, phone","HP, Apple","Apartment 35, North Davidburgh district, Tashkent, UZ, 100920",100920,Tashkent,Davidburgh
666,,18,Male,60.0,(498)554-4500x24191,Johnsonburgh,we,2002-08-19 19:18:47,d.s.,,inactive,,excellent,112.0,2008-07-19 03:02:43,"BROKEN,ADDRESS,DATA,,,","{hobbies:['as', 'court']}",False,invalid_format,498554450024191,+998 45 002 41 91,Unknown,,,,,,,,,,,0,False,False,0,,,"BROKEN,ADDRESS,DATA,,,",Unknown,Unknown,Unknown
667,Joshua Wiley,20,female,70.0,,New Michael,doctor,2025-03-01 23:37:41,data_sciense,110,inactive,2.35,,157.0,2022-06-17 13:07:01,UZ 100944 Tashkent Paulburgh,"{hobbies:['return', 'will']}",False,invalid_format,,,,,,,,,,,,,,0,False,False,0,,,UZ 100944 Tashkent Paulburgh,100944,Tashkent,Unknown
668,,,,,,South Ryan,villarrealronald@rogers.com,1998-04-23 03:06:42,ds,110,active,15.5,good,247.0,2023-12-26 00:00:00,"Apartment 42, Christieville district, Tashkent, UZ, 100696","{'hobbies': ['third', 'out'], 'skills': {'tech': {'python': 5, 'excel': 3, 'sql': 5}, 'soft': ['discussion', 'democratic']}, 'family': {'siblings': 3, 'income': {'father': 1022, 'mother': 295}}, 'devices': [{'type': 'laptop', 'brand': 'Dell', 'year': 2023}, {'type': 'phone', 'brand': 'Samsung', 'year': 2024}]}",True,valid,,,,"third, out",5.0,3.0,5.0,2.0,"discussion, democratic",3.0,1022.0,295.0,1317.0,2,True,True,2024,"laptop, phone","Dell, Samsung","Apartment 42, Christieville district, Tashkent, UZ, 100696",100696,Tashkent,Christieville
669,Andrea Thomas,,femlae,,388.509.7753x55925,Kennethland,?ali@@gmail..com,1982-07-22 00:00:00,ds,80,inactive,,excellent,5800.0,1994-02-20 00:00:00,UZ 100474 Tashkent Jasonhaven,"{'hobbies': ['live', 'arrive'], 'skills': {'tech': {'python': 5, 'excel': 5, 'sql': 4}, 'soft': ['soldier', 'skin']}, 'family': {'siblings': 1, 'income': {'father': 324, 'mother': 909}}, 'devices': [{'type': 'laptop', 'brand': 'Lenovo', 'year': 2022}, {'type': 'phone', 'brand': 'Samsung', 'year': 2018}]}",False,invalid_format,388509775355925,+998 77 535 59 25,Unknown,"live, arrive",5.0,5.0,4.0,2.0,"soldier, skin",1.0,324.0,909.0,1233.0,2,True,True,2022,"laptop, phone","Lenovo, Samsung",UZ 100474 Tashkent Jasonhaven,100474,Tashkent,Unknown
670,,18,Male,,,West Kimberly,,2022-01-22 09:55:31,Pyhton,,active,3.87,good,61.0,1996-06-19 00:00:00,"Apartment 28, North Lauraville district, Tashkent, UZ, 100298","{hobbies:['conference', 'interest']}",False,missing,,,,,,,,,,,,,,0,False,False,0,,,"Apartment 28, North Lauraville district, Tashkent, UZ, 100298",100298,Tashkent,Lauraville
671,,,Male,91.0,959.281.5921x677,Lake Susan,frazieramber@gmail.com,2003-10-04 09:49:55,data-sciens,,inactive,15.5,excellent,270.0,1996-07-03 00:00:00,"Apartment 32, West Angela district, Tashkent, UZ, 100459","{hobbies:['myself', 'wall']}",True,valid,9592815921677,+998 81 592 16 77,Unknown,,,,,,,,,,,0,False,False,0,,,"Apartment 32, West Angela district, Tashkent, UZ, 100459",100459,Tashkent,Angela
672,Frank Ward,,fmale,,,West Erikamouth,rowevalerie@gmail.com,2006-07-04 04:24:18,ds,110,pending,15.5,excellent,84.0,2014-05-16 00:00:00,UZ 100098 Tashkent North Tammy,"{""hobbies"": [""rise"", ""instead""], ""skills"": {""tech"": {""python"": 1, ""excel"": 4, ""sql"": 5}, ""soft"": [""miss"", ""operation""]}, ""family"": {""siblings"": 2, ""income"": {""father"": 520, ""mother"": 1164}}, ""devices"": [{""type"": ""laptop"", ""brand"": ""HP"", ""year"": 2023}, {""type"": ""phone"", ""brand"": ""Samsung"", ""year"": 2018}]}",True,valid,,,,"rise, instead",1.0,4.0,5.0,2.0,"miss, operation",2.0,520.0,1164.0,1684.0,2,True,True,2023,"laptop, phone","HP, Samsung",UZ 100098 Tashkent North Tammy,100098,Tashkent,Unknown
673,Caitlin Brown,20,Female,,8840217757,East Jasmineborough,someonegmail.com,2018-12-21 00:00:00,data_sciense,,active,0.0,excellent,297.0,2019-01-13 00:00:00,UZ 100047 Tashkent Ruiztown,"{hobbies:['table', 'up']}",False,invalid_format,8840217757,+998 84 021 77 57,Unknown,,,,,,,,,,,0,False,False,0,,,UZ 100047 Tashkent Ruiztown,100047,Tashkent,Unknown
674,Aaron Reynolds,18,female,93.0,3665415025,Johnshire,,1980-09-11 02:22:00,data science,,active,,good,56.0,2017-10-19 02:05:43,UZ 100463 Tashkent Allenberg,INVALID_JSON_DATA,False,missing,3665415025,+998 66 541 50 25,Unknown,,,,,,,,,,,0,False,False,0,,,UZ 100463 Tashkent Allenberg,100463,Tashkent,Unknown
675,,,FEMALE,68.0,001-907-565-0218x168,Vanessaburgh,rjohnson@gmail.com,2017-06-13 00:55:00,ds,92,pending,-2.0,excellent,181.0,1982-03-23 00:00:00,"BROKEN,ADDRESS,DATA,,,","{'hobbies': ['bed', 'address'], 'skills': {'tech': {'python': 2, 'excel': 2, 'sql': 3}, 'soft': ['health', 'production']}, 'family': {'siblings': 5, 'income': {'father': 1449, 'mother': 792}}, 'devices': [{'type': 'laptop', 'brand': 'Dell', 'year': 2020}, {'type': 'phone', 'brand': 'Samsung', 'year': 2022}]}",True,valid,0019075650218168,+998 65 021 81 68,Unknown,"bed, address",2.0,2.0,3.0,2.0,"health, production",5.0,1449.0,792.0,2241.0,2,True,True,2022,"laptop, phone","Dell, Samsung","BROKEN,ADDRESS,DATA,,,",Unknown,Unknown,Unknown
676,Keith Marshall,18,MALE,,+1-232-808-0214x82218,Lake Ricardo,,2021-02-28 23:36:03,data_sciense,110,inactive,0.0,excellent,245.0,2022-03-22 00:00:00,"BROKEN,ADDRESS,DATA,,,","{'hobbies': ['security', 'artist'], 'skills': {'tech': {'python': 4, 'excel': 5, 'sql': 1}, 'soft': ['smile', 'area']}, 'family': {'siblings': 3, 'income': {'father': 971, 'mother': 544}}, 'devices': [{'type': 'laptop', 'brand': 'Dell', 'year': 2018}, {'type': 'phone', 'brand': 'Xiaomi', 'year': 2019}]}",False,missing,1232808021482218,+998 02 148 22 18,Unknown,"security, artist",4.0,5.0,1.0,2.0,"smile, area",3.0,971.0,544.0,1515.0,2,True,True,2019,"laptop, phone","Dell, Xiaomi","BROKEN,ADDRESS,DATA,,,",Unknown,Unknown,Unknown
677,Christopher Griffin,22,Male,,,New Jessicaburgh,danielsbrent@gmail.com,1995-11-27 18:10:00,Data Science,70,active,-2.0,excellent,227.0,1979-01-17 00:00:00,UZ 100395 Tashkent Lake Andre,"{'hobbies': ['seven', 'or'], 'skills': {'tech': {'python': 2, 'excel': 4, 'sql': 2}, 'soft': ['since', 'Mr']}, 'family': {'siblings': 2, 'income': {'father': 522, 'mother': 1281}}, 'devices': [{'type': 'laptop', 'brand': 'HP', 'year': 2024}, {'type': 'phone', 'brand': 'Samsung', 'year': 2018}]}",True,valid,,,,"seven, or",2.0,4.0,2.0,2.0,"since, Mr",2.0,522.0,1281.0,1803.0,2,True,True,2024,"laptop, phone","HP, Samsung",UZ 100395 Tashkent Lake Andre,100395,Tashkent,Unknown
678,Amanda Johnson,18,female,,,Lake Lindsayport,,2015-08-10 00:00:00,PYTHNO,,pending,,excellent,259.0,2005-12-04 19:31:13,UZ 100414 Tashkent Andreafort,"{'hobbies': ['need', 'when'], 'skills': {'tech': {'python': 5, 'excel': 1, 'sql': 2}, 'soft': ['partner', 'notice']}, 'family': {'siblings': 2, 'income': {'father': 1056, 'mother': 1402}}, 'devices': [{'type': 'laptop', 'brand': 'HP', 'year': 2024}, {'type': 'phone', 'brand': 'Apple', 'year': 2024}]}",False,missing,,,,"need, when",5.0,1.0,2.0,2.0,"partner, notice",2.0,1056.0,1402.0,2458.0,2,True,True,2024,"laptop, phone","HP, Apple",UZ 100414 Tashkent Andreafort,100414,Tashkent,Unknown
679,Gary Munoz,18,female,,(966)514-1194,Port Michaelton,someonegmail.com,1977-02-25 00:00:00,ds,110,inactive,,average,29300.0,1986-05-21 00:00:00,UZ 100733 Tashkent North Davidberg,"{hobbies:['smile', 'price']}",False,invalid_format,9665141194,+998 66 514 11 94,Unknown,,,,,,,,,,,0,False,False,0,,,UZ 100733 Tashkent North Davidberg,100733,Tashkent,Unknown
680,Tammy Haynes,18,Female,,001-011-277-5166x954,South Elizabethborough,build,2017-11-03 05:12:00,DATA SCIENCE,110,pending,15.5,excellent,262.0,1975-02-03 00:00:00,"2547 Brandon Points Suite 778, Ricetown","{hobbies:['and', 'idea']}",False,invalid_format,0010112775166954,+998 77 516 69 54,Unknown,,,,,,,,,,,0,False,False,0,,,"2547 Brandon Points Suite 778, Ricetown",Unknown,Unknown,Unknown
681,Jennifer Hanson,18,Male,,,Williamsport,?ali@@gmail..com,2020-09-27 00:00:00,d.s.,110,active,-2.0,average,188.0,1976-04-19 00:09:16,"New Whitney 5-kv, dom 24, Tashkent",INVALID_JSON_DATA,False,invalid_format,,,,,,,,,,,,,,0,False,False,0,,,"New Whitney 5-kv, dom 24, Tashkent",Unknown,Tashkent,Unknown
682,Steven Rodriguez,20,femlae,73.0,923.070.3425x040,Donnaview,,2023-01-20 10:26:48,python,110,active,3.89,excellent,260.0,2021-07-29 19:42:40,UZ 100158 Tashkent North Toddfurt,"{'hobbies': ['no', 'score'], 'skills': {'tech': {'python': 5, 'excel': 3, 'sql': 3}, 'soft': ['staff', 'beat']}, 'family': {'siblings': 5, 'income': {'father': 900, 'mother': 729}}, 'devices': [{'type': 'laptop', 'brand': 'Dell', 'year': 2018}, {'type': 'phone', 'brand': 'Samsung', 'year': 2022}]}",False,missing,9230703425040,+998 70 342 50 40,Unknown,"no, score",5.0,3.0,3.0,2.0,"staff, beat",5.0,900.0,729.0,1629.0,2,True,True,2022,"laptop, phone","Dell, Samsung",UZ 100158 Tashkent North Toddfurt,100158,Tashkent,Unknown
683,Joseph Ruiz,21,,,+1-432-376-4962,Davidfort,stoutpaul@yahoo.com,1993-02-12 13:30:00,d.s.,91,inactive,-2.0,excellent,15800.0,2014-05-24 00:00:00,"BROKEN,ADDRESS,DATA,,,","{'hobbies': ['couple', 'grow'], 'skills': {'tech': {'python': 2, 'excel': 5, 'sql': 2}, 'soft': ['surface', 'control']}, 'family': {'siblings': 5, 'income': {'father': 995, 'mother': 458}}, 'devices': [{'type': 'laptop', 'brand': 'Lenovo', 'year': 2020}, {'type': 'phone', 'brand': 'Xiaomi', 'year': 2022}]}",True,valid,14323764962,+998 32 376 49 62,Unknown,"couple, grow",2.0,5.0,2.0,2.0,"surface, control",5.0,995.0,458.0,1453.0,2,True,True,2022,"laptop, phone","Lenovo, Xiaomi","BROKEN,ADDRESS,DATA,,,",Unknown,Unknown,Unknown
684,,22,male,85.0,(014)026-4689x0569,Clairestad,someonegmail.com,2018-07-10 00:00:00,Data Science,110,active,,average,162.0,1989-05-13 00:00:00,UZ 100137 Tashkent Gloverborough,INVALID_JSON_DATA,False,invalid_format,01402646890569,+998 64 689 05 69,Unknown,,,,,,,,,,,0,False,False,0,,,UZ 100137 Tashkent Gloverborough,100137,Tashkent,Unknown
685,Scott Vazquez,18,femlae,,140-569-3589x38079,North Rachelville,xkelley@gmail.com,2023-08-03 11:46:45,DATA SCIENCE,,inactive,,excellent,260.0,2010-02-28 00:00:00,"840 Mcdaniel Route Suite 183, Joshuatown","{""hobbies"": [""hospital"", ""address""], ""skills"": {""tech"": {""python"": 1, ""excel"": 4, ""sql"": 3}, ""soft"": [""religious"", ""when""]}, ""family"": {""siblings"": 2, ""income"": {""father"": 1436, ""mother"": 1024}}, ""devices"": [{""type"": ""laptop"", ""brand"": ""HP"", ""year"": 2020}, {""type"": ""phone"", ""brand"": ""Apple"", ""year"": 2024}]}",True,valid,140569358938079,+998 35 893 80 79,Unknown,"hospital, address",1.0,4.0,3.0,2.0,"religious, when",2.0,1436.0,1024.0,2460.0,2,True,True,2024,"laptop, phone","HP, Apple","840 Mcdaniel Route Suite 183, Joshuatown",Unknown,Unknown,Unknown
686,Christina Small MD,20,,66.0,4748314110,Port Juliaport,andreaburgess@@wise.com,1976-03-07 00:00:00,python,,pending,-2.0,average,177.0,2021-07-07 03:35:25,UZ 100787 Tashkent Carneyview,INVALID_JSON_DATA,False,invalid_format,4748314110,+998 74 831 41 10,Unknown,,,,,,,,,,,0,False,False,0,,,UZ 100787 Tashkent Carneyview,100787,Tashkent,Unknown
687,Sarah Brown,20,,90.0,001-576-051-8069,Robertsville,?ali@@gmail..com,2014-05-14 23:46:13,ds,,active,37.0,average,165.0,2008-09-17 20:10:00,UZ 100811 Tashkent Johnnyton,"{""hobbies"": [""who"", ""player""], ""skills"": {""tech"": {""python"": 4, ""excel"": 1, ""sql"": 2}, ""soft"": [""throw"", ""central""]}, ""family"": {""siblings"": 2, ""income"": {""father"": 1136, ""mother"": 925}}, ""devices"": [{""type"": ""laptop"", ""brand"": ""HP"", ""year"": 2015}, {""type"": ""phone"", ""brand"": ""Samsung"", ""year"": 2022}]}",False,invalid_format,0015760518069,+998 76 051 80 69,Unknown,"who, player",4.0,1.0,2.0,2.0,"throw, central",2.0,1136.0,925.0,2061.0,2,True,True,2022,"laptop, phone","HP, Samsung",UZ 100811 Tashkent Johnnyton,100811,Tashkent,Unknown
688,Samuel Garcia,18,fmale,52.0,(886)210-0875x148,Gonzalezfurt,andrew67@hotmail.com,2019-02-14 00:00:00,DATA SCIENCE,115,inactive,15.5,average,177.0,2017-05-26 00:00:00,UZ 100532 Tashkent Kevintown,"{'hobbies': ['rich', 'road'], 'skills': {'tech': {'python': 2, 'excel': 2, 'sql': 3}, 'soft': ['find', 'grow']}, 'family': {'siblings': 5, 'income': {'father': 269, 'mother': 897}}, 'devices': [{'type': 'laptop', 'brand': 'Dell', 'year': 2015}, {'type': 'phone', 'brand': 'Xiaomi', 'year': 2020}]}",True,valid,8862100875148,+998 10 087 51 48,Unknown,"rich, road",2.0,2.0,3.0,2.0,"find, grow",5.0,269.0,897.0,1166.0,2,True,True,2020,"laptop, phone","Dell, Xiaomi",UZ 100532 Tashkent Kevintown,100532,Tashkent,Unknown
689,,21,,67.0,001-535-498-4540x1338,East Markview,gregory47@garcia-maldonado.com,2000-02-11 00:00:00,data_sciense,110,pending,,excellent,21300.0,1983-04-24 00:00:00,"South Thomas 10-kv, dom 16, Tashkent","{'hobbies': ['wide', 'rise'], 'skills': {'tech': {'python': 5, 'excel': 3, 'sql': 5}, 'soft': ['me', 'campaign']}, 'family': {'siblings': 1, 'income': {'father': 1339, 'mother': 1052}}, 'devices': [{'type': 'laptop', 'brand': 'Dell', 'year': 2022}, {'type': 'phone', 'brand': 'Samsung', 'year': 2023}]}",True,valid,00153549845401338,+998 84 540 13 38,Unknown,"wide, rise",5.0,3.0,5.0,2.0,"me, campaign",1.0,1339.0,1052.0,2391.0,2,True,True,2023,"laptop, phone","Dell, Samsung","South Thomas 10-kv, dom 16, Tashkent",Unknown,Tashkent,Unknown
690,Thomas Hickman,20,fmale,,198-607-4748x4448,Yangstad,bgarcia@yahoo.com,1988-10-12 00:00:00,ds,,inactive,15.5,,275.0,1970-02-03 00:00:00,"234 Jennifer Station, Tylerfurt",INVALID_JSON_DATA,True,valid,19860747484448,+998 74 748 44 48,Unknown,,,,,,,,,,,0,False,False,0,,,"234 Jennifer Station, Tylerfurt",Unknown,Unknown,Unknown
691,Clinton Walton,,femlae,,(019)568-6502x4744,South Aliciamouth,someonegmail.com,2024-05-12 00:00:00,d.s.,,inactive,3.29,good,184.0,2012-05-24 00:00:00,"Lake Robert 27-kv, dom 23, Tashkent","{'hobbies': ['responsibility', 'person'], 'skills': {'tech': {'python': 4, 'excel': 1, 'sql': 1}, 'soft': ['language', 'money']}, 'family': {'siblings': 2, 'income': {'father': 1125, 'mother': 576}}, 'devices': [{'type': 'laptop', 'brand': 'HP', 'year': 2022}, {'type': 'phone', 'brand': 'Apple', 'year': 2018}]}",False,invalid_format,01956865024744,+998 86 502 47 44,Unknown,"responsibility, person",4.0,1.0,1.0,2.0,"language, money",2.0,1125.0,576.0,1701.0,2,True,True,2022,"laptop, phone","HP, Apple","Lake Robert 27-kv, dom 23, Tashkent",Unknown,Tashkent,Unknown
692,Ryan Johnson,,Female,,500-825-2784x352,West Jamesfurt,christycole@hotmail.com,1993-08-21 00:00:00,d.s.,110,inactive,,average,283.0,2025-03-14 19:33:00,"BROKEN,ADDRESS,DATA,,,","{""hobbies"": [""tree"", ""Democrat""], ""skills"": {""tech"": {""python"": 1, ""excel"": 3, ""sql"": 1}, ""soft"": [""who"", ""financial""]}, ""family"": {""siblings"": 2, ""income"": {""father"": 900, ""mother"": 381}}, ""devices"": [{""type"": ""laptop"", ""brand"": ""Lenovo"", ""year"": 2024}, {""type"": ""phone"", ""brand"": ""Samsung"", ""year"": 2019}]}",True,valid,5008252784352,+998 25 278 43 52,Unknown,"tree, Democrat",1.0,3.0,1.0,2.0,"who, financial",2.0,900.0,381.0,1281.0,2,True,True,2024,"laptop, phone","Lenovo, Samsung","BROKEN,ADDRESS,DATA,,,",Unknown,Unknown,Unknown
693,John Martin,19,Female,95.0,+1-632-365-2942x56887,Thompsonmouth,weaverheather@@carlson.org,2023-06-02 04:43:42,Pyhton,110,inactive,0.0,excellent,254.0,1982-01-14 00:00:00,"99339 Daniel Plains Suite 713, Carterstad","{'hobbies': ['yeah', 'stay'], 'skills': {'tech': {'python': 1, 'excel': 4, 'sql': 4}, 'soft': ['address', 'step']}, 'family': {'siblings': 0, 'income': {'father': 443, 'mother': 881}}, 'devices': [{'type': 'laptop', 'brand': 'HP', 'year': 2018}, {'type': 'phone', 'brand': 'Apple', 'year': 2024}]}",False,invalid_format,1632365294256887,+998 29 425 68 87,Unknown,"yeah, stay",1.0,4.0,4.0,2.0,"address, step",0.0,443.0,881.0,1324.0,2,True,True,2024,"laptop, phone","HP, Apple","99339 Daniel Plains Suite 713, Carterstad",99339,Unknown,Unknown
694,,,fmale,,,Mcdonaldmouth,adamsandrew@sharp.biz,2003-10-01 00:00:00,PYTHNO,110,pending,1.68,good,113.0,1999-09-11 02:34:00,"West Matthewfurt 15-kv, dom 32, Tashkent",INVALID_JSON_DATA,True,valid,,,,,,,,,,,,,,0,False,False,0,,,"West Matthewfurt 15-kv, dom 32, Tashkent",Unknown,Tashkent,Unknown
695,,18,fmale,70.0,,West Patrickchester,vthompson@lewis.com,1995-07-13 00:00:00,Pyhton,83,inactive,-2.0,good,208.0,1972-05-01 21:41:00,"19337 Fitzgerald Rapids Suite 180, Tiffanytown","{hobbies:['type', 'statement']}",True,valid,,,,,,,,,,,,,,0,False,False,0,,,"19337 Fitzgerald Rapids Suite 180, Tiffanytown",19337,Unknown,Unknown
696,,22,male,,,Hermanhaven,should,2023-01-22 01:22:53,ds,,inactive,,average,73.0,1997-06-04 06:01:00,"615 Freeman Camp, Sandersberg","{'hobbies': ['civil', 'follow'], 'skills': {'tech': {'python': 3, 'excel': 2, 'sql': 2}, 'soft': ['bag', 'picture']}, 'family': {'siblings': 2, 'income': {'father': 1346, 'mother': 1300}}, 'devices': [{'type': 'laptop', 'brand': 'Lenovo', 'year': 2022}, {'type': 'phone', 'brand': 'Samsung', 'year': 2022}]}",False,invalid_format,,,,"civil, follow",3.0,2.0,2.0,2.0,"bag, picture",2.0,1346.0,1300.0,2646.0,2,True,True,2022,"laptop, phone","Lenovo, Samsung","615 Freeman Camp, Sandersberg",Unknown,Unknown,Unknown
697,,,,93.0,692.879.0399,Watsonbury,,1998-06-04 00:00:00,data science,,inactive,,good,203.0,1985-12-20 00:00:00,"1505 Moon Shore, Smithchester",INVALID_JSON_DATA,False,missing,6928790399,+998 92 879 03 99,Uzbektelecom,,,,,,,,,,,0,False,False,0,,,"1505 Moon Shore, Smithchester",Unknown,Unknown,Unknown
698,Theresa King,19,Male,91.0,4246227514,Hurleyburgh,,1977-07-25 14:23:23,data science,,active,1.22,excellent,226.0,1977-05-28 23:01:00,"BROKEN,ADDRESS,DATA,,,","{hobbies:['fine', 'something']}",False,missing,4246227514,+998 24 622 75 14,Unknown,,,,,,,,,,,0,False,False,0,,,"BROKEN,ADDRESS,DATA,,,",Unknown,Unknown,Unknown
699,Charles White,20,fmale,,+1-703-025-7395x5677,New Antonio,?ali@@gmail..com,2022-05-08 12:54:14,data_sciense,110,inactive,-2.0,,225.0,2019-12-19 00:00:00,"Apartment 1, Fisherbury district, Tashkent, UZ, 100016","{'hobbies': ['side', 'resource'], 'skills': {'tech': {'python': 5, 'excel': 4, 'sql': 1}, 'soft': ['race', 'as']}, 'family': {'siblings': 5, 'income': {'father': 1429, 'mother': 928}}, 'devices': [{'type': 'laptop', 'brand': 'HP', 'year': 2024}, {'type': 'phone', 'brand': 'Xiaomi', 'year': 2019}]}",False,invalid_format,170302573955677,+998 57 395 56 77,Unknown,"side, resource",5.0,4.0,1.0,2.0,"race, as",5.0,1429.0,928.0,2357.0,2,True,True,2024,"laptop, phone","HP, Xiaomi","Apartment 1, Fisherbury district, Tashkent, UZ, 100016",100016,Tashkent,Fisherbury
700,Angela Nichols,19,female,,315.086.7047,South Christopherberg,,2014-03-04 00:00:00,PYTHNO,,inactive,0.0,good,5600.0,2010-04-01 00:00:00,"West Sara 6-kv, dom 12, Tashkent","{""hobbies"": [""vote"", ""speak""], ""skills"": {""tech"": {""python"": 2, ""excel"": 5, ""sql"": 5}, ""soft"": [""occur"", ""we""]}, ""family"": {""siblings"": 3, ""income"": {""father"": 358, ""mother"": 1422}}, ""devices"": [{""type"": ""laptop"", ""brand"": ""HP"", ""year"": 2015}, {""type"": ""phone"", ""brand"": ""Apple"", ""year"": 2022}]}",False,missing,3150867047,+998 15 086 70 47,Unknown,"vote, speak",2.0,5.0,5.0,2.0,"occur, we",3.0,358.0,1422.0,1780.0,2,True,True,2022,"laptop, phone","HP, Apple","West Sara 6-kv, dom 12, Tashkent",Unknown,Tashkent,Unknown
701,,,female,,376-610-9989x562,North Kimberlymouth,?ali@@gmail..com,1990-07-26 00:00:00,data science,110,pending,15.5,,10200.0,2000-08-15 00:00:00,"BROKEN,ADDRESS,DATA,,,","{hobbies:['music', 'want']}",False,invalid_format,3766109989562,+998 10 998 95 62,Unknown,,,,,,,,,,,0,False,False,0,,,"BROKEN,ADDRESS,DATA,,,",Unknown,Unknown,Unknown
702,Megan Lester,18,Female,90.0,610-729-2481x98098,Port Victoria,put,1976-05-25 00:00:00,DATA SCIENCE,67,pending,3.2,excellent,106.0,1997-02-17 11:19:00,"BROKEN,ADDRESS,DATA,,,","{hobbies:['nor', 'notice']}",False,invalid_format,610729248198098,+998 24 819 80 98,Unknown,,,,,,,,,,,0,False,False,0,,,"BROKEN,ADDRESS,DATA,,,",Unknown,Unknown,Unknown
703,,19,Male,55.0,962.606.3863x5253,Colemanmouth,,1999-10-30 00:00:00,ds,110,inactive,15.5,excellent,217.0,1976-10-31 00:00:00,"North Zacharyville 23-kv, dom 2, Tashkent",INVALID_JSON_DATA,False,missing,96260638635253,+998 63 863 52 53,Unknown,,,,,,,,,,,0,False,False,0,,,"North Zacharyville 23-kv, dom 2, Tashkent",Unknown,Tashkent,Unknown
704,,,FEMALE,,549-099-9472,Rogersbury,bkim@hotmail.com,2000-06-10 00:00:00,DATA SCIENCE,99,inactive,,,246.0,2015-12-01 10:53:11,"BROKEN,ADDRESS,DATA,,,","{'hobbies': ['create', 'kind'], 'skills': {'tech': {'python': 2, 'excel': 2, 'sql': 5}, 'soft': ['management', 'point']}, 'family': {'siblings': 5, 'income': {'father': 678, 'mother': 589}}, 'devices': [{'type': 'laptop', 'brand': 'Dell', 'year': 2016}, {'type': 'phone', 'brand': 'Xiaomi', 'year': 2018}]}",True,valid,5490999472,+998 49 099 94 72,Unknown,"create, kind",2.0,2.0,5.0,2.0,"management, point",5.0,678.0,589.0,1267.0,2,True,True,2018,"laptop, phone","Dell, Xiaomi","BROKEN,ADDRESS,DATA,,,",Unknown,Unknown,Unknown
705,Blake Schneider,22,FEMALE,50.0,416-205-3111,North Paultown,keith03@@hotmail.com,1985-10-08 00:00:00,data science,110,inactive,37.0,excellent,93.0,2011-02-09 05:02:20,"BROKEN,ADDRESS,DATA,,,","{hobbies:['decision', 'up']}",False,invalid_format,4162053111,+998 16 205 31 11,Unknown,,,,,,,,,,,0,False,False,0,,,"BROKEN,ADDRESS,DATA,,,",Unknown,Unknown,Unknown
706,Jessica Mann,20,MALE,96.0,(267)135-3325x78220,Brookefort,someonegmail.com,1981-01-01 14:52:58,data-sciens,110,active,15.5,good,264.0,1988-09-20 12:48:00,"BROKEN,ADDRESS,DATA,,,","{'hobbies': ['side', 'with'], 'skills': {'tech': {'python': 1, 'excel': 4, 'sql': 5}, 'soft': ['he', 'guess']}, 'family': {'siblings': 5, 'income': {'father': 945, 'mother': 417}}, 'devices': [{'type': 'laptop', 'brand': 'Dell', 'year': 2021}, {'type': 'phone', 'brand': 'Apple', 'year': 2018}]}",False,invalid_format,267135332578220,+998 33 257 82 20,Unknown,"side, with",1.0,4.0,5.0,2.0,"he, guess",5.0,945.0,417.0,1362.0,2,True,True,2021,"laptop, phone","Dell, Apple","BROKEN,ADDRESS,DATA,,,",Unknown,Unknown,Unknown
707,Ronald Bowman,18,Female,,+1-763-790-1275x856,Sharonhaven,large,2022-04-28 03:04:10,Data Science,,pending,2.78,,243.0,1997-07-28 01:41:45,"48855 Griffith Flats Apt. 769, Port Lindseymouth","{""hobbies"": [""let"", ""option""], ""skills"": {""tech"": {""python"": 3, ""excel"": 3, ""sql"": 2}, ""soft"": [""painting"", ""tonight""]}, ""family"": {""siblings"": 0, ""income"": {""father"": 949, ""mother"": 1167}}, ""devices"": [{""type"": ""laptop"", ""brand"": ""Dell"", ""year"": 2024}, {""type"": ""phone"", ""brand"": ""Samsung"", ""year"": 2019}]}",False,invalid_format,17637901275856,+998 90 127 58 56,Beeline,"let, option",3.0,3.0,2.0,2.0,"painting, tonight",0.0,949.0,1167.0,2116.0,2,True,True,2024,"laptop, phone","Dell, Samsung","48855 Griffith Flats Apt. 769, Port Lindseymouth",48855,Unknown,Unknown
708,,21,male,70.0,850-380-1632x88680,Lake Jonathan,diane10@@cook.com,2024-05-20 00:00:00,ds,65,inactive,2.74,good,72.0,1987-12-20 00:00:00,"5025 Stephanie Tunnel Apt. 091, Paulbury","{'hobbies': ['your', 'likely'], 'skills': {'tech': {'python': 5, 'excel': 2, 'sql': 5}, 'soft': ['senior', 'now']}, 'family': {'siblings': 2, 'income': {'father': 1401, 'mother': 260}}, 'devices': [{'type': 'laptop', 'brand': 'HP', 'year': 2018}, {'type': 'phone', 'brand': 'Samsung', 'year': 2019}]}",False,invalid_format,850380163288680,+998 16 328 86 80,Unknown,"your, likely",5.0,2.0,5.0,2.0,"senior, now",2.0,1401.0,260.0,1661.0,2,True,True,2019,"laptop, phone","HP, Samsung","5025 Stephanie Tunnel Apt. 091, Paulbury",Unknown,Unknown,Unknown
709,Amanda Cortez,20,femlae,89.0,275-427-6850,South Jeffrey,?ali@@gmail..com,2023-08-19 12:39:40,DATA SCIENCE,91,inactive,37.0,good,142.0,2024-04-05 00:00:00,"BROKEN,ADDRESS,DATA,,,","{'hobbies': ['assume', 'month'], 'skills': {'tech': {'python': 4, 'excel': 1, 'sql': 3}, 'soft': ['real', 'bring']}, 'family': {'siblings': 1, 'income': {'father': 1227, 'mother': 875}}, 'devices': [{'type': 'laptop', 'brand': 'Lenovo', 'year': 2020}, {'type': 'phone', 'brand': 'Xiaomi', 'year': 2022}]}",False,invalid_format,2754276850,+998 75 427 68 50,Unknown,"assume, month",4.0,1.0,3.0,2.0,"real, bring",1.0,1227.0,875.0,2102.0,2,True,True,2022,"laptop, phone","Lenovo, Xiaomi","BROKEN,ADDRESS,DATA,,,",Unknown,Unknown,Unknown
710,Amber Brock,20,,,,Mirandaville,brianbenson@yahoo.com,2022-01-27 16:31:06,DATA SCIENCE,110,active,0.0,average,191.0,1996-12-07 00:00:00,"986 Brown Cliff Apt. 309, New Gregory",INVALID_JSON_DATA,True,valid,,,,,,,,,,,,,,0,False,False,0,,,"986 Brown Cliff Apt. 309, New Gregory",Unknown,Unknown,Unknown
711,,20,femlae,62.0,,West Mark,codycarroll@hotmail.com,2023-05-28 01:51:10,d.s.,110,pending,15.5,excellent,95.0,2024-03-30 06:45:00,"696 Roth Falls Suite 393, Port Joseph","{'hobbies': ['our', 'thing'], 'skills': {'tech': {'python': 2, 'excel': 3, 'sql': 1}, 'soft': ['between', 'information']}, 'family': {'siblings': 0, 'income': {'father': 888, 'mother': 1339}}, 'devices': [{'type': 'laptop', 'brand': 'Lenovo', 'year': 2020}, {'type': 'phone', 'brand': 'Apple', 'year': 2020}]}",True,valid,,,,"our, thing",2.0,3.0,1.0,2.0,"between, information",0.0,888.0,1339.0,2227.0,2,True,True,2020,"laptop, phone","Lenovo, Apple","696 Roth Falls Suite 393, Port Joseph",Unknown,Unknown,Unknown
712,Mr. Timothy Herrera,18,female,,316.265.1050,East Tammy,someonegmail.com,2022-12-28 14:26:00,DATA SCIENCE,77,pending,0.0,good,64.0,1989-09-30 00:00:00,"Apartment 13, Cobbfort district, Tashkent, UZ, 100837","{'hobbies': ['manage', 'nature'], 'skills': {'tech': {'python': 1, 'excel': 5, 'sql': 4}, 'soft': ['score', 'difference']}, 'family': {'siblings': 3, 'income': {'father': 640, 'mother': 244}}, 'devices': [{'type': 'laptop', 'brand': 'Dell', 'year': 2024}, {'type': 'phone', 'brand': 'Samsung', 'year': 2018}]}",False,invalid_format,3162651050,+998 16 265 10 50,Unknown,"manage, nature",1.0,5.0,4.0,2.0,"score, difference",3.0,640.0,244.0,884.0,2,True,True,2024,"laptop, phone","Dell, Samsung","Apartment 13, Cobbfort district, Tashkent, UZ, 100837",100837,Tashkent,Cobbfort
713,Johnny Alexander,18,,,,Port Natashastad,?ali@@gmail..com,1974-03-26 20:31:00,PYTHNO,110,inactive,0.0,excellent,243.0,1977-08-16 00:00:00,UZ 100627 Tashkent Burkeside,"{'hobbies': ['of', 'wrong'], 'skills': {'tech': {'python': 5, 'excel': 2, 'sql': 2}, 'soft': ['everybody', 'education']}, 'family': {'siblings': 0, 'income': {'father': 1148, 'mother': 817}}, 'devices': [{'type': 'laptop', 'brand': 'Lenovo', 'year': 2015}, {'type': 'phone', 'brand': 'Samsung', 'year': 2024}]}",False,invalid_format,,,,"of, wrong",5.0,2.0,2.0,2.0,"everybody, education",0.0,1148.0,817.0,1965.0,2,True,True,2024,"laptop, phone","Lenovo, Samsung",UZ 100627 Tashkent Burkeside,100627,Tashkent,Unknown
714,Marcus Sanchez,21,femlae,,,Lake Jasonmouth,,1980-07-14 00:00:00,d.s.,,pending,,excellent,5800.0,2018-11-06 10:50:00,UZ 100938 Tashkent New Aliciaview,"{""hobbies"": [""save"", ""beat""], ""skills"": {""tech"": {""python"": 1, ""excel"": 2, ""sql"": 4}, ""soft"": [""usually"", ""yard""]}, ""family"": {""siblings"": 1, ""income"": {""father"": 1394, ""mother"": 262}}, ""devices"": [{""type"": ""laptop"", ""brand"": ""HP"", ""year"": 2024}, {""type"": ""phone"", ""brand"": ""Xiaomi"", ""year"": 2021}]}",False,missing,,,,"save, beat",1.0,2.0,4.0,2.0,"usually, yard",1.0,1394.0,262.0,1656.0,2,True,True,2024,"laptop, phone","HP, Xiaomi",UZ 100938 Tashkent New Aliciaview,100938,Tashkent,Unknown
715,Brian Payne,18,Male,81.0,307-853-9838x4479,New Mary,strategy,1991-03-02 00:00:00,DATA SCIENCE,110,pending,15.5,average,143.0,1976-03-03 00:00:00,"26959 Mark Coves Apt. 082, North Thomasberg","{""hobbies"": [""PM"", ""toward""], ""skills"": {""tech"": {""python"": 4, ""excel"": 3, ""sql"": 2}, ""soft"": [""dark"", ""resource""]}, ""family"": {""siblings"": 0, ""income"": {""father"": 460, ""mother"": 662}}, ""devices"": [{""type"": ""laptop"", ""brand"": ""Dell"", ""year"": 2020}, {""type"": ""phone"", ""brand"": ""Apple"", ""year"": 2024}]}",False,invalid_format,30785398384479,+998 39 838 44 79,Unknown,"PM, toward",4.0,3.0,2.0,2.0,"dark, resource",0.0,460.0,662.0,1122.0,2,True,True,2024,"laptop, phone","Dell, Apple","26959 Mark Coves Apt. 082, North Thomasberg",26959,Unknown,Unknown
716,Kathy Wright,20,Male,,,West Davidchester,april56@@wiggins.info,2022-06-28 00:00:00,ds,111,active,0.0,excellent,82.0,1991-04-15 00:00:00,"BROKEN,ADDRESS,DATA,,,","{'hobbies': ['when', 'avoid'], 'skills': {'tech': {'python': 4, 'excel': 3, 'sql': 5}, 'soft': ['job', 'account']}, 'family': {'siblings': 0, 'income': {'father': 775, 'mother': 1043}}, 'devices': [{'type': 'laptop', 'brand': 'Dell', 'year': 2017}, {'type': 'phone', 'brand': 'Samsung', 'year': 2019}]}",False,invalid_format,,,,"when, avoid",4.0,3.0,5.0,2.0,"job, account",0.0,775.0,1043.0,1818.0,2,True,True,2019,"laptop, phone","Dell, Samsung","BROKEN,ADDRESS,DATA,,,",Unknown,Unknown,Unknown
717,,,femlae,,(016)363-9556x8356,Lake Rebecca,?ali@@gmail..com,2022-05-02 10:28:02,Data Science,,pending,,good,210.0,2022-08-10 09:16:22,"Apartment 4, South Christopher district, Tashkent, UZ, 100917","{""hobbies"": [""to"", ""name""], ""skills"": {""tech"": {""python"": 2, ""excel"": 1, ""sql"": 3}, ""soft"": [""government"", ""dark""]}, ""family"": {""siblings"": 1, ""income"": {""father"": 721, ""mother"": 1194}}, ""devices"": [{""type"": ""laptop"", ""brand"": ""Lenovo"", ""year"": 2022}, {""type"": ""phone"", ""brand"": ""Xiaomi"", ""year"": 2020}]}",False,invalid_format,01636395568356,+998 39 556 83 56,Unknown,"to, name",2.0,1.0,3.0,2.0,"government, dark",1.0,721.0,1194.0,1915.0,2,True,True,2022,"laptop, phone","Lenovo, Xiaomi","Apartment 4, South Christopher district, Tashkent, UZ, 100917",100917,Tashkent,Christopher
718,Sara Contreras,18,,,001-239-890-6741x14912,Port Meganberg,angela79@@gmail.com,2022-10-04 14:39:54,ds,110,pending,0.0,,79.0,1970-08-16 00:00:00,UZ 100007 Tashkent Mclaughlinstad,"{'hobbies': ['foreign', 'school'], 'skills': {'tech': {'python': 3, 'excel': 1, 'sql': 4}, 'soft': ['want', 'business']}, 'family': {'siblings': 2, 'income': {'father': 409, 'mother': 1423}}, 'devices': [{'type': 'laptop', 'brand': 'HP', 'year': 2023}, {'type': 'phone', 'brand': 'Apple', 'year': 2023}]}",False,invalid_format,001239890674114912,+998 67 411 49 12,Unknown,"foreign, school",3.0,1.0,4.0,2.0,"want, business",2.0,409.0,1423.0,1832.0,2,True,True,2023,"laptop, phone","HP, Apple",UZ 100007 Tashkent Mclaughlinstad,100007,Tashkent,Unknown
719,Rodney Jackson,20,,87.0,001-959-900-7842x13716,Ramirezchester,ann40@morales-wolf.com,1998-11-09 00:00:00,d.s.,110,inactive,37.0,average,5400.0,1985-04-13 00:00:00,"Apartment 20, North Katieville district, Tashkent, UZ, 100714","{hobbies:['significant', 'knowledge']}",True,valid,001959900784213716,+998 78 421 37 16,Unknown,,,,,,,,,,,0,False,False,0,,,"Apartment 20, North Katieville district, Tashkent, UZ, 100714",100714,Tashkent,Katieville
720,Amanda Miller,18,Male,68.0,,West Matthewshire,someonegmail.com,2009-06-16 00:00:00,data_sciense,110,pending,0.0,average,240.0,2008-12-02 18:43:00,UZ 100243 Tashkent Meganhaven,"{hobbies:['defense', 'hotel']}",False,invalid_format,,,,,,,,,,,,,,0,False,False,0,,,UZ 100243 Tashkent Meganhaven,100243,Tashkent,Unknown
721,Cody Wilson,19,fmale,95.0,113.509.6348x7529,North Kristin,daviskevin@aguilar-moran.com,2022-06-13 04:10:10,PYTHNO,117,pending,0.0,,193.0,1979-09-24 06:40:43,UZ 100355 Tashkent New Jenniferport,"{""hobbies"": [""place"", ""become""], ""skills"": {""tech"": {""python"": 1, ""excel"": 3, ""sql"": 1}, ""soft"": [""much"", ""anything""]}, ""family"": {""siblings"": 5, ""income"": {""father"": 1106, ""mother"": 597}}, ""devices"": [{""type"": ""laptop"", ""brand"": ""Dell"", ""year"": 2019}, {""type"": ""phone"", ""brand"": ""Xiaomi"", ""year"": 2021}]}",True,valid,11350963487529,+998 96 348 75 29,Unknown,"place, become",1.0,3.0,1.0,2.0,"much, anything",5.0,1106.0,597.0,1703.0,2,True,True,2021,"laptop, phone","Dell, Xiaomi",UZ 100355 Tashkent New Jenniferport,100355,Tashkent,Unknown
722,Danielle Brown,19,,77.0,(032)351-1177x775,Gibsonport,,2002-12-06 00:00:00,d.s.,81,pending,15.5,excellent,57.0,1980-03-31 00:00:00,"BROKEN,ADDRESS,DATA,,,","{hobbies:['hold', 'feel']}",False,missing,0323511177775,+998 51 117 77 75,Unknown,,,,,,,,,,,0,False,False,0,,,"BROKEN,ADDRESS,DATA,,,",Unknown,Unknown,Unknown
723,William Davis,18,male,,001-896-831-1482x81138,Scottfurt,,2023-11-14 00:00:00,data-sciens,61,inactive,0.0,excellent,102.0,1976-09-03 23:57:00,"Apartment 5, West Austin district, Tashkent, UZ, 100839","{'hobbies': ['off', 'because'], 'skills': {'tech': {'python': 5, 'excel': 4, 'sql': 5}, 'soft': ['government', 'exactly']}, 'family': {'siblings': 4, 'income': {'father': 1151, 'mother': 296}}, 'devices': [{'type': 'laptop', 'brand': 'Lenovo', 'year': 2023}, {'type': 'phone', 'brand': 'Apple', 'year': 2023}]}",False,missing,001896831148281138,+998 14 828 11 38,Unknown,"off, because",5.0,4.0,5.0,2.0,"government, exactly",4.0,1151.0,296.0,1447.0,2,True,True,2023,"laptop, phone","Lenovo, Apple","Apartment 5, West Austin district, Tashkent, UZ, 100839",100839,Tashkent,Austin
724,James Perez,20,fmale,82.0,326-340-6267x38836,East Andrew,xcarr@@gmail.com,1980-03-14 00:00:00,data_sciense,,inactive,,average,60.0,1970-12-19 00:00:00,"63452 Johnny Ports Suite 957, North Maria",INVALID_JSON_DATA,False,invalid_format,326340626738836,+998 62 673 88 36,Unknown,,,,,,,,,,,0,False,False,0,,,"63452 Johnny Ports Suite 957, North Maria",63452,Unknown,Unknown
725,Ashley Harper,18,Male,,(662)376-7419x984,Franciscobury,katherine53@phillips.com,1983-10-04 20:48:03,Data Science,115,active,0.0,,260.0,2022-11-04 05:31:42,UZ 100448 Tashkent North Marytown,"{hobbies:['likely', 'top']}",True,valid,6623767419984,+998 76 741 99 84,Unknown,,,,,,,,,,,0,False,False,0,,,UZ 100448 Tashkent North Marytown,100448,Tashkent,Unknown
726,Jason Cunningham,,female,63.0,390.644.9769x621,Williamsonstad,?ali@@gmail..com,2024-08-10 00:00:00,d.s.,110,active,,average,263.0,2022-08-26 12:24:35,"BROKEN,ADDRESS,DATA,,,",INVALID_JSON_DATA,False,invalid_format,3906449769621,+998 44 976 96 21,Unknown,,,,,,,,,,,0,False,False,0,,,"BROKEN,ADDRESS,DATA,,,",Unknown,Unknown,Unknown
727,Molly Hernandez,19,MALE,75.0,001-142-437-5779x755,Port Heatherbury,set,2000-11-30 00:00:00,ds,62,active,37.0,,194.0,1986-06-05 21:08:00,"479 Kimberly Dale Apt. 159, Newtonstad","{""hobbies"": [""society"", ""sometimes""], ""skills"": {""tech"": {""python"": 5, ""excel"": 1, ""sql"": 4}, ""soft"": [""detail"", ""certain""]}, ""family"": {""siblings"": 5, ""income"": {""father"": 202, ""mother"": 448}}, ""devices"": [{""type"": ""laptop"", ""brand"": ""HP"", ""year"": 2022}, {""type"": ""phone"", ""brand"": ""Samsung"", ""year"": 2022}]}",False,invalid_format,0011424375779755,+998 37 577 97 55,Unknown,"society, sometimes",5.0,1.0,4.0,2.0,"detail, certain",5.0,202.0,448.0,650.0,2,True,True,2022,"laptop, phone","HP, Samsung","479 Kimberly Dale Apt. 159, Newtonstad",Unknown,Unknown,Unknown
728,,18,Male,90.0,,West Tammie,answer,1998-09-18 04:51:00,DATA SCIENCE,,inactive,15.5,excellent,62.0,2022-11-25 23:42:00,"BROKEN,ADDRESS,DATA,,,","{'hobbies': ['whole', 'century'], 'skills': {'tech': {'python': 4, 'excel': 2, 'sql': 1}, 'soft': ['analysis', 'receive']}, 'family': {'siblings': 5, 'income': {'father': 1026, 'mother': 1286}}, 'devices': [{'type': 'laptop', 'brand': 'HP', 'year': 2016}, {'type': 'phone', 'brand': 'Apple', 'year': 2023}]}",False,invalid_format,,,,"whole, century",4.0,2.0,1.0,2.0,"analysis, receive",5.0,1026.0,1286.0,2312.0,2,True,True,2023,"laptop, phone","HP, Apple","BROKEN,ADDRESS,DATA,,,",Unknown,Unknown,Unknown
729,Glenn Nguyen,21,,65.0,001-625-645-7646x0614,Davidland,perrytrevor@@hotmail.com,2010-10-30 00:00:00,Pyhton,,pending,,average,180.0,2005-01-15 00:00:00,"2360 Bass Gateway, Port Wesley","{hobbies:['phone', 'around']}",False,invalid_format,00162564576460614,+998 57 646 06 14,Unknown,,,,,,,,,,,0,False,False,0,,,"2360 Bass Gateway, Port Wesley",Unknown,Unknown,Unknown
730,,18,MALE,81.0,+1-154-940-4835x590,Lake Joseph,bdelgado@gmail.com,2020-04-02 00:00:00,data-sciens,,active,0.0,good,58.0,1990-01-07 20:29:00,UZ 100825 Tashkent Carlosberg,"{hobbies:['walk', 'enter']}",True,valid,11549404835590,+998 40 483 55 90,Unknown,,,,,,,,,,,0,False,False,0,,,UZ 100825 Tashkent Carlosberg,100825,Tashkent,Unknown
731,Janet Mueller,20,male,,,Greerhaven,,2022-03-03 10:50:42,d.s.,110,inactive,0.0,excellent,69.0,1980-11-07 23:05:00,"031 Annette Harbors Suite 552, Ellisview","{hobbies:['role', 'marriage']}",False,missing,,,,,,,,,,,,,,0,False,False,0,,,"031 Annette Harbors Suite 552, Ellisview",Unknown,Unknown,Unknown
732,Andrea Parsons,19,Male,76.0,001-853-323-0304x5597,Robertstad,crusso@@ray.com,2012-09-04 21:49:24,PYTHNO,105,inactive,-2.0,excellent,219.0,2002-11-05 17:42:04,"Brianberg 11-kv, dom 28, Tashkent",INVALID_JSON_DATA,False,invalid_format,00185332303045597,+998 30 304 55 97,Unknown,,,,,,,,,,,0,False,False,0,,,"Brianberg 11-kv, dom 28, Tashkent",Unknown,Tashkent,Unknown
733,Ann Ford,18,female,68.0,562-185-2442x774,Nealmouth,,2018-01-24 00:00:00,python,,active,37.0,excellent,193.0,2011-02-20 00:00:00,"BROKEN,ADDRESS,DATA,,,","{'hobbies': ['deep', 'understand'], 'skills': {'tech': {'python': 4, 'excel': 3, 'sql': 2}, 'soft': ['region', 'reach']}, 'family': {'siblings': 3, 'income': {'father': 1105, 'mother': 1139}}, 'devices': [{'type': 'laptop', 'brand': 'HP', 'year': 2017}, {'type': 'phone', 'brand': 'Xiaomi', 'year': 2019}]}",False,missing,5621852442774,+998 85 244 27 74,Unknown,"deep, understand",4.0,3.0,2.0,2.0,"region, reach",3.0,1105.0,1139.0,2244.0,2,True,True,2019,"laptop, phone","HP, Xiaomi","BROKEN,ADDRESS,DATA,,,",Unknown,Unknown,Unknown
734,,20,,,,Port Joshuaborough,,1990-06-18 00:00:00,python,118,inactive,,,182.0,1980-07-30 00:00:00,"34007 Young Courts, South Kennethborough","{'hobbies': ['wait', 'reduce'], 'skills': {'tech': {'python': 2, 'excel': 2, 'sql': 5}, 'soft': ['face', 'after']}, 'family': {'siblings': 4, 'income': {'father': 734, 'mother': 1086}}, 'devices': [{'type': 'laptop', 'brand': 'HP', 'year': 2024}, {'type': 'phone', 'brand': 'Samsung', 'year': 2020}]}",False,missing,,,,"wait, reduce",2.0,2.0,5.0,2.0,"face, after",4.0,734.0,1086.0,1820.0,2,True,True,2024,"laptop, phone","HP, Samsung","34007 Young Courts, South Kennethborough",34007,Unknown,Unknown
735,Jeffrey Harper,19,femlae,,,North Jameston,joshuaproctor@@morgan-lane.biz,2001-07-25 12:59:00,d.s.,110,pending,,excellent,71.0,2006-09-28 00:00:00,"BROKEN,ADDRESS,DATA,,,","{hobbies:['certain', 'us']}",False,invalid_format,,,,,,,,,,,,,,0,False,False,0,,,"BROKEN,ADDRESS,DATA,,,",Unknown,Unknown,Unknown
736,Roy Buchanan,18,,90.0,180-674-9803,South Ivanland,lisa49@gilbert-morris.com,2019-09-22 04:47:00,data science,,inactive,-2.0,good,292.0,1977-03-22 00:00:00,UZ 100284 Tashkent South Elizabethburgh,"{'hobbies': ['must', 'add'], 'skills': {'tech': {'python': 1, 'excel': 5, 'sql': 4}, 'soft': ['them', 'laugh']}, 'family': {'siblings': 5, 'income': {'father': 959, 'mother': 459}}, 'devices': [{'type': 'laptop', 'brand': 'Lenovo', 'year': 2024}, {'type': 'phone', 'brand': 'Apple', 'year': 2019}]}",True,valid,1806749803,+998 80 674 98 03,Unknown,"must, add",1.0,5.0,4.0,2.0,"them, laugh",5.0,959.0,459.0,1418.0,2,True,True,2024,"laptop, phone","Lenovo, Apple",UZ 100284 Tashkent South Elizabethburgh,100284,Tashkent,Unknown
737,Kimberly Mckinney,22,fmale,,,Josephton,jessicahopkins@@cobb.com,1982-12-28 00:00:00,DATA SCIENCE,106,active,1.15,excellent,120.0,2021-08-07 08:47:09,"BROKEN,ADDRESS,DATA,,,","{hobbies:['deal', 'all']}",False,invalid_format,,,,,,,,,,,,,,0,False,False,0,,,"BROKEN,ADDRESS,DATA,,,",Unknown,Unknown,Unknown
738,Richard Todd,22,fmale,,+1-262-772-2943x6000,Darrylland,?ali@@gmail..com,2017-11-21 00:00:00,python,,pending,15.5,average,23300.0,2022-07-25 13:25:47,"37735 Mendoza Extensions Suite 641, Port Brian","{hobbies:['enjoy', 'southern']}",False,invalid_format,126277229436000,+998 22 943 60 00,Unknown,,,,,,,,,,,0,False,False,0,,,"37735 Mendoza Extensions Suite 641, Port Brian",37735,Unknown,Unknown
739,Joshua Phillips,18,Male,,,Ingramview,stephen59@love.com,2013-09-01 00:00:00,DATA SCIENCE,110,pending,15.5,excellent,6700.0,1995-02-03 00:00:00,"Apartment 21, North Amandachester district, Tashkent, UZ, 100894","{hobbies:['understand', 'help']}",True,valid,,,,,,,,,,,,,,0,False,False,0,,,"Apartment 21, North Amandachester district, Tashkent, UZ, 100894",100894,Tashkent,Amandachester
740,,20,Male,69.0,6217635302,Stephenfurt,gibsonjacob@garcia-curtis.info,1989-12-02 00:00:00,DATA SCIENCE,100,active,37.0,good,11000.0,1992-06-19 00:00:00,"BROKEN,ADDRESS,DATA,,,","{'hobbies': ['also', 'suggest'], 'skills': {'tech': {'python': 3, 'excel': 5, 'sql': 4}, 'soft': ['glass', 'gun']}, 'family': {'siblings': 5, 'income': {'father': 568, 'mother': 1500}}, 'devices': [{'type': 'laptop', 'brand': 'Lenovo', 'year': 2017}, {'type': 'phone', 'brand': 'Apple', 'year': 2021}]}",True,valid,6217635302,+998 21 763 53 02,Unknown,"also, suggest",3.0,5.0,4.0,2.0,"glass, gun",5.0,568.0,1500.0,2068.0,2,True,True,2021,"laptop, phone","Lenovo, Apple","BROKEN,ADDRESS,DATA,,,",Unknown,Unknown,Unknown
741,Melinda Wright,19,,56.0,,East Jason,someonegmail.com,1992-03-25 00:00:00,Pyhton,110,active,15.5,average,96.0,1985-02-20 16:33:10,"Port Angelfort 6-kv, dom 20, Tashkent","{'hobbies': ['as', 'job'], 'skills': {'tech': {'python': 2, 'excel': 1, 'sql': 3}, 'soft': ['man', 'upon']}, 'family': {'siblings': 3, 'income': {'father': 924, 'mother': 1178}}, 'devices': [{'type': 'laptop', 'brand': 'Lenovo', 'year': 2019}, {'type': 'phone', 'brand': 'Samsung', 'year': 2018}]}",False,invalid_format,,,,"as, job",2.0,1.0,3.0,2.0,"man, upon",3.0,924.0,1178.0,2102.0,2,True,True,2019,"laptop, phone","Lenovo, Samsung","Port Angelfort 6-kv, dom 20, Tashkent",Unknown,Tashkent,Unknown
742,Jonathan Anderson,22,MALE,77.0,,New Dawnshire,someonegmail.com,2012-10-26 00:00:00,Data Science,,pending,-2.0,excellent,283.0,1991-09-13 00:00:00,"Apartment 49, Lisastad district, Tashkent, UZ, 100302","{'hobbies': ['page', 'Congress'], 'skills': {'tech': {'python': 2, 'excel': 3, 'sql': 2}, 'soft': ['have', 'form']}, 'family': {'siblings': 5, 'income': {'father': 887, 'mother': 1435}}, 'devices': [{'type': 'laptop', 'brand': 'Lenovo', 'year': 2021}, {'type': 'phone', 'brand': 'Apple', 'year': 2020}]}",False,invalid_format,,,,"page, Congress",2.0,3.0,2.0,2.0,"have, form",5.0,887.0,1435.0,2322.0,2,True,True,2021,"laptop, phone","Lenovo, Apple","Apartment 49, Lisastad district, Tashkent, UZ, 100302",100302,Tashkent,Lisastad
743,Richard Rogers,19,,,822-405-4295,Port Wandashire,yanggary@miles-morris.info,2014-01-03 00:00:00,Pyhton,110,active,37.0,good,133.0,2021-04-07 15:48:00,UZ 100742 Tashkent Port Martha,INVALID_JSON_DATA,True,valid,8224054295,+998 22 405 42 95,Unknown,,,,,,,,,,,0,False,False,0,,,UZ 100742 Tashkent Port Martha,100742,Tashkent,Unknown
744,Jonathan Stevens,18,Male,70.0,,Andreafurt,?ali@@gmail..com,1992-01-28 00:00:00,ds,,active,,excellent,214.0,2013-06-26 00:41:00,"Courtneyport 16-kv, dom 13, Tashkent","{""hobbies"": [""course"", ""benefit""], ""skills"": {""tech"": {""python"": 1, ""excel"": 1, ""sql"": 2}, ""soft"": [""choose"", ""their""]}, ""family"": {""siblings"": 1, ""income"": {""father"": 1187, ""mother"": 1136}}, ""devices"": [{""type"": ""laptop"", ""brand"": ""Dell"", ""year"": 2024}, {""type"": ""phone"", ""brand"": ""Samsung"", ""year"": 2019}]}",False,invalid_format,,,,"course, benefit",1.0,1.0,2.0,2.0,"choose, their",1.0,1187.0,1136.0,2323.0,2,True,True,2024,"laptop, phone","Dell, Samsung","Courtneyport 16-kv, dom 13, Tashkent",Unknown,Tashkent,Unknown
745,Lisa Murphy,21,,74.0,+1-502-454-7420x881,East Lauren,michaelwalker@erickson-martin.biz,1983-09-19 00:00:00,data-sciens,61,active,37.0,good,76.0,1972-12-05 00:00:00,"13169 Davis Knolls, Castroland","{'hobbies': ['player', 'daughter'], 'skills': {'tech': {'python': 4, 'excel': 4, 'sql': 1}, 'soft': ['light', 'as']}, 'family': {'siblings': 0, 'income': {'father': 536, 'mother': 1001}}, 'devices': [{'type': 'laptop', 'brand': 'Dell', 'year': 2022}, {'type': 'phone', 'brand': 'Xiaomi', 'year': 2021}]}",True,valid,15024547420881,+998 54 742 08 81,Unknown,"player, daughter",4.0,4.0,1.0,2.0,"light, as",0.0,536.0,1001.0,1537.0,2,True,True,2022,"laptop, phone","Dell, Xiaomi","13169 Davis Knolls, Castroland",13169,Unknown,Unknown
746,Sherri Alexander,21,femlae,57.0,(215)490-4363,Brownchester,pattersonmarie@yahoo.com,2010-02-18 00:00:00,Data Science,110,inactive,,good,18500.0,1990-11-11 00:00:00,"41485 Roach Park Suite 766, Joshuahaven","{'hobbies': ['learn', 'any'], 'skills': {'tech': {'python': 2, 'excel': 5, 'sql': 3}, 'soft': ['want', 'outside']}, 'family': {'siblings': 1, 'income': {'father': 1049, 'mother': 512}}, 'devices': [{'type': 'laptop', 'brand': 'Lenovo', 'year': 2024}, {'type': 'phone', 'brand': 'Apple', 'year': 2018}]}",True,valid,2154904363,+998 15 490 43 63,Unknown,"learn, any",2.0,5.0,3.0,2.0,"want, outside",1.0,1049.0,512.0,1561.0,2,True,True,2024,"laptop, phone","Lenovo, Apple","41485 Roach Park Suite 766, Joshuahaven",41485,Unknown,Unknown
747,,,MALE,84.0,,Sabrinamouth,austin07@compton-johnson.com,2022-06-22 23:39:42,PYTHNO,87,inactive,0.0,good,205.0,1999-10-29 00:00:00,"8768 Tracy Wall Apt. 624, North Yolanda",INVALID_JSON_DATA,True,valid,,,,,,,,,,,,,,0,False,False,0,,,"8768 Tracy Wall Apt. 624, North Yolanda",Unknown,Unknown,Unknown
748,Tonya Bruce,18,,63.0,,Westhaven,davidlamb@long-nunez.com,1972-07-24 00:00:00,DATA SCIENCE,110,inactive,37.0,average,25400.0,2004-07-31 00:00:00,"Pottsstad 30-kv, dom 38, Tashkent","{hobbies:['minute', 'morning']}",True,valid,,,,,,,,,,,,,,0,False,False,0,,,"Pottsstad 30-kv, dom 38, Tashkent",Unknown,Tashkent,Unknown
749,Jason Mack,,male,74.0,453.192.7531,Derekmouth,millerpatrick@leach.info,2021-10-14 03:41:53,Data Science,110,active,0.0,,188.0,2000-11-11 01:10:00,"Ruthfort 25-kv, dom 28, Tashkent","{hobbies:['often', 'toward']}",True,valid,4531927531,+998 53 192 75 31,Unknown,,,,,,,,,,,0,False,False,0,,,"Ruthfort 25-kv, dom 28, Tashkent",Unknown,Tashkent,Unknown
750,Brandon Ryan,,Male,83.0,,Potterborough,father,2008-12-27 15:44:41,ds,110,pending,,good,174.0,2011-03-03 00:00:00,"5988 James Views, Mccormickhaven",INVALID_JSON_DATA,False,invalid_format,,,,,,,,,,,,,,0,False,False,0,,,"5988 James Views, Mccormickhaven",Unknown,Unknown,Unknown
751,,20,female,93.0,629-612-1459x99546,Alexanderview,njones@@gmail.com,2014-07-31 23:32:00,PYTHNO,110,inactive,,good,74.0,1986-10-21 00:00:00,UZ 100245 Tashkent New Diamond,"{'hobbies': ['land', 'break'], 'skills': {'tech': {'python': 1, 'excel': 4, 'sql': 1}, 'soft': ['one', 'understand']}, 'family': {'siblings': 3, 'income': {'father': 1269, 'mother': 226}}, 'devices': [{'type': 'laptop', 'brand': 'HP', 'year': 2024}, {'type': 'phone', 'brand': 'Xiaomi', 'year': 2023}]}",False,invalid_format,629612145999546,+998 14 599 95 46,Unknown,"land, break",1.0,4.0,1.0,2.0,"one, understand",3.0,1269.0,226.0,1495.0,2,True,True,2024,"laptop, phone","HP, Xiaomi",UZ 100245 Tashkent New Diamond,100245,Tashkent,Unknown
752,Erica Stark,22,FEMALE,,,East Donald,others,1981-03-03 00:00:00,data science,99,active,,excellent,264.0,2022-05-29 16:33:01,UZ 100332 Tashkent Kaylastad,"{'hobbies': ['agent', 'poor'], 'skills': {'tech': {'python': 4, 'excel': 5, 'sql': 4}, 'soft': ['various', 'government']}, 'family': {'siblings': 5, 'income': {'father': 1255, 'mother': 1382}}, 'devices': [{'type': 'laptop', 'brand': 'Lenovo', 'year': 2019}, {'type': 'phone', 'brand': 'Xiaomi', 'year': 2021}]}",False,invalid_format,,,,"agent, poor",4.0,5.0,4.0,2.0,"various, government",5.0,1255.0,1382.0,2637.0,2,True,True,2021,"laptop, phone","Lenovo, Xiaomi",UZ 100332 Tashkent Kaylastad,100332,Tashkent,Unknown
753,,20,male,63.0,416.237.9974x157,Port Christopherside,near,2015-12-12 00:00:00,d.s.,,inactive,3.19,good,164.0,2018-01-30 06:48:00,"South Juliaburgh 19-kv, dom 9, Tashkent",INVALID_JSON_DATA,False,invalid_format,4162379974157,+998 37 997 41 57,Unknown,,,,,,,,,,,0,False,False,0,,,"South Juliaburgh 19-kv, dom 9, Tashkent",Unknown,Tashkent,Unknown
754,Sarah Herrera,18,Male,,557.907.2856x8042,Port Elizabethshire,someonegmail.com,2015-12-02 00:00:00,Data Science,110,inactive,0.0,excellent,95.0,2000-08-01 00:00:00,UZ 100158 Tashkent Katherinechester,INVALID_JSON_DATA,False,invalid_format,55790728568042,+998 72 856 80 42,Unknown,,,,,,,,,,,0,False,False,0,,,UZ 100158 Tashkent Katherinechester,100158,Tashkent,Unknown
755,Rebecca Williams,22,female,57.0,(898)857-4205x68630,South Joshuaburgh,?ali@@gmail..com,1981-05-05 22:20:00,DATA SCIENCE,110,active,15.5,excellent,13900.0,1977-10-17 00:00:00,"East John 7-kv, dom 28, Tashkent","{'hobbies': ['blood', 'general'], 'skills': {'tech': {'python': 5, 'excel': 4, 'sql': 3}, 'soft': ['however', 'door']}, 'family': {'siblings': 3, 'income': {'father': 374, 'mother': 370}}, 'devices': [{'type': 'laptop', 'brand': 'Dell', 'year': 2018}, {'type': 'phone', 'brand': 'Apple', 'year': 2021}]}",False,invalid_format,898857420568630,+998 42 056 86 30,Unknown,"blood, general",5.0,4.0,3.0,2.0,"however, door",3.0,374.0,370.0,744.0,2,True,True,2021,"laptop, phone","Dell, Apple","East John 7-kv, dom 28, Tashkent",Unknown,Tashkent,Unknown
756,,19,female,68.0,784-022-4979x5611,Ballardstad,?ali@@gmail..com,2008-02-11 00:00:00,d.s.,,active,,,18100.0,2008-03-19 13:45:07,UZ 100780 Tashkent Lake Timothy,"{'hobbies': ['whether', 'size'], 'skills': {'tech': {'python': 1, 'excel': 5, 'sql': 4}, 'soft': ['art', 'share']}, 'family': {'siblings': 4, 'income': {'father': 716, 'mother': 1323}}, 'devices': [{'type': 'laptop', 'brand': 'Dell', 'year': 2024}, {'type': 'phone', 'brand': 'Xiaomi', 'year': 2019}]}",False,invalid_format,78402249795611,+998 24 979 56 11,Unknown,"whether, size",1.0,5.0,4.0,2.0,"art, share",4.0,716.0,1323.0,2039.0,2,True,True,2024,"laptop, phone","Dell, Xiaomi",UZ 100780 Tashkent Lake Timothy,100780,Tashkent,Unknown
757,,19,male,92.0,,Port Vickie,andrew24@@yahoo.com,1994-07-24 00:00:00,d.s.,,inactive,15.5,excellent,178.0,1979-07-16 00:00:00,"BROKEN,ADDRESS,DATA,,,","{""hobbies"": [""product"", ""class""], ""skills"": {""tech"": {""python"": 3, ""excel"": 4, ""sql"": 2}, ""soft"": [""heart"", ""office""]}, ""family"": {""siblings"": 4, ""income"": {""father"": 1131, ""mother"": 694}}, ""devices"": [{""type"": ""laptop"", ""brand"": ""HP"", ""year"": 2023}, {""type"": ""phone"", ""brand"": ""Samsung"", ""year"": 2020}]}",False,invalid_format,,,,"product, class",3.0,4.0,2.0,2.0,"heart, office",4.0,1131.0,694.0,1825.0,2,True,True,2023,"laptop, phone","HP, Samsung","BROKEN,ADDRESS,DATA,,,",Unknown,Unknown,Unknown
758,Kevin Chavez,20,MALE,,,Paultown,someonegmail.com,2023-10-17 09:26:29,Pyhton,92,active,,,118.0,1979-08-03 00:00:00,"38279 Johnson Junctions Apt. 058, Hopkinsshire","{'hobbies': ['often', 'seat'], 'skills': {'tech': {'python': 4, 'excel': 3, 'sql': 2}, 'soft': ['issue', 'beat']}, 'family': {'siblings': 1, 'income': {'father': 799, 'mother': 686}}, 'devices': [{'type': 'laptop', 'brand': 'Dell', 'year': 2018}, {'type': 'phone', 'brand': 'Xiaomi', 'year': 2019}]}",False,invalid_format,,,,"often, seat",4.0,3.0,2.0,2.0,"issue, beat",1.0,799.0,686.0,1485.0,2,True,True,2019,"laptop, phone","Dell, Xiaomi","38279 Johnson Junctions Apt. 058, Hopkinsshire",38279,Unknown,Unknown
759,Leslie Hubbard,21,,,(413)158-1431,Lake Jonport,harpersharon@yahoo.com,1971-12-17 00:00:00,data science,120,pending,,good,117.0,1995-12-08 00:00:00,"58426 James Burg, Markmouth",INVALID_JSON_DATA,True,valid,4131581431,+998 13 158 14 31,Unknown,,,,,,,,,,,0,False,False,0,,,"58426 James Burg, Markmouth",58426,Unknown,Unknown
760,Tracey Fields,18,male,87.0,(389)103-3742x5065,East Jonathanbury,?ali@@gmail..com,2006-03-05 00:00:00,d.s.,110,pending,3.99,average,195.0,1998-12-16 00:00:00,"74126 Smith Drives, North Geoffreyburgh",INVALID_JSON_DATA,False,invalid_format,38910337425065,+998 33 742 50 65,Unknown,,,,,,,,,,,0,False,False,0,,,"74126 Smith Drives, North Geoffreyburgh",74126,Unknown,Unknown
761,,18,Male,,+1-792-414-6936x4192,Clarkport,mackenzie10@gmail.com,2011-04-10 17:37:29,python,,inactive,37.0,excellent,6200.0,1978-08-18 00:00:00,"18410 Richard Orchard Suite 816, Charlesside","{hobbies:['floor', 'special']}",True,valid,179241469364192,+998 46 936 41 92,Unknown,,,,,,,,,,,0,False,False,0,,,"18410 Richard Orchard Suite 816, Charlesside",18410,Unknown,Unknown
762,William Stewart,22,female,,,Evansmouth,?ali@@gmail..com,2019-12-16 07:48:05,python,95,pending,,excellent,15900.0,1978-02-20 00:00:00,"Apartment 32, Lake Christopher district, Tashkent, UZ, 100248","{'hobbies': ['whose', 'floor'], 'skills': {'tech': {'python': 1, 'excel': 4, 'sql': 2}, 'soft': ['clearly', 'game']}, 'family': {'siblings': 5, 'income': {'father': 513, 'mother': 1236}}, 'devices': [{'type': 'laptop', 'brand': 'Dell', 'year': 2023}, {'type': 'phone', 'brand': 'Xiaomi', 'year': 2019}]}",False,invalid_format,,,,"whose, floor",1.0,4.0,2.0,2.0,"clearly, game",5.0,513.0,1236.0,1749.0,2,True,True,2023,"laptop, phone","Dell, Xiaomi","Apartment 32, Lake Christopher district, Tashkent, UZ, 100248",100248,Tashkent,Christopher
763,,20,MALE,94.0,,East Jenniferton,artist,2016-09-29 00:00:00,data-sciens,110,inactive,,excellent,233.0,1983-06-23 00:00:00,"03154 Jessica Islands Apt. 709, New Kennethton","{'hobbies': ['society', 'money'], 'skills': {'tech': {'python': 4, 'excel': 5, 'sql': 2}, 'soft': ['such', 'seem']}, 'family': {'siblings': 4, 'income': {'father': 1284, 'mother': 622}}, 'devices': [{'type': 'laptop', 'brand': 'Dell', 'year': 2021}, {'type': 'phone', 'brand': 'Apple', 'year': 2022}]}",False,invalid_format,,,,"society, money",4.0,5.0,2.0,2.0,"such, seem",4.0,1284.0,622.0,1906.0,2,True,True,2022,"laptop, phone","Dell, Apple","03154 Jessica Islands Apt. 709, New Kennethton",03154,Unknown,Unknown
764,,19,Female,,,West Jessicafort,james82@smith.com,2014-07-07 06:59:14,Data Science,,active,15.5,excellent,25100.0,2002-06-19 00:00:00,UZ 100103 Tashkent East Amberburgh,"{'hobbies': ['ask', 'threat'], 'skills': {'tech': {'python': 3, 'excel': 3, 'sql': 3}, 'soft': ['ok', 'they']}, 'family': {'siblings': 2, 'income': {'father': 1394, 'mother': 909}}, 'devices': [{'type': 'laptop', 'brand': 'Lenovo', 'year': 2023}, {'type': 'phone', 'brand': 'Xiaomi', 'year': 2018}]}",True,valid,,,,"ask, threat",3.0,3.0,3.0,2.0,"ok, they",2.0,1394.0,909.0,2303.0,2,True,True,2023,"laptop, phone","Lenovo, Xiaomi",UZ 100103 Tashkent East Amberburgh,100103,Tashkent,Unknown
765,Tammy Garcia,18,,,,South Dorischester,?ali@@gmail..com,2010-04-24 00:00:00,d.s.,110,pending,,excellent,197.0,2005-12-10 00:00:00,"57963 Rachel Lock, Kevinhaven","{""hobbies"": [""mind"", ""even""], ""skills"": {""tech"": {""python"": 2, ""excel"": 3, ""sql"": 4}, ""soft"": [""reduce"", ""learn""]}, ""family"": {""siblings"": 1, ""income"": {""father"": 483, ""mother"": 213}}, ""devices"": [{""type"": ""laptop"", ""brand"": ""HP"", ""year"": 2018}, {""type"": ""phone"", ""brand"": ""Apple"", ""year"": 2021}]}",False,invalid_format,,,,"mind, even",2.0,3.0,4.0,2.0,"reduce, learn",1.0,483.0,213.0,696.0,2,True,True,2021,"laptop, phone","HP, Apple","57963 Rachel Lock, Kevinhaven",57963,Unknown,Unknown
766,Mr. Andre Miller,21,FEMALE,,(076)315-1587x45236,Garrettstad,,1973-06-17 06:27:00,Data Science,65,inactive,15.5,excellent,60.0,1990-12-29 00:00:00,UZ 100834 Tashkent South Kathrynberg,INVALID_JSON_DATA,False,missing,076315158745236,+998 15 874 52 36,Unknown,,,,,,,,,,,0,False,False,0,,,UZ 100834 Tashkent South Kathrynberg,100834,Tashkent,Unknown
767,Angelica Holmes,20,male,,,Lake Matthew,ricemelanie@@gmail.com,2008-07-04 00:00:00,ds,75,inactive,,good,188.0,2022-01-14 01:33:05,"Apartment 39, Williamsshire district, Tashkent, UZ, 100365","{hobbies:['western', 'last']}",False,invalid_format,,,,,,,,,,,,,,0,False,False,0,,,"Apartment 39, Williamsshire district, Tashkent, UZ, 100365",100365,Tashkent,Williamsshire
768,Jonathan Doyle,,female,76.0,001-753-657-7382,Walkerhaven,ericray@yahoo.com,2022-11-11 07:54:28,Pyhton,,active,0.0,average,123.0,2024-08-03 00:00:00,"BROKEN,ADDRESS,DATA,,,",INVALID_JSON_DATA,True,valid,0017536577382,+998 53 657 73 82,Unknown,,,,,,,,,,,0,False,False,0,,,"BROKEN,ADDRESS,DATA,,,",Unknown,Unknown,Unknown
769,,,femlae,,,Saraville,?ali@@gmail..com,2012-08-16 21:43:55,ds,,inactive,1.54,good,27900.0,1991-12-10 00:00:00,"East Alexchester 14-kv, dom 31, Tashkent","{'hobbies': ['test', 'reveal'], 'skills': {'tech': {'python': 1, 'excel': 1, 'sql': 4}, 'soft': ['national', 'but']}, 'family': {'siblings': 4, 'income': {'father': 404, 'mother': 737}}, 'devices': [{'type': 'laptop', 'brand': 'Lenovo', 'year': 2023}, {'type': 'phone', 'brand': 'Apple', 'year': 2023}]}",False,invalid_format,,,,"test, reveal",1.0,1.0,4.0,2.0,"national, but",4.0,404.0,737.0,1141.0,2,True,True,2023,"laptop, phone","Lenovo, Apple","East Alexchester 14-kv, dom 31, Tashkent",Unknown,Tashkent,Unknown
770,Gene Gill,20,female,55.0,(874)083-3901,Port Angelberg,angeladavis@crawford.org,2024-11-23 08:36:44,ds,,inactive,37.0,good,299.0,1985-04-24 11:22:00,UZ 100052 Tashkent Samanthatown,"{'hobbies': ['money', 'expect'], 'skills': {'tech': {'python': 2, 'excel': 3, 'sql': 2}, 'soft': ['paper', 'bit']}, 'family': {'siblings': 1, 'income': {'father': 376, 'mother': 1305}}, 'devices': [{'type': 'laptop', 'brand': 'HP', 'year': 2016}, {'type': 'phone', 'brand': 'Samsung', 'year': 2021}]}",True,valid,8740833901,+998 74 083 39 01,Unknown,"money, expect",2.0,3.0,2.0,2.0,"paper, bit",1.0,376.0,1305.0,1681.0,2,True,True,2021,"laptop, phone","HP, Samsung",UZ 100052 Tashkent Samanthatown,100052,Tashkent,Unknown
771,,21,MALE,,(427)976-9186,Jenniferburgh,someonegmail.com,1996-09-29 00:00:00,DATA SCIENCE,110,active,,average,184.0,1993-12-02 22:20:25,"Pamelaburgh 11-kv, dom 21, Tashkent",INVALID_JSON_DATA,False,invalid_format,4279769186,+998 27 976 91 86,Unknown,,,,,,,,,,,0,False,False,0,,,"Pamelaburgh 11-kv, dom 21, Tashkent",Unknown,Tashkent,Unknown
772,Christopher Sullivan,20,female,77.0,4353459683,Joshuaside,hunter62@vazquez-lewis.com,1988-10-16 00:00:00,python,110,active,,excellent,296.0,1991-02-09 20:50:41,UZ 100672 Tashkent East Jacobshire,"{'hobbies': ['short', 'number'], 'skills': {'tech': {'python': 3, 'excel': 1, 'sql': 5}, 'soft': ['occur', 'open']}, 'family': {'siblings': 5, 'income': {'father': 1495, 'mother': 772}}, 'devices': [{'type': 'laptop', 'brand': 'Lenovo', 'year': 2024}, {'type': 'phone', 'brand': 'Xiaomi', 'year': 2023}]}",True,valid,4353459683,+998 35 345 96 83,Unknown,"short, number",3.0,1.0,5.0,2.0,"occur, open",5.0,1495.0,772.0,2267.0,2,True,True,2024,"laptop, phone","Lenovo, Xiaomi",UZ 100672 Tashkent East Jacobshire,100672,Tashkent,Unknown
773,Tracy Austin,,Male,,,South Ivanburgh,,1980-01-31 23:10:42,ds,110,inactive,,,109.0,2022-06-24 23:18:49,UZ 100291 Tashkent West Andrew,"{hobbies:['boy', 'single']}",False,missing,,,,,,,,,,,,,,0,False,False,0,,,UZ 100291 Tashkent West Andrew,100291,Tashkent,Unknown
774,Kristina Anderson,18,female,89.0,,East Jill,jake25@mcgee.com,1991-04-21 04:36:49,data science,79,inactive,15.5,excellent,8500.0,1994-03-13 11:19:00,"BROKEN,ADDRESS,DATA,,,","{'hobbies': ['ever', 'down'], 'skills': {'tech': {'python': 4, 'excel': 2, 'sql': 2}, 'soft': ['turn', 'gun']}, 'family': {'siblings': 3, 'income': {'father': 362, 'mother': 641}}, 'devices': [{'type': 'laptop', 'brand': 'Dell', 'year': 2018}, {'type': 'phone', 'brand': 'Xiaomi', 'year': 2023}]}",True,valid,,,,"ever, down",4.0,2.0,2.0,2.0,"turn, gun",3.0,362.0,641.0,1003.0,2,True,True,2023,"laptop, phone","Dell, Xiaomi","BROKEN,ADDRESS,DATA,,,",Unknown,Unknown,Unknown
775,Chelsea Thompson,18,femlae,,746.584.3276,Claystad,jgaines@@yahoo.com,2021-05-13 00:00:00,DATA SCIENCE,,inactive,-2.0,good,239.0,1996-02-16 00:11:40,UZ 100223 Tashkent North Julie,"{""hobbies"": [""from"", ""already""], ""skills"": {""tech"": {""python"": 4, ""excel"": 2, ""sql"": 3}, ""soft"": [""magazine"", ""place""]}, ""family"": {""siblings"": 5, ""income"": {""father"": 1061, ""mother"": 281}}, ""devices"": [{""type"": ""laptop"", ""brand"": ""Dell"", ""year"": 2021}, {""type"": ""phone"", ""brand"": ""Samsung"", ""year"": 2022}]}",False,invalid_format,7465843276,+998 46 584 32 76,Unknown,"from, already",4.0,2.0,3.0,2.0,"magazine, place",5.0,1061.0,281.0,1342.0,2,True,True,2022,"laptop, phone","Dell, Samsung",UZ 100223 Tashkent North Julie,100223,Tashkent,Unknown
776,Madison James,,female,73.0,(007)598-0702x94233,East Dylan,?ali@@gmail..com,2007-11-01 17:58:00,data-sciens,,inactive,37.0,good,265.0,1998-04-22 14:38:00,"BROKEN,ADDRESS,DATA,,,","{""hobbies"": [""paper"", ""chance""], ""skills"": {""tech"": {""python"": 3, ""excel"": 3, ""sql"": 1}, ""soft"": [""economy"", ""let""]}, ""family"": {""siblings"": 0, ""income"": {""father"": 773, ""mother"": 1052}}, ""devices"": [{""type"": ""laptop"", ""brand"": ""Lenovo"", ""year"": 2024}, {""type"": ""phone"", ""brand"": ""Xiaomi"", ""year"": 2019}]}",False,invalid_format,007598070294233,+998 07 029 42 33,Unknown,"paper, chance",3.0,3.0,1.0,2.0,"economy, let",0.0,773.0,1052.0,1825.0,2,True,True,2024,"laptop, phone","Lenovo, Xiaomi","BROKEN,ADDRESS,DATA,,,",Unknown,Unknown,Unknown
777,Adam Barnes,20,FEMALE,,116-940-6186x6344,Lake Nicoleton,jeffrey42@kelly.com,2024-01-25 07:14:00,Data Science,93,pending,37.0,excellent,176.0,2021-08-02 11:45:22,"10288 Charles Expressway, Davidshire","{hobbies:['majority', 'size']}",True,valid,11694061866344,+998 06 186 63 44,Unknown,,,,,,,,,,,0,False,False,0,,,"10288 Charles Expressway, Davidshire",10288,Unknown,Unknown
778,Tony Holland,20,male,,,Heathermouth,melissa71@yahoo.com,1998-07-08 00:00:00,DATA SCIENCE,84,active,0.0,excellent,26000.0,1978-01-09 09:40:35,"0850 Norma Manor Apt. 789, Port Aprilshire","{hobbies:['conference', 'clear']}",True,valid,,,,,,,,,,,,,,0,False,False,0,,,"0850 Norma Manor Apt. 789, Port Aprilshire",Unknown,Unknown,Unknown
779,,20,FEMALE,89.0,,North Jennifer,jacqueline67@@lopez.info,2021-01-06 06:54:32,Data Science,98,active,37.0,excellent,78.0,2021-09-26 08:40:10,"Lake Katherine 9-kv, dom 42, Tashkent","{""hobbies"": [""forget"", ""capital""], ""skills"": {""tech"": {""python"": 3, ""excel"": 3, ""sql"": 5}, ""soft"": [""memory"", ""reveal""]}, ""family"": {""siblings"": 3, ""income"": {""father"": 606, ""mother"": 211}}, ""devices"": [{""type"": ""laptop"", ""brand"": ""Dell"", ""year"": 2017}, {""type"": ""phone"", ""brand"": ""Xiaomi"", ""year"": 2021}]}",False,invalid_format,,,,"forget, capital",3.0,3.0,5.0,2.0,"memory, reveal",3.0,606.0,211.0,817.0,2,True,True,2021,"laptop, phone","Dell, Xiaomi","Lake Katherine 9-kv, dom 42, Tashkent",Unknown,Tashkent,Unknown
780,Elizabeth Carrillo,21,femlae,89.0,727-043-1621x121,Ayalaport,someonegmail.com,2020-04-28 00:00:00,Pyhton,69,active,,excellent,164.0,2009-06-19 12:52:45,"Apartment 23, East Matthew district, Tashkent, UZ, 100465",INVALID_JSON_DATA,False,invalid_format,7270431621121,+998 43 162 11 21,Unknown,,,,,,,,,,,0,False,False,0,,,"Apartment 23, East Matthew district, Tashkent, UZ, 100465",100465,Tashkent,Matthew
781,Abigail Miller,,fmale,65.0,755.855.7960x6516,West Carl,sort,1997-05-03 00:00:00,data_sciense,,pending,,average,276.0,2020-10-06 01:42:01,"South Jennifer 6-kv, dom 50, Tashkent","{""hobbies"": [""fine"", ""traditional""], ""skills"": {""tech"": {""python"": 5, ""excel"": 2, ""sql"": 3}, ""soft"": [""seven"", ""guess""]}, ""family"": {""siblings"": 0, ""income"": {""father"": 547, ""mother"": 1304}}, ""devices"": [{""type"": ""laptop"", ""brand"": ""Lenovo"", ""year"": 2019}, {""type"": ""phone"", ""brand"": ""Xiaomi"", ""year"": 2022}]}",False,invalid_format,75585579606516,+998 57 960 65 16,Unknown,"fine, traditional",5.0,2.0,3.0,2.0,"seven, guess",0.0,547.0,1304.0,1851.0,2,True,True,2022,"laptop, phone","Lenovo, Xiaomi","South Jennifer 6-kv, dom 50, Tashkent",Unknown,Tashkent,Unknown
782,Erika Thompson,,Male,72.0,(325)348-6105x057,New Donborough,news,1976-03-14 00:00:00,d.s.,110,pending,,average,238.0,1988-06-23 00:00:00,"BROKEN,ADDRESS,DATA,,,","{hobbies:['able', 'toward']}",False,invalid_format,3253486105057,+998 48 610 50 57,Unknown,,,,,,,,,,,0,False,False,0,,,"BROKEN,ADDRESS,DATA,,,",Unknown,Unknown,Unknown
783,Richard Powell,18,,69.0,,Jameschester,someonegmail.com,2022-05-01 05:53:23,Data Science,110,inactive,0.0,good,73.0,1973-07-25 00:00:00,"Apartment 9, Christinastad district, Tashkent, UZ, 100084","{'hobbies': ['along', 'staff'], 'skills': {'tech': {'python': 1, 'excel': 3, 'sql': 5}, 'soft': ['energy', 'outside']}, 'family': {'siblings': 0, 'income': {'father': 524, 'mother': 1011}}, 'devices': [{'type': 'laptop', 'brand': 'Dell', 'year': 2017}, {'type': 'phone', 'brand': 'Apple', 'year': 2021}]}",False,invalid_format,,,,"along, staff",1.0,3.0,5.0,2.0,"energy, outside",0.0,524.0,1011.0,1535.0,2,True,True,2021,"laptop, phone","Dell, Apple","Apartment 9, Christinastad district, Tashkent, UZ, 100084",100084,Tashkent,Christinastad
784,Howard Frank,,,,160-299-2499,New Shelia,,1996-03-16 00:00:00,data_sciense,110,inactive,-2.0,excellent,298.0,2008-11-19 00:00:00,UZ 100325 Tashkent Michaelland,"{'hobbies': ['ball', 'suddenly'], 'skills': {'tech': {'python': 3, 'excel': 2, 'sql': 4}, 'soft': ['future', 'out']}, 'family': {'siblings': 0, 'income': {'father': 1069, 'mother': 255}}, 'devices': [{'type': 'laptop', 'brand': 'HP', 'year': 2022}, {'type': 'phone', 'brand': 'Xiaomi', 'year': 2021}]}",False,missing,1602992499,+998 60 299 24 99,Unknown,"ball, suddenly",3.0,2.0,4.0,2.0,"future, out",0.0,1069.0,255.0,1324.0,2,True,True,2022,"laptop, phone","HP, Xiaomi",UZ 100325 Tashkent Michaelland,100325,Tashkent,Unknown
785,,21,,59.0,123.753.4701x254,Morrisstad,?ali@@gmail..com,1982-04-27 00:00:00,ds,,active,15.5,,147.0,2022-12-10 23:55:20,"033 Stewart Lights Suite 397, South Courtneymouth","{'hobbies': ['organization', 'near'], 'skills': {'tech': {'python': 1, 'excel': 3, 'sql': 4}, 'soft': ['share', 'interest']}, 'family': {'siblings': 4, 'income': {'father': 1393, 'mother': 672}}, 'devices': [{'type': 'laptop', 'brand': 'Dell', 'year': 2015}, {'type': 'phone', 'brand': 'Xiaomi', 'year': 2022}]}",False,invalid_format,1237534701254,+998 53 470 12 54,Unknown,"organization, near",1.0,3.0,4.0,2.0,"share, interest",4.0,1393.0,672.0,2065.0,2,True,True,2022,"laptop, phone","Dell, Xiaomi","033 Stewart Lights Suite 397, South Courtneymouth",Unknown,Unknown,Unknown
786,,20,FEMALE,76.0,,Jonathanchester,cortezholly@yahoo.com,2023-07-24 04:39:21,data_sciense,61,pending,0.0,,128.0,2022-12-27 09:06:12,"697 Debbie Neck Suite 615, Fosterside","{hobbies:['meet', 'thought']}",True,valid,,,,,,,,,,,,,,0,False,False,0,,,"697 Debbie Neck Suite 615, Fosterside",Unknown,Unknown,Unknown
787,Bradley Schwartz,22,,92.0,(808)143-5711,South Jacquelinemouth,jeanette11@smith.com,1995-11-26 00:00:00,ds,,pending,,average,244.0,2011-07-02 00:00:00,"BROKEN,ADDRESS,DATA,,,","{'hobbies': ['several', 'practice'], 'skills': {'tech': {'python': 5, 'excel': 5, 'sql': 4}, 'soft': ['strategy', 'hear']}, 'family': {'siblings': 3, 'income': {'father': 757, 'mother': 1335}}, 'devices': [{'type': 'laptop', 'brand': 'Dell', 'year': 2018}, {'type': 'phone', 'brand': 'Xiaomi', 'year': 2020}]}",True,valid,8081435711,+998 08 143 57 11,Unknown,"several, practice",5.0,5.0,4.0,2.0,"strategy, hear",3.0,757.0,1335.0,2092.0,2,True,True,2020,"laptop, phone","Dell, Xiaomi","BROKEN,ADDRESS,DATA,,,",Unknown,Unknown,Unknown
788,Michelle Jones,,fmale,79.0,(405)863-2330,Anthonyshire,,2022-04-24 04:28:43,d.s.,94,inactive,0.0,,65.0,2000-06-01 00:00:00,UZ 100501 Tashkent Ochoahaven,"{""hobbies"": [""nice"", ""last""], ""skills"": {""tech"": {""python"": 5, ""excel"": 3, ""sql"": 5}, ""soft"": [""avoid"", ""include""]}, ""family"": {""siblings"": 2, ""income"": {""father"": 829, ""mother"": 631}}, ""devices"": [{""type"": ""laptop"", ""brand"": ""HP"", ""year"": 2019}, {""type"": ""phone"", ""brand"": ""Samsung"", ""year"": 2022}]}",False,missing,4058632330,+998 05 863 23 30,Unknown,"nice, last",5.0,3.0,5.0,2.0,"avoid, include",2.0,829.0,631.0,1460.0,2,True,True,2022,"laptop, phone","HP, Samsung",UZ 100501 Tashkent Ochoahaven,100501,Tashkent,Unknown
789,Bradley Hawkins,22,femlae,71.0,+1-618-520-5972x324,East Sarahport,vazquezjessica@gmail.com,2004-04-14 23:11:00,PYTHNO,,active,15.5,excellent,237.0,1993-01-30 02:39:27,"3626 Joseph Bridge, Port Rebecca","{hobbies:['responsibility', 'city']}",True,valid,16185205972324,+998 20 597 23 24,Unknown,,,,,,,,,,,0,False,False,0,,,"3626 Joseph Bridge, Port Rebecca",Unknown,Unknown,Unknown
790,Edward Holmes,21,FEMALE,51.0,,East Deborahview,someonegmail.com,2012-10-22 00:00:00,Pyhton,110,inactive,37.0,average,184.0,2016-12-09 23:58:10,"Apartment 2, North Melissafort district, Tashkent, UZ, 100116","{""hobbies"": [""establish"", ""evidence""], ""skills"": {""tech"": {""python"": 1, ""excel"": 5, ""sql"": 4}, ""soft"": [""color"", ""main""]}, ""family"": {""siblings"": 2, ""income"": {""father"": 1287, ""mother"": 408}}, ""devices"": [{""type"": ""laptop"", ""brand"": ""Lenovo"", ""year"": 2019}, {""type"": ""phone"", ""brand"": ""Apple"", ""year"": 2022}]}",False,invalid_format,,,,"establish, evidence",1.0,5.0,4.0,2.0,"color, main",2.0,1287.0,408.0,1695.0,2,True,True,2022,"laptop, phone","Lenovo, Apple","Apartment 2, North Melissafort district, Tashkent, UZ, 100116",100116,Tashkent,Melissafort
791,Tyler Burke,,,95.0,,South Jeremy,kimberlycolon@@gilbert.biz,1984-06-08 00:00:00,python,101,inactive,0.0,,276.0,1976-04-26 00:00:00,"South Michellestad 28-kv, dom 8, Tashkent","{'hobbies': ['out', 'art'], 'skills': {'tech': {'python': 1, 'excel': 3, 'sql': 4}, 'soft': ['affect', 'prepare']}, 'family': {'siblings': 3, 'income': {'father': 558, 'mother': 689}}, 'devices': [{'type': 'laptop', 'brand': 'Dell', 'year': 2018}, {'type': 'phone', 'brand': 'Xiaomi', 'year': 2024}]}",False,invalid_format,,,,"out, art",1.0,3.0,4.0,2.0,"affect, prepare",3.0,558.0,689.0,1247.0,2,True,True,2024,"laptop, phone","Dell, Xiaomi","South Michellestad 28-kv, dom 8, Tashkent",Unknown,Tashkent,Unknown
792,,,female,,001-199-189-7524x802,Danaburgh,?ali@@gmail..com,1982-07-29 00:00:00,ds,110,pending,0.0,excellent,201.0,1997-01-31 00:00:00,UZ 100432 Tashkent Angelaberg,"{'hobbies': ['upon', 'education'], 'skills': {'tech': {'python': 5, 'excel': 4, 'sql': 5}, 'soft': ['data', 'technology']}, 'family': {'siblings': 0, 'income': {'father': 1399, 'mother': 1094}}, 'devices': [{'type': 'laptop', 'brand': 'Lenovo', 'year': 2022}, {'type': 'phone', 'brand': 'Apple', 'year': 2018}]}",False,invalid_format,0011991897524802,+998 89 752 48 02,Unknown,"upon, education",5.0,4.0,5.0,2.0,"data, technology",0.0,1399.0,1094.0,2493.0,2,True,True,2022,"laptop, phone","Lenovo, Apple",UZ 100432 Tashkent Angelaberg,100432,Tashkent,Unknown
793,Alexander Baird,20,femlae,88.0,,Rickyland,image,1993-05-04 08:28:16,ds,,pending,15.5,,92.0,2018-07-19 00:00:00,"BROKEN,ADDRESS,DATA,,,","{'hobbies': ['ago', 'the'], 'skills': {'tech': {'python': 2, 'excel': 2, 'sql': 4}, 'soft': ['throughout', 'last']}, 'family': {'siblings': 5, 'income': {'father': 1117, 'mother': 593}}, 'devices': [{'type': 'laptop', 'brand': 'HP', 'year': 2023}, {'type': 'phone', 'brand': 'Apple', 'year': 2024}]}",False,invalid_format,,,,"ago, the",2.0,2.0,4.0,2.0,"throughout, last",5.0,1117.0,593.0,1710.0,2,True,True,2024,"laptop, phone","HP, Apple","BROKEN,ADDRESS,DATA,,,",Unknown,Unknown,Unknown
794,,18,male,70.0,020.602.1317x6504,West Angelastad,rich,1974-10-30 12:21:00,data science,,inactive,-2.0,excellent,236.0,1989-12-24 00:00:00,"Apartment 42, New Fernando district, Tashkent, UZ, 100031","{'hobbies': ['avoid', 'happen'], 'skills': {'tech': {'python': 4, 'excel': 4, 'sql': 2}, 'soft': ['choice', 'prove']}, 'family': {'siblings': 3, 'income': {'father': 881, 'mother': 297}}, 'devices': [{'type': 'laptop', 'brand': 'Dell', 'year': 2019}, {'type': 'phone', 'brand': 'Samsung', 'year': 2021}]}",False,invalid_format,02060213176504,+998 21 317 65 04,Unknown,"avoid, happen",4.0,4.0,2.0,2.0,"choice, prove",3.0,881.0,297.0,1178.0,2,True,True,2021,"laptop, phone","Dell, Samsung","Apartment 42, New Fernando district, Tashkent, UZ, 100031",100031,Tashkent,Fernando
795,,20,female,,+1-612-152-9772,East Jo,?ali@@gmail..com,2025-04-23 00:00:00,data science,,active,,,242.0,2020-04-03 00:00:00,"Stephaniebury 3-kv, dom 8, Tashkent","{'hobbies': ['from', 'fall'], 'skills': {'tech': {'python': 1, 'excel': 2, 'sql': 2}, 'soft': ['assume', 'late']}, 'family': {'siblings': 1, 'income': {'father': 454, 'mother': 658}}, 'devices': [{'type': 'laptop', 'brand': 'Dell', 'year': 2024}, {'type': 'phone', 'brand': 'Apple', 'year': 2018}]}",False,invalid_format,16121529772,+998 12 152 97 72,Unknown,"from, fall",1.0,2.0,2.0,2.0,"assume, late",1.0,454.0,658.0,1112.0,2,True,True,2024,"laptop, phone","Dell, Apple","Stephaniebury 3-kv, dom 8, Tashkent",Unknown,Tashkent,Unknown
796,,,female,,934-293-8606x7820,Port John,gryan@@cruz-suarez.com,1984-06-16 00:00:00,data_sciense,,pending,,good,163.0,2021-08-30 18:23:53,"BROKEN,ADDRESS,DATA,,,","{'hobbies': ['fact', 'boy'], 'skills': {'tech': {'python': 2, 'excel': 5, 'sql': 5}, 'soft': ['newspaper', 'look']}, 'family': {'siblings': 2, 'income': {'father': 1337, 'mother': 528}}, 'devices': [{'type': 'laptop', 'brand': 'HP', 'year': 2018}, {'type': 'phone', 'brand': 'Apple', 'year': 2020}]}",False,invalid_format,93429386067820,+998 38 606 78 20,Unknown,"fact, boy",2.0,5.0,5.0,2.0,"newspaper, look",2.0,1337.0,528.0,1865.0,2,True,True,2020,"laptop, phone","HP, Apple","BROKEN,ADDRESS,DATA,,,",Unknown,Unknown,Unknown
797,Grant Oneill,21,female,,+1-407-636-8425,Mcmillanview,?ali@@gmail..com,2023-06-17 07:34:12,Pyhton,109,inactive,,good,84.0,2019-05-16 01:21:00,UZ 100895 Tashkent West Jessicaview,"{""hobbies"": [""table"", ""least""], ""skills"": {""tech"": {""python"": 2, ""excel"": 5, ""sql"": 2}, ""soft"": [""believe"", ""stock""]}, ""family"": {""siblings"": 1, ""income"": {""father"": 1214, ""mother"": 592}}, ""devices"": [{""type"": ""laptop"", ""brand"": ""HP"", ""year"": 2017}, {""type"": ""phone"", ""brand"": ""Xiaomi"", ""year"": 2019}]}",False,invalid_format,14076368425,+998 07 636 84 25,Unknown,"table, least",2.0,5.0,2.0,2.0,"believe, stock",1.0,1214.0,592.0,1806.0,2,True,True,2019,"laptop, phone","HP, Xiaomi",UZ 100895 Tashkent West Jessicaview,100895,Tashkent,Unknown
798,,19,Female,92.0,393-992-2626x75937,Kerrymouth,davisamy@@yahoo.com,2022-07-25 02:09:23,PYTHNO,,inactive,0.0,excellent,295.0,2023-12-10 17:59:07,"01332 Gordon Ford Apt. 639, East Pamelachester","{""hobbies"": [""at"", ""word""], ""skills"": {""tech"": {""python"": 5, ""excel"": 1, ""sql"": 5}, ""soft"": [""occur"", ""training""]}, ""family"": {""siblings"": 0, ""income"": {""father"": 373, ""mother"": 699}}, ""devices"": [{""type"": ""laptop"", ""brand"": ""HP"", ""year"": 2021}, {""type"": ""phone"", ""brand"": ""Samsung"", ""year"": 2023}]}",False,invalid_format,393992262675937,+998 26 267 59 37,Unknown,"at, word",5.0,1.0,5.0,2.0,"occur, training",0.0,373.0,699.0,1072.0,2,True,True,2023,"laptop, phone","HP, Samsung","01332 Gordon Ford Apt. 639, East Pamelachester",01332,Unknown,Unknown
799,Linda Hernandez,19,female,61.0,,New Kylefort,tom51@@hill-mcbride.org,2004-09-25 04:34:00,data-sciens,,active,37.0,excellent,75.0,1977-12-31 12:06:52,"BROKEN,ADDRESS,DATA,,,","{""hobbies"": [""continue"", ""everybody""], ""skills"": {""tech"": {""python"": 5, ""excel"": 5, ""sql"": 4}, ""soft"": [""others"", ""actually""]}, ""family"": {""siblings"": 1, ""income"": {""father"": 1008, ""mother"": 679}}, ""devices"": [{""type"": ""laptop"", ""brand"": ""Dell"", ""year"": 2015}, {""type"": ""phone"", ""brand"": ""Xiaomi"", ""year"": 2022}]}",False,invalid_format,,,,"continue, everybody",5.0,5.0,4.0,2.0,"others, actually",1.0,1008.0,679.0,1687.0,2,True,True,2022,"laptop, phone","Dell, Xiaomi","BROKEN,ADDRESS,DATA,,,",Unknown,Unknown,Unknown
800,Jeffrey Jones,,FEMALE,71.0,851-104-8595,North Lindaton,?ali@@gmail..com,1984-08-11 04:13:00,data-sciens,74,inactive,37.0,average,184.0,1998-02-26 00:00:00,"West Anthony 17-kv, dom 21, Tashkent","{hobbies:['bad', 'I']}",False,invalid_format,8511048595,+998 51 104 85 95,Unknown,,,,,,,,,,,0,False,False,0,,,"West Anthony 17-kv, dom 21, Tashkent",Unknown,Tashkent,Unknown
801,,19,FEMALE,76.0,001-657-171-9683x04799,Bakertown,sound,1997-07-30 15:21:00,data_sciense,64,inactive,,good,77.0,1976-07-18 00:00:00,"Apartment 25, New Jerry district, Tashkent, UZ, 100509","{'hobbies': ['middle', 'card'], 'skills': {'tech': {'python': 1, 'excel': 5, 'sql': 5}, 'soft': ['really', 'eye']}, 'family': {'siblings': 5, 'income': {'father': 1041, 'mother': 306}}, 'devices': [{'type': 'laptop', 'brand': 'HP', 'year': 2016}, {'type': 'phone', 'brand': 'Xiaomi', 'year': 2020}]}",False,invalid_format,001657171968304799,+998 96 830 47 99,Unknown,"middle, card",1.0,5.0,5.0,2.0,"really, eye",5.0,1041.0,306.0,1347.0,2,True,True,2020,"laptop, phone","HP, Xiaomi","Apartment 25, New Jerry district, Tashkent, UZ, 100509",100509,Tashkent,Jerry
802,Debra Wade,20,MALE,97.0,007-813-9193,West Cynthiafurt,victorwright@@phillips.com,2025-10-28 02:46:41,python,,pending,,good,143.0,2022-09-18 06:48:43,"BROKEN,ADDRESS,DATA,,,","{'hobbies': ['star', 'above'], 'skills': {'tech': {'python': 5, 'excel': 2, 'sql': 5}, 'soft': ['deal', 'each']}, 'family': {'siblings': 5, 'income': {'father': 509, 'mother': 343}}, 'devices': [{'type': 'laptop', 'brand': 'HP', 'year': 2016}, {'type': 'phone', 'brand': 'Samsung', 'year': 2018}]}",False,invalid_format,0078139193,+998 07 813 91 93,Unknown,"star, above",5.0,2.0,5.0,2.0,"deal, each",5.0,509.0,343.0,852.0,2,True,True,2018,"laptop, phone","HP, Samsung","BROKEN,ADDRESS,DATA,,,",Unknown,Unknown,Unknown
803,Michael Pacheco,18,MALE,,,Daviesland,?ali@@gmail..com,1972-05-19 00:00:00,d.s.,85,inactive,0.0,good,243.0,1987-04-07 00:00:00,"BROKEN,ADDRESS,DATA,,,",INVALID_JSON_DATA,False,invalid_format,,,,,,,,,,,,,,0,False,False,0,,,"BROKEN,ADDRESS,DATA,,,",Unknown,Unknown,Unknown
804,Erika Hardy,20,femlae,82.0,(995)765-5179,North Dennis,someonegmail.com,1996-08-30 00:00:00,data science,,inactive,37.0,,8800.0,1993-02-24 00:00:00,UZ 100460 Tashkent Nicholasport,INVALID_JSON_DATA,False,invalid_format,9957655179,+998 95 765 51 79,Uzmobile,,,,,,,,,,,0,False,False,0,,,UZ 100460 Tashkent Nicholasport,100460,Tashkent,Unknown
805,Lisa Gibson,,femlae,70.0,,Lake Allisonport,kelleywanda@yahoo.com,2003-01-20 00:00:00,data_sciense,89,active,0.0,good,187.0,2023-02-20 10:51:07,"Kristinabury 6-kv, dom 7, Tashkent","{'hobbies': ['five', 'the'], 'skills': {'tech': {'python': 3, 'excel': 3, 'sql': 4}, 'soft': ['pay', 'attention']}, 'family': {'siblings': 1, 'income': {'father': 987, 'mother': 601}}, 'devices': [{'type': 'laptop', 'brand': 'HP', 'year': 2024}, {'type': 'phone', 'brand': 'Xiaomi', 'year': 2022}]}",True,valid,,,,"five, the",3.0,3.0,4.0,2.0,"pay, attention",1.0,987.0,601.0,1588.0,2,True,True,2024,"laptop, phone","HP, Xiaomi","Kristinabury 6-kv, dom 7, Tashkent",Unknown,Tashkent,Unknown
806,,19,Female,68.0,262.935.6533,South Juliehaven,,2019-05-29 00:00:00,Data Science,110,inactive,37.0,average,296.0,1977-01-27 16:13:00,UZ 100501 Tashkent Jeffreyhaven,"{hobbies:['half', 'season']}",False,missing,2629356533,+998 62 935 65 33,Unknown,,,,,,,,,,,0,False,False,0,,,UZ 100501 Tashkent Jeffreyhaven,100501,Tashkent,Unknown
807,,22,FEMALE,,+1-236-794-5761x097,Port Sarah,kenneth39@anthony.info,1984-01-28 00:00:00,data science,110,inactive,,,113.0,2021-04-11 07:42:31,UZ 100749 Tashkent Angieborough,"{'hobbies': ['treatment', 'medical'], 'skills': {'tech': {'python': 1, 'excel': 2, 'sql': 3}, 'soft': ['reach', 'unit']}, 'family': {'siblings': 1, 'income': {'father': 1437, 'mother': 1091}}, 'devices': [{'type': 'laptop', 'brand': 'Dell', 'year': 2019}, {'type': 'phone', 'brand': 'Samsung', 'year': 2024}]}",True,valid,12367945761097,+998 94 576 10 97,Ucell,"treatment, medical",1.0,2.0,3.0,2.0,"reach, unit",1.0,1437.0,1091.0,2528.0,2,True,True,2024,"laptop, phone","Dell, Samsung",UZ 100749 Tashkent Angieborough,100749,Tashkent,Unknown
808,Sharon Moore,20,,,(169)240-2387x416,Albertshire,?ali@@gmail..com,2019-01-26 00:00:00,data science,,active,-2.0,excellent,252.0,1984-12-26 14:43:24,"Apartment 44, North James district, Tashkent, UZ, 100181","{""hobbies"": [""nothing"", ""machine""], ""skills"": {""tech"": {""python"": 5, ""excel"": 4, ""sql"": 1}, ""soft"": [""night"", ""rather""]}, ""family"": {""siblings"": 2, ""income"": {""father"": 1220, ""mother"": 1068}}, ""devices"": [{""type"": ""laptop"", ""brand"": ""Dell"", ""year"": 2024}, {""type"": ""phone"", ""brand"": ""Apple"", ""year"": 2018}]}",False,invalid_format,1692402387416,+998 40 238 74 16,Unknown,"nothing, machine",5.0,4.0,1.0,2.0,"night, rather",2.0,1220.0,1068.0,2288.0,2,True,True,2024,"laptop, phone","Dell, Apple","Apartment 44, North James district, Tashkent, UZ, 100181",100181,Tashkent,James
809,Amber Kelly,20,male,,,Port Jerry,someonegmail.com,2017-01-01 00:00:00,data_sciense,110,pending,4.03,average,292.0,2017-09-08 01:33:00,"BROKEN,ADDRESS,DATA,,,","{'hobbies': ['method', 'within'], 'skills': {'tech': {'python': 3, 'excel': 5, 'sql': 1}, 'soft': ['put', 'leg']}, 'family': {'siblings': 4, 'income': {'father': 734, 'mother': 1405}}, 'devices': [{'type': 'laptop', 'brand': 'Lenovo', 'year': 2024}, {'type': 'phone', 'brand': 'Apple', 'year': 2023}]}",False,invalid_format,,,,"method, within",3.0,5.0,1.0,2.0,"put, leg",4.0,734.0,1405.0,2139.0,2,True,True,2024,"laptop, phone","Lenovo, Apple","BROKEN,ADDRESS,DATA,,,",Unknown,Unknown,Unknown
810,Jennifer English,,male,,,Port Joshua,?ali@@gmail..com,2019-09-03 19:30:30,Pyhton,90,inactive,,,109.0,2007-11-21 13:42:05,"Apartment 17, Port Brandi district, Tashkent, UZ, 100041","{""hobbies"": [""property"", ""resource""], ""skills"": {""tech"": {""python"": 2, ""excel"": 3, ""sql"": 5}, ""soft"": [""behavior"", ""situation""]}, ""family"": {""siblings"": 4, ""income"": {""father"": 682, ""mother"": 1487}}, ""devices"": [{""type"": ""laptop"", ""brand"": ""Dell"", ""year"": 2023}, {""type"": ""phone"", ""brand"": ""Xiaomi"", ""year"": 2020}]}",False,invalid_format,,,,"property, resource",2.0,3.0,5.0,2.0,"behavior, situation",4.0,682.0,1487.0,2169.0,2,True,True,2023,"laptop, phone","Dell, Xiaomi","Apartment 17, Port Brandi district, Tashkent, UZ, 100041",100041,Tashkent,Brandi
811,Crystal King,18,,,(538)435-1329x8883,New Taylorchester,jennakeller@yahoo.com,2022-07-03 18:02:13,ds,105,pending,,good,12900.0,1982-12-09 05:21:06,UZ 100887 Tashkent Port Brendafurt,"{'hobbies': ['suffer', 'fight'], 'skills': {'tech': {'python': 2, 'excel': 1, 'sql': 2}, 'soft': ['head', 'always']}, 'family': {'siblings': 5, 'income': {'father': 1440, 'mother': 1458}}, 'devices': [{'type': 'laptop', 'brand': 'HP', 'year': 2020}, {'type': 'phone', 'brand': 'Apple', 'year': 2019}]}",True,valid,53843513298883,+998 51 329 88 83,Unknown,"suffer, fight",2.0,1.0,2.0,2.0,"head, always",5.0,1440.0,1458.0,2898.0,2,True,True,2020,"laptop, phone","HP, Apple",UZ 100887 Tashkent Port Brendafurt,100887,Tashkent,Unknown
812,,22,MALE,,,Port Brianside,?ali@@gmail..com,2020-10-10 17:33:26,data_sciense,,inactive,15.5,average,52.0,2005-07-06 00:00:00,"Apartment 14, East Monica district, Tashkent, UZ, 100389","{""hobbies"": [""teacher"", ""tell""], ""skills"": {""tech"": {""python"": 2, ""excel"": 4, ""sql"": 5}, ""soft"": [""research"", ""under""]}, ""family"": {""siblings"": 5, ""income"": {""father"": 357, ""mother"": 805}}, ""devices"": [{""type"": ""laptop"", ""brand"": ""Lenovo"", ""year"": 2019}, {""type"": ""phone"", ""brand"": ""Apple"", ""year"": 2022}]}",False,invalid_format,,,,"teacher, tell",2.0,4.0,5.0,2.0,"research, under",5.0,357.0,805.0,1162.0,2,True,True,2022,"laptop, phone","Lenovo, Apple","Apartment 14, East Monica district, Tashkent, UZ, 100389",100389,Tashkent,Monica
813,Aaron Webster,20,,84.0,5866642250,West Donna,,1993-09-02 02:08:00,python,,pending,37.0,good,203.0,2023-05-31 14:39:14,"BROKEN,ADDRESS,DATA,,,","{""hobbies"": [""rate"", ""she""], ""skills"": {""tech"": {""python"": 3, ""excel"": 3, ""sql"": 1}, ""soft"": [""important"", ""various""]}, ""family"": {""siblings"": 1, ""income"": {""father"": 693, ""mother"": 463}}, ""devices"": [{""type"": ""laptop"", ""brand"": ""Lenovo"", ""year"": 2023}, {""type"": ""phone"", ""brand"": ""Samsung"", ""year"": 2021}]}",False,missing,5866642250,+998 86 664 22 50,Unknown,"rate, she",3.0,3.0,1.0,2.0,"important, various",1.0,693.0,463.0,1156.0,2,True,True,2023,"laptop, phone","Lenovo, Samsung","BROKEN,ADDRESS,DATA,,,",Unknown,Unknown,Unknown
814,Steven Kelley,,fmale,,,East Amandachester,sara20@@gmail.com,1980-05-22 00:00:00,python,65,active,,excellent,223.0,1982-11-20 18:43:00,"BROKEN,ADDRESS,DATA,,,",INVALID_JSON_DATA,False,invalid_format,,,,,,,,,,,,,,0,False,False,0,,,"BROKEN,ADDRESS,DATA,,,",Unknown,Unknown,Unknown
815,,,female,83.0,239-041-5612x583,North Josephfort,chahn@graves.com,1998-01-17 23:19:00,Data Science,110,active,3.69,average,107.0,2023-04-15 21:13:03,"BROKEN,ADDRESS,DATA,,,",INVALID_JSON_DATA,True,valid,2390415612583,+998 41 561 25 83,Unknown,,,,,,,,,,,0,False,False,0,,,"BROKEN,ADDRESS,DATA,,,",Unknown,Unknown,Unknown
816,Michelle Rodriguez,18,female,93.0,(116)056-7814,West Deanna,ubell@@harmon.info,2010-06-14 00:00:00,data_sciense,110,inactive,,excellent,244.0,1989-09-25 00:00:00,"BROKEN,ADDRESS,DATA,,,",INVALID_JSON_DATA,False,invalid_format,1160567814,+998 16 056 78 14,Unknown,,,,,,,,,,,0,False,False,0,,,"BROKEN,ADDRESS,DATA,,,",Unknown,Unknown,Unknown
817,Joshua Munoz,,fmale,,(578)790-8153x530,West Margaretchester,wchan@hotmail.com,2005-01-29 00:00:00,Pyhton,,active,3.24,average,10100.0,2021-05-28 01:09:20,"Apartment 48, Williamton district, Tashkent, UZ, 100704",INVALID_JSON_DATA,True,valid,5787908153530,+998 90 815 35 30,Beeline,,,,,,,,,,,0,False,False,0,,,"Apartment 48, Williamton district, Tashkent, UZ, 100704",100704,Tashkent,Williamton
818,Randy Hogan,19,Female,,,New Laura,bennettdonna@moore.info,1991-07-19 13:36:19,Pyhton,91,active,,average,261.0,2021-11-08 09:20:54,"BROKEN,ADDRESS,DATA,,,","{'hobbies': ['education', 'police'], 'skills': {'tech': {'python': 4, 'excel': 5, 'sql': 2}, 'soft': ['last', 'year']}, 'family': {'siblings': 5, 'income': {'father': 1262, 'mother': 656}}, 'devices': [{'type': 'laptop', 'brand': 'Lenovo', 'year': 2022}, {'type': 'phone', 'brand': 'Samsung', 'year': 2018}]}",True,valid,,,,"education, police",4.0,5.0,2.0,2.0,"last, year",5.0,1262.0,656.0,1918.0,2,True,True,2022,"laptop, phone","Lenovo, Samsung","BROKEN,ADDRESS,DATA,,,",Unknown,Unknown,Unknown
819,Thomas Rogers,20,fmale,,226.267.4539x4440,Sandramouth,always,1970-06-13 00:00:00,d.s.,,pending,,good,85.0,1995-11-10 00:00:00,"Christineview 27-kv, dom 19, Tashkent","{'hobbies': ['leave', 'address'], 'skills': {'tech': {'python': 4, 'excel': 2, 'sql': 5}, 'soft': ['attack', 'surface']}, 'family': {'siblings': 0, 'income': {'father': 609, 'mother': 212}}, 'devices': [{'type': 'laptop', 'brand': 'HP', 'year': 2016}, {'type': 'phone', 'brand': 'Samsung', 'year': 2018}]}",False,invalid_format,22626745394440,+998 74 539 44 40,Unknown,"leave, address",4.0,2.0,5.0,2.0,"attack, surface",0.0,609.0,212.0,821.0,2,True,True,2018,"laptop, phone","HP, Samsung","Christineview 27-kv, dom 19, Tashkent",Unknown,Tashkent,Unknown
820,,,femlae,82.0,(971)111-4927x16032,Scotthaven,?ali@@gmail..com,2022-01-14 03:06:05,DATA SCIENCE,110,inactive,4.0,excellent,234.0,1972-06-06 08:39:43,"Apartment 19, Larryland district, Tashkent, UZ, 100863","{hobbies:['old', 'into']}",False,invalid_format,971111492716032,+998 49 271 60 32,Unknown,,,,,,,,,,,0,False,False,0,,,"Apartment 19, Larryland district, Tashkent, UZ, 100863",100863,Tashkent,Larryland
821,,,fmale,80.0,,East Melissa,tuckerjeremy@giles.net,1991-11-05 00:00:00,DATA SCIENCE,113,active,0.0,average,20800.0,1995-11-22 00:00:00,"156 Mack Ports, Floresbury","{hobbies:['news', 'economic']}",True,valid,,,,,,,,,,,,,,0,False,False,0,,,"156 Mack Ports, Floresbury",Unknown,Unknown,Unknown
822,Sandra Allen,,female,,(845)313-8332,New Joseph,simply,2021-04-06 02:48:08,python,,inactive,15.5,excellent,25800.0,2022-12-02 17:50:40,"West Mark 17-kv, dom 41, Tashkent","{hobbies:['trade', 'customer']}",False,invalid_format,8453138332,+998 45 313 83 32,Unknown,,,,,,,,,,,0,False,False,0,,,"West Mark 17-kv, dom 41, Tashkent",Unknown,Tashkent,Unknown
823,Grace Russell,20,FEMALE,95.0,,North James,kellyromero@mccoy.biz,2009-07-17 00:00:00,data-sciens,110,pending,37.0,good,250.0,1977-11-12 00:00:00,"0473 Hess Dam Suite 547, South Charles","{hobbies:['already', 'return']}",True,valid,,,,,,,,,,,,,,0,False,False,0,,,"0473 Hess Dam Suite 547, South Charles",Unknown,Unknown,Unknown
824,,,male,,,Port Nathan,,2011-07-29 13:34:00,ds,,inactive,,excellent,158.0,2023-10-11 21:43:31,"BROKEN,ADDRESS,DATA,,,","{'hobbies': ['Republican', 'dark'], 'skills': {'tech': {'python': 3, 'excel': 5, 'sql': 5}, 'soft': ['each', 'focus']}, 'family': {'siblings': 5, 'income': {'father': 625, 'mother': 1472}}, 'devices': [{'type': 'laptop', 'brand': 'HP', 'year': 2020}, {'type': 'phone', 'brand': 'Apple', 'year': 2024}]}",False,missing,,,,"Republican, dark",3.0,5.0,5.0,2.0,"each, focus",5.0,625.0,1472.0,2097.0,2,True,True,2024,"laptop, phone","HP, Apple","BROKEN,ADDRESS,DATA,,,",Unknown,Unknown,Unknown
825,Elizabeth Hawkins,22,female,90.0,,East Alicia,?ali@@gmail..com,2015-04-20 00:00:00,d.s.,,active,,average,23900.0,1974-12-25 00:00:00,"Lake Annafurt 16-kv, dom 40, Tashkent","{hobbies:['market', 'administration']}",False,invalid_format,,,,,,,,,,,,,,0,False,False,0,,,"Lake Annafurt 16-kv, dom 40, Tashkent",Unknown,Tashkent,Unknown
826,,21,MALE,,,Youngmouth,,1980-11-20 00:00:00,Pyhton,,inactive,15.5,,270.0,1991-05-20 00:00:00,"BROKEN,ADDRESS,DATA,,,",INVALID_JSON_DATA,False,missing,,,,,,,,,,,,,,0,False,False,0,,,"BROKEN,ADDRESS,DATA,,,",Unknown,Unknown,Unknown
827,Douglas Matthews,19,Female,,391-996-8082x3234,Lake Donnaland,kevin36@yahoo.com,1984-09-26 10:03:00,d.s.,103,active,1.59,,22900.0,1991-02-16 04:17:00,"BROKEN,ADDRESS,DATA,,,","{'hobbies': ['both', 'believe'], 'skills': {'tech': {'python': 4, 'excel': 5, 'sql': 2}, 'soft': ['the', 'culture']}, 'family': {'siblings': 3, 'income': {'father': 924, 'mother': 769}}, 'devices': [{'type': 'laptop', 'brand': 'Lenovo', 'year': 2018}, {'type': 'phone', 'brand': 'Samsung', 'year': 2022}]}",True,valid,39199680823234,+998 68 082 32 34,Unknown,"both, believe",4.0,5.0,2.0,2.0,"the, culture",3.0,924.0,769.0,1693.0,2,True,True,2022,"laptop, phone","Lenovo, Samsung","BROKEN,ADDRESS,DATA,,,",Unknown,Unknown,Unknown
828,Christian Butler,22,male,71.0,,Lake Christophermouth,someonegmail.com,2000-09-20 05:52:00,data_sciense,110,active,-2.0,excellent,299.0,1975-06-15 00:00:00,UZ 100216 Tashkent Johnchester,"{'hobbies': ['next', 'improve'], 'skills': {'tech': {'python': 1, 'excel': 2, 'sql': 1}, 'soft': ['organization', 'catch']}, 'family': {'siblings': 5, 'income': {'father': 356, 'mother': 313}}, 'devices': [{'type': 'laptop', 'brand': 'Lenovo', 'year': 2018}, {'type': 'phone', 'brand': 'Apple', 'year': 2022}]}",False,invalid_format,,,,"next, improve",1.0,2.0,1.0,2.0,"organization, catch",5.0,356.0,313.0,669.0,2,True,True,2022,"laptop, phone","Lenovo, Apple",UZ 100216 Tashkent Johnchester,100216,Tashkent,Unknown
829,,18,,,,New Diane,analysis,2021-04-21 06:06:07,PYTHNO,,active,37.0,good,242.0,2016-04-25 15:12:40,"Lake Danielview 16-kv, dom 13, Tashkent","{""hobbies"": [""night"", ""officer""], ""skills"": {""tech"": {""python"": 4, ""excel"": 5, ""sql"": 3}, ""soft"": [""relate"", ""soldier""]}, ""family"": {""siblings"": 0, ""income"": {""father"": 1467, ""mother"": 1312}}, ""devices"": [{""type"": ""laptop"", ""brand"": ""HP"", ""year"": 2019}, {""type"": ""phone"", ""brand"": ""Xiaomi"", ""year"": 2018}]}",False,invalid_format,,,,"night, officer",4.0,5.0,3.0,2.0,"relate, soldier",0.0,1467.0,1312.0,2779.0,2,True,True,2019,"laptop, phone","HP, Xiaomi","Lake Danielview 16-kv, dom 13, Tashkent",Unknown,Tashkent,Unknown
830,Kevin Hayes,20,male,,,South Amanda,tfisher@hotmail.com,2008-10-10 00:00:00,data science,,active,0.0,good,156.0,2004-10-26 05:03:41,UZ 100066 Tashkent South Kaylastad,"{'hobbies': ['successful', 'show'], 'skills': {'tech': {'python': 1, 'excel': 2, 'sql': 2}, 'soft': ['hit', 'together']}, 'family': {'siblings': 2, 'income': {'father': 1335, 'mother': 309}}, 'devices': [{'type': 'laptop', 'brand': 'HP', 'year': 2019}, {'type': 'phone', 'brand': 'Xiaomi', 'year': 2020}]}",True,valid,,,,"successful, show",1.0,2.0,2.0,2.0,"hit, together",2.0,1335.0,309.0,1644.0,2,True,True,2020,"laptop, phone","HP, Xiaomi",UZ 100066 Tashkent South Kaylastad,100066,Tashkent,Unknown
831,,,Male,,+1-261-613-7847x216,West Christopherside,pday@hernandez.com,1992-09-16 00:00:00,python,110,pending,,,92.0,1999-01-29 16:08:09,"88881 Craig Run Suite 270, Tonyfurt","{'hobbies': ['experience', 'party'], 'skills': {'tech': {'python': 1, 'excel': 1, 'sql': 2}, 'soft': ['size', 'laugh']}, 'family': {'siblings': 2, 'income': {'father': 517, 'mother': 535}}, 'devices': [{'type': 'laptop', 'brand': 'HP', 'year': 2021}, {'type': 'phone', 'brand': 'Xiaomi', 'year': 2020}]}",True,valid,12616137847216,+998 13 784 72 16,Unknown,"experience, party",1.0,1.0,2.0,2.0,"size, laugh",2.0,517.0,535.0,1052.0,2,True,True,2021,"laptop, phone","HP, Xiaomi","88881 Craig Run Suite 270, Tonyfurt",88881,Unknown,Unknown
832,Carrie Gonzales,,fmale,,,Brandonshire,conradmichael@@gmail.com,1979-03-15 00:00:00,PYTHNO,117,pending,37.0,,24200.0,1984-11-25 00:00:00,"BROKEN,ADDRESS,DATA,,,","{""hobbies"": [""race"", ""big""], ""skills"": {""tech"": {""python"": 4, ""excel"": 5, ""sql"": 4}, ""soft"": [""goal"", ""skill""]}, ""family"": {""siblings"": 1, ""income"": {""father"": 943, ""mother"": 974}}, ""devices"": [{""type"": ""laptop"", ""brand"": ""Dell"", ""year"": 2019}, {""type"": ""phone"", ""brand"": ""Samsung"", ""year"": 2019}]}",False,invalid_format,,,,"race, big",4.0,5.0,4.0,2.0,"goal, skill",1.0,943.0,974.0,1917.0,2,True,True,2019,"laptop, phone","Dell, Samsung","BROKEN,ADDRESS,DATA,,,",Unknown,Unknown,Unknown
833,Lauren Briggs,20,,92.0,,Lake Jessica,,2021-07-06 01:16:16,ds,,pending,,excellent,88.0,1992-07-28 04:15:23,"408 Dawn Drives, Lake Richard","{'hobbies': ['strategy', 'effect'], 'skills': {'tech': {'python': 2, 'excel': 5, 'sql': 1}, 'soft': ['reduce', 'election']}, 'family': {'siblings': 1, 'income': {'father': 647, 'mother': 1099}}, 'devices': [{'type': 'laptop', 'brand': 'Lenovo', 'year': 2016}, {'type': 'phone', 'brand': 'Xiaomi', 'year': 2020}]}",False,missing,,,,"strategy, effect",2.0,5.0,1.0,2.0,"reduce, election",1.0,647.0,1099.0,1746.0,2,True,True,2020,"laptop, phone","Lenovo, Xiaomi","408 Dawn Drives, Lake Richard",Unknown,Unknown,Unknown
834,Megan Roberts,21,MALE,65.0,(406)759-5558x3937,Bentonberg,bflores@@dennis.biz,1989-09-04 00:00:00,data-sciens,110,inactive,,average,200.0,1983-09-11 00:00:00,"Apartment 11, North John district, Tashkent, UZ, 100241","{'hobbies': ['indicate', 'available'], 'skills': {'tech': {'python': 3, 'excel': 2, 'sql': 3}, 'soft': ['choose', 'evidence']}, 'family': {'siblings': 4, 'income': {'father': 1417, 'mother': 483}}, 'devices': [{'type': 'laptop', 'brand': 'Lenovo', 'year': 2022}, {'type': 'phone', 'brand': 'Xiaomi', 'year': 2024}]}",False,invalid_format,40675955583937,+998 95 558 39 37,Uzmobile,"indicate, available",3.0,2.0,3.0,2.0,"choose, evidence",4.0,1417.0,483.0,1900.0,2,True,True,2024,"laptop, phone","Lenovo, Xiaomi","Apartment 11, North John district, Tashkent, UZ, 100241",100241,Tashkent,John
835,Tiffany Beard,,fmale,99.0,,Susanchester,lisalevine@@yahoo.com,2021-01-30 00:45:40,data-sciens,110,active,,average,111.0,2003-07-05 00:00:00,"BROKEN,ADDRESS,DATA,,,",INVALID_JSON_DATA,False,invalid_format,,,,,,,,,,,,,,0,False,False,0,,,"BROKEN,ADDRESS,DATA,,,",Unknown,Unknown,Unknown
836,April Bryant,20,male,,8376267959,Joelhaven,,2023-03-01 09:13:19,DATA SCIENCE,110,pending,1.49,,13700.0,1974-03-13 20:49:00,"BROKEN,ADDRESS,DATA,,,",INVALID_JSON_DATA,False,missing,8376267959,+998 37 626 79 59,Unknown,,,,,,,,,,,0,False,False,0,,,"BROKEN,ADDRESS,DATA,,,",Unknown,Unknown,Unknown
837,Terry James,18,,74.0,,Josephburgh,?ali@@gmail..com,1979-05-06 07:09:48,data_sciense,112,inactive,37.0,excellent,105.0,1970-12-11 13:04:36,"Jonesport 21-kv, dom 14, Tashkent",INVALID_JSON_DATA,False,invalid_format,,,,,,,,,,,,,,0,False,False,0,,,"Jonesport 21-kv, dom 14, Tashkent",Unknown,Tashkent,Unknown
838,,,FEMALE,,,West Matthew,?ali@@gmail..com,1971-08-23 10:16:03,Pyhton,106,inactive,15.5,,240.0,2025-07-09 00:00:00,"BROKEN,ADDRESS,DATA,,,","{""hobbies"": [""prepare"", ""together""], ""skills"": {""tech"": {""python"": 5, ""excel"": 2, ""sql"": 1}, ""soft"": [""prove"", ""PM""]}, ""family"": {""siblings"": 2, ""income"": {""father"": 1153, ""mother"": 761}}, ""devices"": [{""type"": ""laptop"", ""brand"": ""HP"", ""year"": 2021}, {""type"": ""phone"", ""brand"": ""Apple"", ""year"": 2021}]}",False,invalid_format,,,,"prepare, together",5.0,2.0,1.0,2.0,"prove, PM",2.0,1153.0,761.0,1914.0,2,True,True,2021,"laptop, phone","HP, Apple","BROKEN,ADDRESS,DATA,,,",Unknown,Unknown,Unknown
839,Willie Smith,18,Male,,,Daleland,nbaker@yahoo.com,1986-03-20 20:31:04,PYTHNO,,active,,good,21300.0,1995-05-10 10:19:00,"03191 Brooke Expressway, Katiemouth","{hobbies:['establish', 'mouth']}",True,valid,,,,,,,,,,,,,,0,False,False,0,,,"03191 Brooke Expressway, Katiemouth",03191,Unknown,Unknown
840,Ronald Wade,,MALE,82.0,,New Kristine,daviscrystal@@yahoo.com,2011-03-06 00:00:00,data_sciense,,active,,average,104.0,2012-07-06 00:00:00,"Apartment 47, Garciaborough district, Tashkent, UZ, 100793","{hobbies:['country', 'they']}",False,invalid_format,,,,,,,,,,,,,,0,False,False,0,,,"Apartment 47, Garciaborough district, Tashkent, UZ, 100793",100793,Tashkent,Garciaborough
841,,20,fmale,64.0,254.428.1140x078,Frenchside,?ali@@gmail..com,2023-06-12 05:23:09,Data Science,100,active,15.5,,109.0,2022-02-08 03:03:48,UZ 100459 Tashkent Andrewland,"{'hobbies': ['ask', 'model'], 'skills': {'tech': {'python': 4, 'excel': 4, 'sql': 1}, 'soft': ['amount', 'try']}, 'family': {'siblings': 0, 'income': {'father': 587, 'mother': 1190}}, 'devices': [{'type': 'laptop', 'brand': 'Lenovo', 'year': 2020}, {'type': 'phone', 'brand': 'Samsung', 'year': 2022}]}",False,invalid_format,2544281140078,+998 28 114 00 78,Unknown,"ask, model",4.0,4.0,1.0,2.0,"amount, try",0.0,587.0,1190.0,1777.0,2,True,True,2022,"laptop, phone","Lenovo, Samsung",UZ 100459 Tashkent Andrewland,100459,Tashkent,Unknown
842,Jessica Schroeder,22,fmale,76.0,,Blanchardhaven,morrisonchristopher@rodriguez.com,1975-02-22 00:00:00,PYTHNO,110,active,15.5,good,181.0,1981-02-13 03:39:00,UZ 100194 Tashkent North Hannahberg,INVALID_JSON_DATA,True,valid,,,,,,,,,,,,,,0,False,False,0,,,UZ 100194 Tashkent North Hannahberg,100194,Tashkent,Unknown
843,Michael Bell,18,,80.0,269.674.3191x50757,Port Toddbury,someonegmail.com,1995-07-15 00:00:00,data science,110,inactive,,average,168.0,2020-10-15 07:08:52,"07099 Perez Forges, Joseborough","{hobbies:['experience', 'dream']}",False,invalid_format,269674319150757,+998 31 915 07 57,Unknown,,,,,,,,,,,0,False,False,0,,,"07099 Perez Forges, Joseborough",07099,Unknown,Unknown
844,Amanda Diaz,18,Female,73.0,(165)566-1846x329,North Theresa,,2004-06-20 00:00:00,d.s.,110,pending,,,9200.0,2013-05-09 00:00:00,"BROKEN,ADDRESS,DATA,,,","{'hobbies': ['on', 'stock'], 'skills': {'tech': {'python': 3, 'excel': 3, 'sql': 2}, 'soft': ['seven', 'fire']}, 'family': {'siblings': 3, 'income': {'father': 610, 'mother': 461}}, 'devices': [{'type': 'laptop', 'brand': 'Lenovo', 'year': 2022}, {'type': 'phone', 'brand': 'Samsung', 'year': 2018}]}",False,missing,1655661846329,+998 66 184 63 29,Unknown,"on, stock",3.0,3.0,2.0,2.0,"seven, fire",3.0,610.0,461.0,1071.0,2,True,True,2022,"laptop, phone","Lenovo, Samsung","BROKEN,ADDRESS,DATA,,,",Unknown,Unknown,Unknown
845,Michael Johnson,19,,82.0,,Randytown,nmason@hotmail.com,2019-10-24 00:00:00,python,114,pending,0.0,average,11100.0,1979-05-09 00:00:00,UZ 100473 Tashkent Scottmouth,INVALID_JSON_DATA,True,valid,,,,,,,,,,,,,,0,False,False,0,,,UZ 100473 Tashkent Scottmouth,100473,Tashkent,Unknown
846,,19,,71.0,754-247-5677x865,Johnview,analysis,2018-12-09 21:28:50,data science,,pending,,,76.0,2008-03-14 00:00:00,UZ 100817 Tashkent North Kelly,"{'hobbies': ['help', 'exist'], 'skills': {'tech': {'python': 2, 'excel': 4, 'sql': 4}, 'soft': ['player', 'store']}, 'family': {'siblings': 3, 'income': {'father': 973, 'mother': 366}}, 'devices': [{'type': 'laptop', 'brand': 'Dell', 'year': 2015}, {'type': 'phone', 'brand': 'Xiaomi', 'year': 2020}]}",False,invalid_format,7542475677865,+998 47 567 78 65,Unknown,"help, exist",2.0,4.0,4.0,2.0,"player, store",3.0,973.0,366.0,1339.0,2,True,True,2020,"laptop, phone","Dell, Xiaomi",UZ 100817 Tashkent North Kelly,100817,Tashkent,Unknown
847,Derrick Cain,20,Male,,,East Angela,someonegmail.com,1990-05-16 03:17:19,data science,,pending,0.0,excellent,290.0,1973-03-15 11:00:23,"East Brittanychester 22-kv, dom 28, Tashkent","{'hobbies': ['million', 'democratic'], 'skills': {'tech': {'python': 3, 'excel': 3, 'sql': 2}, 'soft': ['focus', 'such']}, 'family': {'siblings': 3, 'income': {'father': 529, 'mother': 1141}}, 'devices': [{'type': 'laptop', 'brand': 'Dell', 'year': 2022}, {'type': 'phone', 'brand': 'Xiaomi', 'year': 2022}]}",False,invalid_format,,,,"million, democratic",3.0,3.0,2.0,2.0,"focus, such",3.0,529.0,1141.0,1670.0,2,True,True,2022,"laptop, phone","Dell, Xiaomi","East Brittanychester 22-kv, dom 28, Tashkent",Unknown,Tashkent,Unknown
848,,,MALE,,(388)381-1205,Brooksport,?ali@@gmail..com,1982-06-08 00:00:00,data science,110,inactive,37.0,excellent,243.0,2002-05-16 22:20:00,"BROKEN,ADDRESS,DATA,,,","{'hobbies': ['consumer', 'expect'], 'skills': {'tech': {'python': 1, 'excel': 5, 'sql': 3}, 'soft': ['suggest', 'artist']}, 'family': {'siblings': 3, 'income': {'father': 522, 'mother': 1255}}, 'devices': [{'type': 'laptop', 'brand': 'Lenovo', 'year': 2024}, {'type': 'phone', 'brand': 'Apple', 'year': 2019}]}",False,invalid_format,3883811205,+998 88 381 12 05,Unknown,"consumer, expect",1.0,5.0,3.0,2.0,"suggest, artist",3.0,522.0,1255.0,1777.0,2,True,True,2024,"laptop, phone","Lenovo, Apple","BROKEN,ADDRESS,DATA,,,",Unknown,Unknown,Unknown
849,Steven Powell,20,,71.0,3423057171,West Brittanybury,angelacompton@@hotmail.com,2025-03-14 00:00:00,data_sciense,,inactive,2.89,,188.0,2003-03-09 00:00:00,UZ 100398 Tashkent Jeremyland,"{'hobbies': ['reality', 'similar'], 'skills': {'tech': {'python': 4, 'excel': 4, 'sql': 3}, 'soft': ['able', 'blue']}, 'family': {'siblings': 1, 'income': {'father': 1298, 'mother': 1314}}, 'devices': [{'type': 'laptop', 'brand': 'Dell', 'year': 2024}, {'type': 'phone', 'brand': 'Xiaomi', 'year': 2022}]}",False,invalid_format,3423057171,+998 42 305 71 71,Unknown,"reality, similar",4.0,4.0,3.0,2.0,"able, blue",1.0,1298.0,1314.0,2612.0,2,True,True,2024,"laptop, phone","Dell, Xiaomi",UZ 100398 Tashkent Jeremyland,100398,Tashkent,Unknown
850,,20,femlae,87.0,,Paulfort,chambersjames@yahoo.com,2002-07-08 00:00:00,python,110,pending,1.81,average,5000.0,2022-08-02 23:39:52,"40380 Rodriguez Harbor, New Samantha","{'hobbies': ['process', 'rather'], 'skills': {'tech': {'python': 3, 'excel': 4, 'sql': 3}, 'soft': ['explain', 'might']}, 'family': {'siblings': 4, 'income': {'father': 1108, 'mother': 1251}}, 'devices': [{'type': 'laptop', 'brand': 'Lenovo', 'year': 2016}, {'type': 'phone', 'brand': 'Xiaomi', 'year': 2021}]}",True,valid,,,,"process, rather",3.0,4.0,3.0,2.0,"explain, might",4.0,1108.0,1251.0,2359.0,2,True,True,2021,"laptop, phone","Lenovo, Xiaomi","40380 Rodriguez Harbor, New Samantha",40380,Unknown,Unknown
851,,,FEMALE,,,Aguilarfort,dclark@hotmail.com,1976-05-27 00:00:00,Pyhton,113,pending,37.0,excellent,110.0,1974-06-21 00:00:00,"Juanburgh 25-kv, dom 35, Tashkent",INVALID_JSON_DATA,True,valid,,,,,,,,,,,,,,0,False,False,0,,,"Juanburgh 25-kv, dom 35, Tashkent",Unknown,Tashkent,Unknown
852,Catherine Powell,18,,,881.006.0039x665,Powellmouth,garywilson@gmail.com,2016-01-31 14:22:00,data-sciens,91,inactive,15.5,average,158.0,2022-05-15 20:12:06,"Apartment 33, South Andrewport district, Tashkent, UZ, 100176","{hobbies:['under', 'throughout']}",True,valid,8810060039665,+998 06 003 96 65,Unknown,,,,,,,,,,,0,False,False,0,,,"Apartment 33, South Andrewport district, Tashkent, UZ, 100176",100176,Tashkent,Andrewport
853,Justin Garcia,20,fmale,,178.684.5405x60464,New Ryan,someonegmail.com,1993-02-05 00:09:40,data-sciens,110,pending,,excellent,96.0,1993-09-04 20:42:00,"Rodriguezmouth 29-kv, dom 31, Tashkent","{""hobbies"": [""man"", ""mission""], ""skills"": {""tech"": {""python"": 3, ""excel"": 2, ""sql"": 3}, ""soft"": [""coach"", ""moment""]}, ""family"": {""siblings"": 2, ""income"": {""father"": 766, ""mother"": 1329}}, ""devices"": [{""type"": ""laptop"", ""brand"": ""Lenovo"", ""year"": 2023}, {""type"": ""phone"", ""brand"": ""Samsung"", ""year"": 2020}]}",False,invalid_format,178684540560464,+998 54 056 04 64,Unknown,"man, mission",3.0,2.0,3.0,2.0,"coach, moment",2.0,766.0,1329.0,2095.0,2,True,True,2023,"laptop, phone","Lenovo, Samsung","Rodriguezmouth 29-kv, dom 31, Tashkent",Unknown,Tashkent,Unknown
854,,,Male,66.0,350-162-2490,South Kristintown,thomasamanda@hotmail.com,1971-03-10 08:36:23,Data Science,110,pending,,,188.0,2023-05-29 00:00:00,UZ 100538 Tashkent Lake Patricia,"{""hobbies"": [""during"", ""difference""], ""skills"": {""tech"": {""python"": 2, ""excel"": 5, ""sql"": 1}, ""soft"": [""ok"", ""environmental""]}, ""family"": {""siblings"": 4, ""income"": {""father"": 770, ""mother"": 294}}, ""devices"": [{""type"": ""laptop"", ""brand"": ""Dell"", ""year"": 2024}, {""type"": ""phone"", ""brand"": ""Apple"", ""year"": 2022}]}",True,valid,3501622490,+998 50 162 24 90,Unknown,"during, difference",2.0,5.0,1.0,2.0,"ok, environmental",4.0,770.0,294.0,1064.0,2,True,True,2024,"laptop, phone","Dell, Apple",UZ 100538 Tashkent Lake Patricia,100538,Tashkent,Unknown
855,Judith Williams,20,Female,,(413)845-8795,Port Ericville,,2021-08-01 04:06:24,ds,,pending,37.0,excellent,22700.0,1981-11-13 00:00:00,"Apartment 22, Wheelerville district, Tashkent, UZ, 100676","{'hobbies': ['region', 'must'], 'skills': {'tech': {'python': 1, 'excel': 5, 'sql': 3}, 'soft': ['leg', 'think']}, 'family': {'siblings': 2, 'income': {'father': 1437, 'mother': 1390}}, 'devices': [{'type': 'laptop', 'brand': 'Lenovo', 'year': 2019}, {'type': 'phone', 'brand': 'Apple', 'year': 2020}]}",False,missing,4138458795,+998 13 845 87 95,Unknown,"region, must",1.0,5.0,3.0,2.0,"leg, think",2.0,1437.0,1390.0,2827.0,2,True,True,2020,"laptop, phone","Lenovo, Apple","Apartment 22, Wheelerville district, Tashkent, UZ, 100676",100676,Tashkent,Wheelerville
856,Andrea Luna,,male,,906-090-4285x63437,Brentside,someonegmail.com,2003-06-15 00:00:00,Pyhton,,inactive,,excellent,16400.0,1972-04-12 06:59:13,"BROKEN,ADDRESS,DATA,,,","{'hobbies': ['station', 'son'], 'skills': {'tech': {'python': 1, 'excel': 5, 'sql': 1}, 'soft': ['I', 'bed']}, 'family': {'siblings': 3, 'income': {'father': 1431, 'mother': 1217}}, 'devices': [{'type': 'laptop', 'brand': 'Dell', 'year': 2021}, {'type': 'phone', 'brand': 'Samsung', 'year': 2021}]}",False,invalid_format,906090428563437,+998 42 856 34 37,Unknown,"station, son",1.0,5.0,1.0,2.0,"I, bed",3.0,1431.0,1217.0,2648.0,2,True,True,2021,"laptop, phone","Dell, Samsung","BROKEN,ADDRESS,DATA,,,",Unknown,Unknown,Unknown
857,Julia Higgins,18,,54.0,2764342162,East Jennamouth,?ali@@gmail..com,1992-02-15 18:54:25,data_sciense,108,active,37.0,good,21000.0,1997-01-21 00:00:00,UZ 100673 Tashkent Brendahaven,"{""hobbies"": [""create"", ""kitchen""], ""skills"": {""tech"": {""python"": 2, ""excel"": 2, ""sql"": 4}, ""soft"": [""week"", ""kitchen""]}, ""family"": {""siblings"": 3, ""income"": {""father"": 469, ""mother"": 1117}}, ""devices"": [{""type"": ""laptop"", ""brand"": ""Dell"", ""year"": 2020}, {""type"": ""phone"", ""brand"": ""Xiaomi"", ""year"": 2020}]}",False,invalid_format,2764342162,+998 76 434 21 62,Unknown,"create, kitchen",2.0,2.0,4.0,2.0,"week, kitchen",3.0,469.0,1117.0,1586.0,2,True,True,2020,"laptop, phone","Dell, Xiaomi",UZ 100673 Tashkent Brendahaven,100673,Tashkent,Unknown
858,Hailey Porter,18,MALE,90.0,4435269877,Jacobfort,chenanthony@@yahoo.com,2020-03-28 06:06:51,PYTHNO,69,inactive,15.5,average,134.0,1998-01-14 00:00:00,"Apartment 16, Heatherport district, Tashkent, UZ, 100632",INVALID_JSON_DATA,False,invalid_format,4435269877,+998 43 526 98 77,Unknown,,,,,,,,,,,0,False,False,0,,,"Apartment 16, Heatherport district, Tashkent, UZ, 100632",100632,Tashkent,Heatherport
859,Kevin King,20,fmale,88.0,+1-525-531-8835,Garytown,meganobrien@brown-bartlett.org,2014-04-13 00:00:00,python,90,pending,-2.0,good,139.0,2006-03-20 00:00:00,"Barnettshire 20-kv, dom 48, Tashkent","{'hobbies': ['build', 'task'], 'skills': {'tech': {'python': 1, 'excel': 2, 'sql': 5}, 'soft': ['expert', 'race']}, 'family': {'siblings': 4, 'income': {'father': 1404, 'mother': 1152}}, 'devices': [{'type': 'laptop', 'brand': 'Lenovo', 'year': 2018}, {'type': 'phone', 'brand': 'Xiaomi', 'year': 2023}]}",True,valid,15255318835,+998 25 531 88 35,Unknown,"build, task",1.0,2.0,5.0,2.0,"expert, race",4.0,1404.0,1152.0,2556.0,2,True,True,2023,"laptop, phone","Lenovo, Xiaomi","Barnettshire 20-kv, dom 48, Tashkent",Unknown,Tashkent,Unknown
860,,21,femlae,50.0,,Port Rhonda,kendra65@@yahoo.com,2015-02-07 00:00:00,data_sciense,110,active,,average,18000.0,1993-04-22 07:05:04,"76896 Walker Crossroad Suite 276, Port Frederickbury",INVALID_JSON_DATA,False,invalid_format,,,,,,,,,,,,,,0,False,False,0,,,"76896 Walker Crossroad Suite 276, Port Frederickbury",76896,Unknown,Unknown
861,,19,,,+1-484-815-9087x367,New Briannaside,,2023-06-05 19:35:00,data_sciense,76,inactive,0.0,good,87.0,1975-06-21 00:00:00,"BROKEN,ADDRESS,DATA,,,","{hobbies:['letter', 'race']}",False,missing,14848159087367,+998 15 908 73 67,Unknown,,,,,,,,,,,0,False,False,0,,,"BROKEN,ADDRESS,DATA,,,",Unknown,Unknown,Unknown
862,,18,male,76.0,,Kellyport,melissa44@nelson.com,2024-10-29 00:00:00,ds,,active,,,106.0,2022-09-23 14:39:58,"Keithville 16-kv, dom 47, Tashkent","{'hobbies': ['season', 'much'], 'skills': {'tech': {'python': 1, 'excel': 4, 'sql': 2}, 'soft': ['spend', 'all']}, 'family': {'siblings': 3, 'income': {'father': 1281, 'mother': 1226}}, 'devices': [{'type': 'laptop', 'brand': 'Lenovo', 'year': 2021}, {'type': 'phone', 'brand': 'Xiaomi', 'year': 2024}]}",True,valid,,,,"season, much",1.0,4.0,2.0,2.0,"spend, all",3.0,1281.0,1226.0,2507.0,2,True,True,2024,"laptop, phone","Lenovo, Xiaomi","Keithville 16-kv, dom 47, Tashkent",Unknown,Tashkent,Unknown
863,,21,MALE,84.0,,Port Thomas,?ali@@gmail..com,1998-05-31 03:39:00,ds,,inactive,0.0,,87.0,2020-11-11 12:46:00,"Benderburgh 26-kv, dom 23, Tashkent","{'hobbies': ['rate', 'start'], 'skills': {'tech': {'python': 1, 'excel': 2, 'sql': 3}, 'soft': ['edge', 'role']}, 'family': {'siblings': 5, 'income': {'father': 700, 'mother': 768}}, 'devices': [{'type': 'laptop', 'brand': 'Lenovo', 'year': 2020}, {'type': 'phone', 'brand': 'Xiaomi', 'year': 2021}]}",False,invalid_format,,,,"rate, start",1.0,2.0,3.0,2.0,"edge, role",5.0,700.0,768.0,1468.0,2,True,True,2021,"laptop, phone","Lenovo, Xiaomi","Benderburgh 26-kv, dom 23, Tashkent",Unknown,Tashkent,Unknown
864,,20,fmale,,,East Kendraborough,edward98@yahoo.com,1989-10-02 06:49:00,Pyhton,100,active,37.0,good,143.0,1971-04-16 00:00:00,"BROKEN,ADDRESS,DATA,,,","{'hobbies': ['believe', 'religious'], 'skills': {'tech': {'python': 5, 'excel': 3, 'sql': 3}, 'soft': ['treat', 'civil']}, 'family': {'siblings': 3, 'income': {'father': 828, 'mother': 775}}, 'devices': [{'type': 'laptop', 'brand': 'Dell', 'year': 2017}, {'type': 'phone', 'brand': 'Xiaomi', 'year': 2022}]}",True,valid,,,,"believe, religious",5.0,3.0,3.0,2.0,"treat, civil",3.0,828.0,775.0,1603.0,2,True,True,2022,"laptop, phone","Dell, Xiaomi","BROKEN,ADDRESS,DATA,,,",Unknown,Unknown,Unknown
865,Kayla Arroyo,20,FEMALE,,841-329-3989,Hicksfurt,,1995-09-23 00:00:00,Pyhton,110,inactive,3.64,excellent,157.0,2007-12-27 00:00:00,"BROKEN,ADDRESS,DATA,,,","{""hobbies"": [""million"", ""difference""], ""skills"": {""tech"": {""python"": 1, ""excel"": 1, ""sql"": 2}, ""soft"": [""front"", ""fight""]}, ""family"": {""siblings"": 5, ""income"": {""father"": 1080, ""mother"": 1422}}, ""devices"": [{""type"": ""laptop"", ""brand"": ""Lenovo"", ""year"": 2019}, {""type"": ""phone"", ""brand"": ""Samsung"", ""year"": 2019}]}",False,missing,8413293989,+998 41 329 39 89,Unknown,"million, difference",1.0,1.0,2.0,2.0,"front, fight",5.0,1080.0,1422.0,2502.0,2,True,True,2019,"laptop, phone","Lenovo, Samsung","BROKEN,ADDRESS,DATA,,,",Unknown,Unknown,Unknown
866,,21,,,,South Brandon,kingkyle@@smith-king.net,1995-06-05 00:00:00,data_sciense,74,inactive,,,18600.0,1981-10-11 00:00:00,"BROKEN,ADDRESS,DATA,,,","{'hobbies': ['fall', 'garden'], 'skills': {'tech': {'python': 5, 'excel': 2, 'sql': 3}, 'soft': ['main', 'money']}, 'family': {'siblings': 0, 'income': {'father': 1401, 'mother': 869}}, 'devices': [{'type': 'laptop', 'brand': 'HP', 'year': 2016}, {'type': 'phone', 'brand': 'Apple', 'year': 2022}]}",False,invalid_format,,,,"fall, garden",5.0,2.0,3.0,2.0,"main, money",0.0,1401.0,869.0,2270.0,2,True,True,2022,"laptop, phone","HP, Apple","BROKEN,ADDRESS,DATA,,,",Unknown,Unknown,Unknown
867,Jessica Wilkinson,22,fmale,,(707)785-1092,Clarkborough,sdixon@@gmail.com,2025-11-08 00:00:00,data-sciens,,pending,,average,59.0,2012-09-29 05:08:40,"North Bobby 7-kv, dom 41, Tashkent","{""hobbies"": [""agent"", ""provide""], ""skills"": {""tech"": {""python"": 4, ""excel"": 3, ""sql"": 1}, ""soft"": [""phone"", ""write""]}, ""family"": {""siblings"": 2, ""income"": {""father"": 879, ""mother"": 705}}, ""devices"": [{""type"": ""laptop"", ""brand"": ""HP"", ""year"": 2015}, {""type"": ""phone"", ""brand"": ""Apple"", ""year"": 2024}]}",False,invalid_format,7077851092,+998 07 785 10 92,Unknown,"agent, provide",4.0,3.0,1.0,2.0,"phone, write",2.0,879.0,705.0,1584.0,2,True,True,2024,"laptop, phone","HP, Apple","North Bobby 7-kv, dom 41, Tashkent",Unknown,Tashkent,Unknown
868,,20,fmale,,,Meganstad,edwardsalejandro@@phillips.org,2022-10-23 00:00:00,data_sciense,103,inactive,15.5,excellent,22700.0,2001-01-26 00:00:00,"24542 Kirby Parks, Wilsontown",INVALID_JSON_DATA,False,invalid_format,,,,,,,,,,,,,,0,False,False,0,,,"24542 Kirby Parks, Wilsontown",24542,Unknown,Unknown
869,Kelly Santos,19,Male,73.0,,West Raymondville,christine60@@yahoo.com,2009-12-10 00:00:00,d.s.,110,inactive,,excellent,127.0,1986-10-02 11:14:00,"BROKEN,ADDRESS,DATA,,,","{'hobbies': ['practice', 'week'], 'skills': {'tech': {'python': 1, 'excel': 2, 'sql': 2}, 'soft': ['to', 'dog']}, 'family': {'siblings': 0, 'income': {'father': 200, 'mother': 419}}, 'devices': [{'type': 'laptop', 'brand': 'Dell', 'year': 2020}, {'type': 'phone', 'brand': 'Apple', 'year': 2021}]}",False,invalid_format,,,,"practice, week",1.0,2.0,2.0,2.0,"to, dog",0.0,200.0,419.0,619.0,2,True,True,2021,"laptop, phone","Dell, Apple","BROKEN,ADDRESS,DATA,,,",Unknown,Unknown,Unknown
870,,19,fmale,87.0,(955)814-6166x704,South Christopherview,jacksonphilip@jones.info,2010-09-19 00:00:00,python,,active,,,154.0,1988-05-13 19:21:00,"Lake Kimberlyside 7-kv, dom 18, Tashkent","{hobbies:['certainly', 'fear']}",True,valid,9558146166704,+998 14 616 67 04,Unknown,,,,,,,,,,,0,False,False,0,,,"Lake Kimberlyside 7-kv, dom 18, Tashkent",Unknown,Tashkent,Unknown
871,Sarah Juarez,19,Female,,,Anneshire,robersonrhonda@petersen.com,2023-04-18 06:32:20,python,,inactive,,excellent,66.0,2005-05-29 14:10:00,"8578 Carr Plains, West Erik",INVALID_JSON_DATA,True,valid,,,,,,,,,,,,,,0,False,False,0,,,"8578 Carr Plains, West Erik",Unknown,Unknown,Unknown
872,Stephanie Anderson,21,femlae,,8112516010,Reedland,eat,2006-03-22 00:00:00,python,,pending,37.0,good,184.0,2023-11-12 03:02:51,UZ 100769 Tashkent East Jonathan,INVALID_JSON_DATA,False,invalid_format,8112516010,+998 11 251 60 10,Unknown,,,,,,,,,,,0,False,False,0,,,UZ 100769 Tashkent East Jonathan,100769,Tashkent,Unknown
873,,,,,654.403.4572,New Kathleentown,itself,2010-06-30 00:00:00,data-sciens,,inactive,0.0,excellent,27000.0,2022-06-13 00:00:00,"Apartment 38, Santosside district, Tashkent, UZ, 100536","{'hobbies': ['sound', 'sell'], 'skills': {'tech': {'python': 1, 'excel': 5, 'sql': 2}, 'soft': ['team', 'however']}, 'family': {'siblings': 0, 'income': {'father': 637, 'mother': 1423}}, 'devices': [{'type': 'laptop', 'brand': 'Lenovo', 'year': 2022}, {'type': 'phone', 'brand': 'Samsung', 'year': 2020}]}",False,invalid_format,6544034572,+998 54 403 45 72,Unknown,"sound, sell",1.0,5.0,2.0,2.0,"team, however",0.0,637.0,1423.0,2060.0,2,True,True,2022,"laptop, phone","Lenovo, Samsung","Apartment 38, Santosside district, Tashkent, UZ, 100536",100536,Tashkent,Santosside
874,Justin Smith,,,,,East Anita,kevin23@hotmail.com,2023-04-04 04:18:29,DATA SCIENCE,110,active,,excellent,140.0,2013-12-02 23:13:25,UZ 100318 Tashkent Mcculloughview,"{'hobbies': ['movie', 'guy'], 'skills': {'tech': {'python': 4, 'excel': 4, 'sql': 1}, 'soft': ['friend', 'gas']}, 'family': {'siblings': 1, 'income': {'father': 613, 'mother': 385}}, 'devices': [{'type': 'laptop', 'brand': 'HP', 'year': 2023}, {'type': 'phone', 'brand': 'Apple', 'year': 2019}]}",True,valid,,,,"movie, guy",4.0,4.0,1.0,2.0,"friend, gas",1.0,613.0,385.0,998.0,2,True,True,2023,"laptop, phone","HP, Apple",UZ 100318 Tashkent Mcculloughview,100318,Tashkent,Unknown
875,Karen Hall,18,femlae,,3217188171,Lake David,davidadams@@yahoo.com,1982-10-31 00:00:00,PYTHNO,119,active,-2.0,average,226.0,2021-07-06 15:09:06,"74391 Alexandra Knoll, South Taylorland","{'hobbies': ['economy', 'financial'], 'skills': {'tech': {'python': 1, 'excel': 2, 'sql': 4}, 'soft': ['fast', 'major']}, 'family': {'siblings': 1, 'income': {'father': 602, 'mother': 585}}, 'devices': [{'type': 'laptop', 'brand': 'Dell', 'year': 2018}, {'type': 'phone', 'brand': 'Samsung', 'year': 2018}]}",False,invalid_format,3217188171,+998 21 718 81 71,Unknown,"economy, financial",1.0,2.0,4.0,2.0,"fast, major",1.0,602.0,585.0,1187.0,2,True,True,2018,"laptop, phone","Dell, Samsung","74391 Alexandra Knoll, South Taylorland",74391,Unknown,Unknown
876,,20,male,,702-871-1474,Jessicamouth,hopkinsjulie@gmail.com,2015-05-24 00:00:00,ds,,pending,15.5,excellent,13900.0,2002-01-25 00:00:00,"East Brucemouth 3-kv, dom 17, Tashkent","{hobbies:['offer', 'young']}",True,valid,7028711474,+998 02 871 14 74,Unknown,,,,,,,,,,,0,False,False,0,,,"East Brucemouth 3-kv, dom 17, Tashkent",Unknown,Tashkent,Unknown
877,Haley Fowler,,FEMALE,,826-225-9854x986,Charleschester,alexkent@travis.com,2021-02-19 12:36:23,Pyhton,110,active,2.52,,195.0,1973-05-24 00:00:00,"Rodriguezshire 21-kv, dom 15, Tashkent","{""hobbies"": [""focus"", ""economic""], ""skills"": {""tech"": {""python"": 2, ""excel"": 1, ""sql"": 2}, ""soft"": [""including"", ""girl""]}, ""family"": {""siblings"": 0, ""income"": {""father"": 1335, ""mother"": 616}}, ""devices"": [{""type"": ""laptop"", ""brand"": ""Lenovo"", ""year"": 2022}, {""type"": ""phone"", ""brand"": ""Apple"", ""year"": 2021}]}",True,valid,8262259854986,+998 25 985 49 86,Unknown,"focus, economic",2.0,1.0,2.0,2.0,"including, girl",0.0,1335.0,616.0,1951.0,2,True,True,2022,"laptop, phone","Lenovo, Apple","Rodriguezshire 21-kv, dom 15, Tashkent",Unknown,Tashkent,Unknown
878,Andrea Young,,FEMALE,62.0,3633650213,East Alexander,someonegmail.com,2022-12-28 11:14:05,data-sciens,110,active,-2.0,good,219.0,1991-04-27 00:00:00,"05295 Kendra Plain, South Christinaview","{hobbies:['believe', 'Mr']}",False,invalid_format,3633650213,+998 63 365 02 13,Unknown,,,,,,,,,,,0,False,False,0,,,"05295 Kendra Plain, South Christinaview",05295,Unknown,Unknown
879,Yesenia Nguyen,19,FEMALE,77.0,+1-419-364-8953,Tylermouth,williamscarolyn@gmail.com,2011-08-22 00:00:00,python,110,active,,average,57.0,2005-04-02 13:45:11,"West Keith 1-kv, dom 11, Tashkent","{""hobbies"": [""reach"", ""direction""], ""skills"": {""tech"": {""python"": 3, ""excel"": 3, ""sql"": 2}, ""soft"": [""among"", ""fear""]}, ""family"": {""siblings"": 4, ""income"": {""father"": 547, ""mother"": 1382}}, ""devices"": [{""type"": ""laptop"", ""brand"": ""Dell"", ""year"": 2017}, {""type"": ""phone"", ""brand"": ""Xiaomi"", ""year"": 2023}]}",True,valid,14193648953,+998 19 364 89 53,Unknown,"reach, direction",3.0,3.0,2.0,2.0,"among, fear",4.0,547.0,1382.0,1929.0,2,True,True,2023,"laptop, phone","Dell, Xiaomi","West Keith 1-kv, dom 11, Tashkent",Unknown,Tashkent,Unknown
880,,19,fmale,74.0,(947)812-9259x444,Henryburgh,chernandez@yahoo.com,1984-03-30 07:37:28,DATA SCIENCE,110,active,0.0,,268.0,1995-09-22 00:00:00,"BROKEN,ADDRESS,DATA,,,","{hobbies:['cup', 'these']}",True,valid,9478129259444,+998 12 925 94 44,Unknown,,,,,,,,,,,0,False,False,0,,,"BROKEN,ADDRESS,DATA,,,",Unknown,Unknown,Unknown
881,Jasmine Wilcox,21,,,+1-886-119-5751,Claytonchester,kelsey14@yahoo.com,1970-02-05 00:00:00,Data Science,94,active,37.0,,250.0,2012-05-28 22:15:05,UZ 100315 Tashkent Leahchester,"{'hobbies': ['wonder', 'camera'], 'skills': {'tech': {'python': 3, 'excel': 2, 'sql': 4}, 'soft': ['will', 'success']}, 'family': {'siblings': 2, 'income': {'father': 1159, 'mother': 697}}, 'devices': [{'type': 'laptop', 'brand': 'Lenovo', 'year': 2021}, {'type': 'phone', 'brand': 'Xiaomi', 'year': 2019}]}",True,valid,18861195751,+998 86 119 57 51,Unknown,"wonder, camera",3.0,2.0,4.0,2.0,"will, success",2.0,1159.0,697.0,1856.0,2,True,True,2021,"laptop, phone","Lenovo, Xiaomi",UZ 100315 Tashkent Leahchester,100315,Tashkent,Unknown
882,Eric Gonzales,21,MALE,84.0,082-172-8165x558,South Donaldtown,someonegmail.com,2005-10-30 07:28:00,Pyhton,86,inactive,,good,152.0,1982-10-08 00:00:00,"Apartment 36, Johnsonbury district, Tashkent, UZ, 100549","{hobbies:['interesting', 'fish']}",False,invalid_format,0821728165558,+998 72 816 55 58,Unknown,,,,,,,,,,,0,False,False,0,,,"Apartment 36, Johnsonbury district, Tashkent, UZ, 100549",100549,Tashkent,Johnsonbury
883,Curtis Cox,,femlae,92.0,436.463.5172,Johnbury,shawna25@hotmail.com,1993-10-25 00:00:00,python,,active,37.0,excellent,91.0,1999-03-24 00:00:00,UZ 100062 Tashkent Robertsonview,"{'hobbies': ['establish', 'assume'], 'skills': {'tech': {'python': 3, 'excel': 1, 'sql': 1}, 'soft': ['family', 'religious']}, 'family': {'siblings': 4, 'income': {'father': 251, 'mother': 353}}, 'devices': [{'type': 'laptop', 'brand': 'Lenovo', 'year': 2022}, {'type': 'phone', 'brand': 'Xiaomi', 'year': 2021}]}",True,valid,4364635172,+998 36 463 51 72,Unknown,"establish, assume",3.0,1.0,1.0,2.0,"family, religious",4.0,251.0,353.0,604.0,2,True,True,2022,"laptop, phone","Lenovo, Xiaomi",UZ 100062 Tashkent Robertsonview,100062,Tashkent,Unknown
884,,22,,72.0,,Hernandezville,kristincarter@willis.com,1994-07-23 11:13:29,python,114,inactive,15.5,excellent,249.0,2012-06-07 00:00:00,UZ 100602 Tashkent Port Alexanderborough,"{'hobbies': ['moment', 'return'], 'skills': {'tech': {'python': 3, 'excel': 4, 'sql': 2}, 'soft': ['base', 'with']}, 'family': {'siblings': 4, 'income': {'father': 1165, 'mother': 653}}, 'devices': [{'type': 'laptop', 'brand': 'HP', 'year': 2022}, {'type': 'phone', 'brand': 'Apple', 'year': 2018}]}",True,valid,,,,"moment, return",3.0,4.0,2.0,2.0,"base, with",4.0,1165.0,653.0,1818.0,2,True,True,2022,"laptop, phone","HP, Apple",UZ 100602 Tashkent Port Alexanderborough,100602,Tashkent,Unknown
885,Mark Mccall,19,,,,Millerhaven,qvincent@gmail.com,2008-03-27 08:42:00,data-sciens,,active,0.0,excellent,83.0,2006-07-01 09:24:00,"8483 Kenneth Harbor, West Miguelton","{""hobbies"": [""something"", ""not""], ""skills"": {""tech"": {""python"": 3, ""excel"": 4, ""sql"": 4}, ""soft"": [""bring"", ""customer""]}, ""family"": {""siblings"": 0, ""income"": {""father"": 1484, ""mother"": 846}}, ""devices"": [{""type"": ""laptop"", ""brand"": ""HP"", ""year"": 2021}, {""type"": ""phone"", ""brand"": ""Apple"", ""year"": 2024}]}",True,valid,,,,"something, not",3.0,4.0,4.0,2.0,"bring, customer",0.0,1484.0,846.0,2330.0,2,True,True,2024,"laptop, phone","HP, Apple","8483 Kenneth Harbor, West Miguelton",Unknown,Unknown,Unknown
886,Thomas Nelson,,male,,001-227-354-9658x982,East Michael,,1972-09-27 00:00:00,data_sciense,,pending,37.0,good,88.0,1970-08-27 00:00:00,"Apartment 25, East Justin district, Tashkent, UZ, 100910","{'hobbies': ['message', 'head'], 'skills': {'tech': {'python': 3, 'excel': 2, 'sql': 4}, 'soft': ['forward', 'capital']}, 'family': {'siblings': 3, 'income': {'father': 1428, 'mother': 1036}}, 'devices': [{'type': 'laptop', 'brand': 'Dell', 'year': 2019}, {'type': 'phone', 'brand': 'Apple', 'year': 2024}]}",False,missing,0012273549658982,+998 54 965 89 82,Unknown,"message, head",3.0,2.0,4.0,2.0,"forward, capital",3.0,1428.0,1036.0,2464.0,2,True,True,2024,"laptop, phone","Dell, Apple","Apartment 25, East Justin district, Tashkent, UZ, 100910",100910,Tashkent,Justin
887,Danielle Baker,21,,97.0,346.021.3140,Port Joshuabury,campbellcharles@@hogan-gilmore.com,2011-03-18 20:14:00,Pyhton,,pending,,,247.0,1978-02-14 00:00:00,"4332 Tanner Village Suite 017, East Michaelside",INVALID_JSON_DATA,False,invalid_format,3460213140,+998 46 021 31 40,Unknown,,,,,,,,,,,0,False,False,0,,,"4332 Tanner Village Suite 017, East Michaelside",Unknown,Unknown,Unknown
888,John Barrera,,Female,74.0,679.487.2404x723,Teresaville,culture,2017-10-24 17:10:37,PYTHNO,110,inactive,-2.0,good,10600.0,2002-01-23 13:10:09,"699 David Valleys Apt. 047, Salasberg","{hobbies:['effort', 'write']}",False,invalid_format,6794872404723,+998 87 240 47 23,Unknown,,,,,,,,,,,0,False,False,0,,,"699 David Valleys Apt. 047, Salasberg",Unknown,Unknown,Unknown
889,Christina Harris,18,FEMALE,63.0,,North Thomasmouth,?ali@@gmail..com,1974-05-27 00:00:00,data-sciens,110,inactive,,good,202.0,1970-10-10 00:00:00,"Apartment 30, Jonathanshire district, Tashkent, UZ, 100993","{hobbies:['relationship', 'reveal']}",False,invalid_format,,,,,,,,,,,,,,0,False,False,0,,,"Apartment 30, Jonathanshire district, Tashkent, UZ, 100993",100993,Tashkent,Jonathanshire
890,,22,,82.0,,Lake Carrie,?ali@@gmail..com,1977-12-18 01:56:00,python,110,active,15.5,good,82.0,1970-06-24 12:21:00,UZ 100591 Tashkent Lopezland,"{'hobbies': ['team', 'force'], 'skills': {'tech': {'python': 1, 'excel': 4, 'sql': 3}, 'soft': ['particular', 'avoid']}, 'family': {'siblings': 1, 'income': {'father': 951, 'mother': 1067}}, 'devices': [{'type': 'laptop', 'brand': 'HP', 'year': 2021}, {'type': 'phone', 'brand': 'Samsung', 'year': 2018}]}",False,invalid_format,,,,"team, force",1.0,4.0,3.0,2.0,"particular, avoid",1.0,951.0,1067.0,2018.0,2,True,True,2021,"laptop, phone","HP, Samsung",UZ 100591 Tashkent Lopezland,100591,Tashkent,Unknown
891,Robin Potts,18,fmale,63.0,000-444-0093,North Mistymouth,cover,2019-06-27 15:35:00,d.s.,110,active,,excellent,228.0,2022-01-26 10:14:43,"Apartment 42, North Brittany district, Tashkent, UZ, 100625","{'hobbies': ['skill', 'less'], 'skills': {'tech': {'python': 3, 'excel': 4, 'sql': 5}, 'soft': ['friend', 'court']}, 'family': {'siblings': 5, 'income': {'father': 1344, 'mother': 730}}, 'devices': [{'type': 'laptop', 'brand': 'Dell', 'year': 2023}, {'type': 'phone', 'brand': 'Apple', 'year': 2020}]}",False,invalid_format,0004440093,+998 00 444 00 93,Unknown,"skill, less",3.0,4.0,5.0,2.0,"friend, court",5.0,1344.0,730.0,2074.0,2,True,True,2023,"laptop, phone","Dell, Apple","Apartment 42, North Brittany district, Tashkent, UZ, 100625",100625,Tashkent,Brittany
892,David Sanders,18,fmale,65.0,001-096-554-6473x51655,Shawnbury,,2022-05-03 01:14:52,Data Science,103,active,4.39,,76.0,1983-09-28 16:25:06,"Robinsonland 17-kv, dom 50, Tashkent",INVALID_JSON_DATA,False,missing,001096554647351655,+998 64 735 16 55,Unknown,,,,,,,,,,,0,False,False,0,,,"Robinsonland 17-kv, dom 50, Tashkent",Unknown,Tashkent,Unknown
893,William Kennedy,,FEMALE,72.0,(599)013-6858x7169,Hollymouth,qmurphy@@case-pham.com,2007-01-08 00:00:00,data-sciens,110,active,37.0,excellent,77.0,2008-03-04 00:00:00,"Apartment 28, Erinport district, Tashkent, UZ, 100647","{hobbies:['large', 'amount']}",False,invalid_format,59901368587169,+998 36 858 71 69,Unknown,,,,,,,,,,,0,False,False,0,,,"Apartment 28, Erinport district, Tashkent, UZ, 100647",100647,Tashkent,Erinport
894,Mrs. Kristy Payne,20,,61.0,738.963.8793x04256,New Caseyside,adamskyle@hotmail.com,2011-04-07 15:53:00,ds,110,active,,average,87.0,2011-11-21 00:00:00,"Apartment 26, Penaborough district, Tashkent, UZ, 100472","{'hobbies': ['wife', 'his'], 'skills': {'tech': {'python': 3, 'excel': 3, 'sql': 2}, 'soft': ['out', 'player']}, 'family': {'siblings': 3, 'income': {'father': 658, 'mother': 918}}, 'devices': [{'type': 'laptop', 'brand': 'HP', 'year': 2018}, {'type': 'phone', 'brand': 'Xiaomi', 'year': 2023}]}",True,valid,738963879304256,+998 87 930 42 56,Unknown,"wife, his",3.0,3.0,2.0,2.0,"out, player",3.0,658.0,918.0,1576.0,2,True,True,2023,"laptop, phone","HP, Xiaomi","Apartment 26, Penaborough district, Tashkent, UZ, 100472",100472,Tashkent,Penaborough
895,Brandon Miles,18,Female,88.0,,North Laurastad,amanda90@@gmail.com,2023-11-19 00:00:00,data-sciens,83,active,0.0,,264.0,1999-06-21 18:00:39,"78495 Brittany Trail, East Kendraview","{hobbies:['simply', 'course']}",False,invalid_format,,,,,,,,,,,,,,0,False,False,0,,,"78495 Brittany Trail, East Kendraview",78495,Unknown,Unknown
896,Melissa Cortez,21,female,68.0,521.794.9150,Port Melissaburgh,joe35@lopez-anderson.com,1988-03-31 00:00:00,python,103,inactive,,average,20600.0,1990-06-17 00:00:00,"BROKEN,ADDRESS,DATA,,,","{""hobbies"": [""film"", ""again""], ""skills"": {""tech"": {""python"": 5, ""excel"": 3, ""sql"": 1}, ""soft"": [""back"", ""pick""]}, ""family"": {""siblings"": 5, ""income"": {""father"": 1202, ""mother"": 568}}, ""devices"": [{""type"": ""laptop"", ""brand"": ""HP"", ""year"": 2017}, {""type"": ""phone"", ""brand"": ""Apple"", ""year"": 2018}]}",True,valid,5217949150,+998 21 794 91 50,Unknown,"film, again",5.0,3.0,1.0,2.0,"back, pick",5.0,1202.0,568.0,1770.0,2,True,True,2018,"laptop, phone","HP, Apple","BROKEN,ADDRESS,DATA,,,",Unknown,Unknown,Unknown
897,,,female,,641.158.8646x290,East Davidhaven,?ali@@gmail..com,1986-09-12 00:00:00,PYTHNO,110,pending,-2.0,,10700.0,2021-10-24 03:17:49,UZ 100152 Tashkent East Angie,"{'hobbies': ['someone', 'generation'], 'skills': {'tech': {'python': 1, 'excel': 3, 'sql': 5}, 'soft': ['game', 'lead']}, 'family': {'siblings': 3, 'income': {'father': 693, 'mother': 1475}}, 'devices': [{'type': 'laptop', 'brand': 'Dell', 'year': 2015}, {'type': 'phone', 'brand': 'Samsung', 'year': 2023}]}",False,invalid_format,6411588646290,+998 58 864 62 90,Unknown,"someone, generation",1.0,3.0,5.0,2.0,"game, lead",3.0,693.0,1475.0,2168.0,2,True,True,2023,"laptop, phone","Dell, Samsung",UZ 100152 Tashkent East Angie,100152,Tashkent,Unknown
898,Alejandro Pierce,,male,63.0,660-798-4278x15575,North Jennifer,kathleen51@@fowler.info,1975-12-06 00:00:00,Pyhton,,active,15.5,excellent,247.0,1994-09-23 00:00:00,"Apartment 3, West Madisonberg district, Tashkent, UZ, 100586",INVALID_JSON_DATA,False,invalid_format,660798427815575,+998 42 781 55 75,Unknown,,,,,,,,,,,0,False,False,0,,,"Apartment 3, West Madisonberg district, Tashkent, UZ, 100586",100586,Tashkent,Madisonberg
899,,,Female,,205-662-8875x088,Williamsmouth,someonegmail.com,2021-02-08 16:43:06,DATA SCIENCE,110,pending,,good,225.0,2021-11-26 20:33:31,"Apartment 35, Velasquezfurt district, Tashkent, UZ, 100998","{hobbies:['kitchen', 'these']}",False,invalid_format,2056628875088,+998 62 887 50 88,Unknown,,,,,,,,,,,0,False,False,0,,,"Apartment 35, Velasquezfurt district, Tashkent, UZ, 100998",100998,Tashkent,Velasquezfurt
900,Michael Guerra,18,Female,,933.792.0750,New Ryanfort,?ali@@gmail..com,1990-09-27 11:36:38,PYTHNO,118,inactive,37.0,average,167.0,2003-05-09 19:54:57,"Murphyberg 11-kv, dom 30, Tashkent",INVALID_JSON_DATA,False,invalid_format,9337920750,+998 33 792 07 50,Unknown,,,,,,,,,,,0,False,False,0,,,"Murphyberg 11-kv, dom 30, Tashkent",Unknown,Tashkent,Unknown
901,Megan Nelson,,female,60.0,001-743-417-8425x01975,Port Jacquelineshire,someonegmail.com,2017-03-31 20:25:34,d.s.,110,inactive,37.0,good,174.0,2000-09-03 00:00:00,"Apartment 19, Jenniferport district, Tashkent, UZ, 100946","{'hobbies': ['customer', 'security'], 'skills': {'tech': {'python': 3, 'excel': 2, 'sql': 3}, 'soft': ['stage', 'go']}, 'family': {'siblings': 5, 'income': {'father': 601, 'mother': 409}}, 'devices': [{'type': 'laptop', 'brand': 'HP', 'year': 2022}, {'type': 'phone', 'brand': 'Samsung', 'year': 2023}]}",False,invalid_format,001743417842501975,+998 84 250 19 75,Unknown,"customer, security",3.0,2.0,3.0,2.0,"stage, go",5.0,601.0,409.0,1010.0,2,True,True,2023,"laptop, phone","HP, Samsung","Apartment 19, Jenniferport district, Tashkent, UZ, 100946",100946,Tashkent,Jenniferport
902,Paul Cummings,20,,,158.574.1474x844,New Michael,too,2023-05-11 00:09:06,data_sciense,,inactive,,average,20400.0,2017-01-03 01:59:00,"Apartment 44, Davisfort district, Tashkent, UZ, 100800","{""hobbies"": [""scene"", ""friend""], ""skills"": {""tech"": {""python"": 1, ""excel"": 1, ""sql"": 1}, ""soft"": [""land"", ""moment""]}, ""family"": {""siblings"": 0, ""income"": {""father"": 1014, ""mother"": 616}}, ""devices"": [{""type"": ""laptop"", ""brand"": ""Lenovo"", ""year"": 2022}, {""type"": ""phone"", ""brand"": ""Xiaomi"", ""year"": 2023}]}",False,invalid_format,1585741474844,+998 74 147 48 44,Unknown,"scene, friend",1.0,1.0,1.0,2.0,"land, moment",0.0,1014.0,616.0,1630.0,2,True,True,2023,"laptop, phone","Lenovo, Xiaomi","Apartment 44, Davisfort district, Tashkent, UZ, 100800",100800,Tashkent,Davisfort
903,Jennifer Lucas,22,Male,,+1-089-987-7508x70500,East Ronaldview,mean,2014-01-18 00:00:00,Pyhton,114,active,2.57,,200.0,2021-05-19 00:00:00,"BROKEN,ADDRESS,DATA,,,","{hobbies:['including', 'address']}",False,invalid_format,1089987750870500,+998 75 087 05 00,Unknown,,,,,,,,,,,0,False,False,0,,,"BROKEN,ADDRESS,DATA,,,",Unknown,Unknown,Unknown
904,Kevin Aguirre,21,female,,959-668-8387x04602,Port Donald,zking@ramirez-rodriguez.biz,1970-05-18 13:55:42,DATA SCIENCE,110,pending,37.0,,25800.0,1993-10-03 14:58:46,UZ 100855 Tashkent Valentineview,"{'hobbies': ['thus', 'leader'], 'skills': {'tech': {'python': 5, 'excel': 4, 'sql': 3}, 'soft': ['save', 'debate']}, 'family': {'siblings': 1, 'income': {'father': 840, 'mother': 649}}, 'devices': [{'type': 'laptop', 'brand': 'Lenovo', 'year': 2017}, {'type': 'phone', 'brand': 'Samsung', 'year': 2022}]}",True,valid,959668838704602,+998 83 870 46 02,Unknown,"thus, leader",5.0,4.0,3.0,2.0,"save, debate",1.0,840.0,649.0,1489.0,2,True,True,2022,"laptop, phone","Lenovo, Samsung",UZ 100855 Tashkent Valentineview,100855,Tashkent,Unknown
905,Michael Garcia,20,Male,61.0,,Sallyland,april16@@hernandez.com,2020-07-22 00:00:00,python,,inactive,15.5,good,188.0,2001-10-03 00:00:00,"BROKEN,ADDRESS,DATA,,,","{""hobbies"": [""keep"", ""speak""], ""skills"": {""tech"": {""python"": 5, ""excel"": 1, ""sql"": 4}, ""soft"": [""per"", ""short""]}, ""family"": {""siblings"": 2, ""income"": {""father"": 361, ""mother"": 1225}}, ""devices"": [{""type"": ""laptop"", ""brand"": ""HP"", ""year"": 2015}, {""type"": ""phone"", ""brand"": ""Samsung"", ""year"": 2021}]}",False,invalid_format,,,,"keep, speak",5.0,1.0,4.0,2.0,"per, short",2.0,361.0,1225.0,1586.0,2,True,True,2021,"laptop, phone","HP, Samsung","BROKEN,ADDRESS,DATA,,,",Unknown,Unknown,Unknown
906,Vicki Cardenas,20,femlae,,,Daisyton,jason39@yahoo.com,2012-01-05 00:00:00,PYTHNO,,inactive,15.5,average,9800.0,2021-04-06 03:38:52,"BROKEN,ADDRESS,DATA,,,","{""hobbies"": [""task"", ""hand""], ""skills"": {""tech"": {""python"": 4, ""excel"": 1, ""sql"": 3}, ""soft"": [""tell"", ""PM""]}, ""family"": {""siblings"": 4, ""income"": {""father"": 1442, ""mother"": 906}}, ""devices"": [{""type"": ""laptop"", ""brand"": ""Dell"", ""year"": 2022}, {""type"": ""phone"", ""brand"": ""Apple"", ""year"": 2023}]}",True,valid,,,,"task, hand",4.0,1.0,3.0,2.0,"tell, PM",4.0,1442.0,906.0,2348.0,2,True,True,2023,"laptop, phone","Dell, Apple","BROKEN,ADDRESS,DATA,,,",Unknown,Unknown,Unknown
907,,20,fmale,77.0,,North Peter,barbaradaniels@@vasquez-jackson.info,1984-08-14 00:00:00,d.s.,,inactive,15.5,good,293.0,2018-05-19 00:00:00,UZ 100507 Tashkent Craneville,"{hobbies:['deep', 'together']}",False,invalid_format,,,,,,,,,,,,,,0,False,False,0,,,UZ 100507 Tashkent Craneville,100507,Tashkent,Unknown
908,,18,,,966.917.0594,New Denise,mouth,2005-03-11 00:00:00,PYTHNO,93,active,37.0,excellent,296.0,1983-08-28 00:00:00,"Apartment 39, New Shirleyside district, Tashkent, UZ, 100073","{hobbies:['memory', 'human']}",False,invalid_format,9669170594,+998 66 917 05 94,Unknown,,,,,,,,,,,0,False,False,0,,,"Apartment 39, New Shirleyside district, Tashkent, UZ, 100073",100073,Tashkent,Shirleyside
909,,20,male,,001-532-921-2430,East Terriberg,someonegmail.com,1998-04-06 00:00:00,PYTHNO,110,inactive,0.0,excellent,195.0,1981-02-14 03:44:00,"East Brianshire 9-kv, dom 29, Tashkent","{'hobbies': ['development', 'reach'], 'skills': {'tech': {'python': 1, 'excel': 2, 'sql': 5}, 'soft': ['truth', 'mention']}, 'family': {'siblings': 1, 'income': {'father': 735, 'mother': 721}}, 'devices': [{'type': 'laptop', 'brand': 'HP', 'year': 2019}, {'type': 'phone', 'brand': 'Apple', 'year': 2020}]}",False,invalid_format,0015329212430,+998 32 921 24 30,Unknown,"development, reach",1.0,2.0,5.0,2.0,"truth, mention",1.0,735.0,721.0,1456.0,2,True,True,2020,"laptop, phone","HP, Apple","East Brianshire 9-kv, dom 29, Tashkent",Unknown,Tashkent,Unknown
910,Christopher Reed,18,femlae,,(866)064-0331,East Michael,someonegmail.com,1991-11-11 00:00:00,ds,110,inactive,-2.0,excellent,284.0,2010-04-06 23:07:00,"Apartment 2, Schaeferfurt district, Tashkent, UZ, 100131","{""hobbies"": [""sign"", ""traditional""], ""skills"": {""tech"": {""python"": 1, ""excel"": 1, ""sql"": 2}, ""soft"": [""cold"", ""concern""]}, ""family"": {""siblings"": 4, ""income"": {""father"": 1251, ""mother"": 692}}, ""devices"": [{""type"": ""laptop"", ""brand"": ""Lenovo"", ""year"": 2017}, {""type"": ""phone"", ""brand"": ""Apple"", ""year"": 2022}]}",False,invalid_format,8660640331,+998 66 064 03 31,Unknown,"sign, traditional",1.0,1.0,2.0,2.0,"cold, concern",4.0,1251.0,692.0,1943.0,2,True,True,2022,"laptop, phone","Lenovo, Apple","Apartment 2, Schaeferfurt district, Tashkent, UZ, 100131",100131,Tashkent,Schaeferfurt
911,Rebecca Wise,21,male,,(140)612-2237x6138,Fosterchester,austinevans@levy.com,1987-08-03 00:00:00,d.s.,110,pending,,average,279.0,2013-10-31 05:19:00,UZ 100309 Tashkent Andrewsshire,"{'hobbies': ['talk', 'network'], 'skills': {'tech': {'python': 2, 'excel': 4, 'sql': 3}, 'soft': ['sea', 'according']}, 'family': {'siblings': 4, 'income': {'father': 1125, 'mother': 1023}}, 'devices': [{'type': 'laptop', 'brand': 'Lenovo', 'year': 2022}, {'type': 'phone', 'brand': 'Apple', 'year': 2021}]}",True,valid,14061222376138,+998 22 237 61 38,Unknown,"talk, network",2.0,4.0,3.0,2.0,"sea, according",4.0,1125.0,1023.0,2148.0,2,True,True,2022,"laptop, phone","Lenovo, Apple",UZ 100309 Tashkent Andrewsshire,100309,Tashkent,Unknown
912,,20,,,,Cabreraberg,michael93@schmidt.com,1987-09-24 00:00:00,Pyhton,83,active,,excellent,255.0,1985-08-08 00:00:00,"BROKEN,ADDRESS,DATA,,,","{'hobbies': ['right', 'tell'], 'skills': {'tech': {'python': 4, 'excel': 4, 'sql': 3}, 'soft': ['hold', 'media']}, 'family': {'siblings': 2, 'income': {'father': 1219, 'mother': 1321}}, 'devices': [{'type': 'laptop', 'brand': 'Dell', 'year': 2024}, {'type': 'phone', 'brand': 'Apple', 'year': 2022}]}",True,valid,,,,"right, tell",4.0,4.0,3.0,2.0,"hold, media",2.0,1219.0,1321.0,2540.0,2,True,True,2024,"laptop, phone","Dell, Apple","BROKEN,ADDRESS,DATA,,,",Unknown,Unknown,Unknown
913,Kylie Herrera,20,MALE,,734.856.0835,Laraside,former,1987-01-26 22:47:46,python,89,pending,0.0,,294.0,2020-12-20 06:01:06,UZ 100833 Tashkent Gregoryfurt,"{hobbies:['white', 'group']}",False,invalid_format,7348560835,+998 34 856 08 35,Unknown,,,,,,,,,,,0,False,False,0,,,UZ 100833 Tashkent Gregoryfurt,100833,Tashkent,Unknown
914,,20,,,+1-438-110-5062x10179,New Rebeccahaven,robert33@@medina-garcia.com,1975-07-23 23:00:00,data science,,inactive,15.5,average,23600.0,1975-05-24 00:00:00,"Apartment 9, North Valerie district, Tashkent, UZ, 100224","{'hobbies': ['management', 'just'], 'skills': {'tech': {'python': 5, 'excel': 2, 'sql': 4}, 'soft': ['mother', 'together']}, 'family': {'siblings': 1, 'income': {'father': 486, 'mother': 1299}}, 'devices': [{'type': 'laptop', 'brand': 'HP', 'year': 2022}, {'type': 'phone', 'brand': 'Apple', 'year': 2024}]}",False,invalid_format,1438110506210179,+998 50 621 01 79,Unknown,"management, just",5.0,2.0,4.0,2.0,"mother, together",1.0,486.0,1299.0,1785.0,2,True,True,2024,"laptop, phone","HP, Apple","Apartment 9, North Valerie district, Tashkent, UZ, 100224",100224,Tashkent,Valerie
915,,20,,91.0,651-195-8738x1760,Lake Robert,anaalvarez@gmail.com,2015-03-12 12:43:00,Data Science,,inactive,-2.0,good,250.0,2015-02-01 23:48:00,"BROKEN,ADDRESS,DATA,,,","{'hobbies': ['woman', 'itself'], 'skills': {'tech': {'python': 5, 'excel': 2, 'sql': 3}, 'soft': ['successful', 'would']}, 'family': {'siblings': 2, 'income': {'father': 1332, 'mother': 1235}}, 'devices': [{'type': 'laptop', 'brand': 'Lenovo', 'year': 2022}, {'type': 'phone', 'brand': 'Samsung', 'year': 2020}]}",True,valid,65119587381760,+998 58 738 17 60,Unknown,"woman, itself",5.0,2.0,3.0,2.0,"successful, would",2.0,1332.0,1235.0,2567.0,2,True,True,2022,"laptop, phone","Lenovo, Samsung","BROKEN,ADDRESS,DATA,,,",Unknown,Unknown,Unknown
916,Jay Wright,20,Female,70.0,(115)181-7946,Andreston,?ali@@gmail..com,2011-12-01 00:00:00,d.s.,118,pending,0.0,good,144.0,2022-11-30 23:46:42,"New Michaelchester 25-kv, dom 39, Tashkent","{hobbies:['care', 'leader']}",False,invalid_format,1151817946,+998 15 181 79 46,Unknown,,,,,,,,,,,0,False,False,0,,,"New Michaelchester 25-kv, dom 39, Tashkent",Unknown,Tashkent,Unknown
917,Heather Johnson,18,MALE,71.0,590.942.5745x27097,Jonathanhaven,carlsondakota@gmail.com,2022-08-22 05:22:18,python,65,active,3.82,average,84.0,1971-11-09 00:00:00,"Apartment 33, Conleyside district, Tashkent, UZ, 100363","{hobbies:['event', 'deep']}",True,valid,590942574527097,+998 57 452 70 97,Unknown,,,,,,,,,,,0,False,False,0,,,"Apartment 33, Conleyside district, Tashkent, UZ, 100363",100363,Tashkent,Conleyside
918,,,,60.0,,Lake Amandaside,,1982-10-15 14:54:01,data-sciens,,inactive,-2.0,excellent,60.0,2023-07-14 00:00:00,"BROKEN,ADDRESS,DATA,,,","{'hobbies': ['author', 'address'], 'skills': {'tech': {'python': 3, 'excel': 2, 'sql': 5}, 'soft': ['information', 'rich']}, 'family': {'siblings': 2, 'income': {'father': 1212, 'mother': 216}}, 'devices': [{'type': 'laptop', 'brand': 'HP', 'year': 2015}, {'type': 'phone', 'brand': 'Apple', 'year': 2020}]}",False,missing,,,,"author, address",3.0,2.0,5.0,2.0,"information, rich",2.0,1212.0,216.0,1428.0,2,True,True,2020,"laptop, phone","HP, Apple","BROKEN,ADDRESS,DATA,,,",Unknown,Unknown,Unknown
919,Christopher Henry,,male,78.0,,Lake Darlenemouth,donnahoward@@murray.com,1975-07-14 00:00:00,PYTHNO,110,active,0.0,excellent,206.0,2021-07-01 12:03:58,"BROKEN,ADDRESS,DATA,,,","{'hobbies': ['hear', 'adult'], 'skills': {'tech': {'python': 5, 'excel': 4, 'sql': 3}, 'soft': ['action', 'whole']}, 'family': {'siblings': 4, 'income': {'father': 433, 'mother': 1049}}, 'devices': [{'type': 'laptop', 'brand': 'Lenovo', 'year': 2017}, {'type': 'phone', 'brand': 'Xiaomi', 'year': 2018}]}",False,invalid_format,,,,"hear, adult",5.0,4.0,3.0,2.0,"action, whole",4.0,433.0,1049.0,1482.0,2,True,True,2018,"laptop, phone","Lenovo, Xiaomi","BROKEN,ADDRESS,DATA,,,",Unknown,Unknown,Unknown
920,,21,FEMALE,,163.701.1464x33479,Jenkinsborough,obray@aguirre.org,2020-03-17 05:54:00,data_sciense,110,active,1.13,excellent,24600.0,1987-03-28 00:00:00,"Richardsonchester 27-kv, dom 41, Tashkent",INVALID_JSON_DATA,True,valid,163701146433479,+998 14 643 34 79,Unknown,,,,,,,,,,,0,False,False,0,,,"Richardsonchester 27-kv, dom 41, Tashkent",Unknown,Tashkent,Unknown
921,Angela Moore,,Female,87.0,,South Crystalmouth,samanthabray@martinez-jones.com,1984-10-15 00:00:00,python,107,inactive,,excellent,262.0,1992-12-07 00:00:00,"Thompsonshire 8-kv, dom 40, Tashkent","{hobbies:['from', 'job']}",True,valid,,,,,,,,,,,,,,0,False,False,0,,,"Thompsonshire 8-kv, dom 40, Tashkent",Unknown,Tashkent,Unknown
922,Timothy Tran,18,MALE,65.0,+1-259-010-1007,Wilsonton,,2021-07-18 14:22:49,PYTHNO,,inactive,2.11,,285.0,1994-09-30 00:00:00,"South Bryan 12-kv, dom 27, Tashkent","{hobbies:['rather', 'up']}",False,missing,12590101007,+998 59 010 10 07,Unknown,,,,,,,,,,,0,False,False,0,,,"South Bryan 12-kv, dom 27, Tashkent",Unknown,Tashkent,Unknown
923,Brittany Walton,20,femlae,,,Victoriabury,austinlewis@jackson.net,2020-09-21 00:00:00,Data Science,113,inactive,,excellent,50.0,2002-02-26 00:00:00,"BROKEN,ADDRESS,DATA,,,",INVALID_JSON_DATA,True,valid,,,,,,,,,,,,,,0,False,False,0,,,"BROKEN,ADDRESS,DATA,,,",Unknown,Unknown,Unknown
924,Sandra Webster,20,male,,(333)433-6868,North Danielle,food,1981-10-19 00:00:00,python,110,pending,37.0,excellent,287.0,1972-04-18 00:00:00,"BROKEN,ADDRESS,DATA,,,","{'hobbies': ['short', 'interest'], 'skills': {'tech': {'python': 3, 'excel': 2, 'sql': 5}, 'soft': ['data', 'eye']}, 'family': {'siblings': 2, 'income': {'father': 1215, 'mother': 1077}}, 'devices': [{'type': 'laptop', 'brand': 'Lenovo', 'year': 2019}, {'type': 'phone', 'brand': 'Xiaomi', 'year': 2018}]}",False,invalid_format,3334336868,+998 33 433 68 68,Unknown,"short, interest",3.0,2.0,5.0,2.0,"data, eye",2.0,1215.0,1077.0,2292.0,2,True,True,2019,"laptop, phone","Lenovo, Xiaomi","BROKEN,ADDRESS,DATA,,,",Unknown,Unknown,Unknown
925,,20,FEMALE,,1942747937,Johnburgh,lisa52@gmail.com,2010-04-12 01:28:00,PYTHNO,72,pending,,,85.0,2009-01-02 00:00:00,"West Richard 16-kv, dom 36, Tashkent","{hobbies:['with', 'back']}",True,valid,1942747937,+998 94 274 79 37,Ucell,,,,,,,,,,,0,False,False,0,,,"West Richard 16-kv, dom 36, Tashkent",Unknown,Tashkent,Unknown
926,,,female,,,North Chad,?ali@@gmail..com,2004-01-14 00:00:00,ds,110,active,3.25,good,105.0,2021-08-30 00:00:00,"223 Jason Groves, Bennettview","{'hobbies': ['risk', 'thus'], 'skills': {'tech': {'python': 3, 'excel': 4, 'sql': 5}, 'soft': ['accept', 'gun']}, 'family': {'siblings': 1, 'income': {'father': 1260, 'mother': 398}}, 'devices': [{'type': 'laptop', 'brand': 'HP', 'year': 2020}, {'type': 'phone', 'brand': 'Xiaomi', 'year': 2023}]}",False,invalid_format,,,,"risk, thus",3.0,4.0,5.0,2.0,"accept, gun",1.0,1260.0,398.0,1658.0,2,True,True,2023,"laptop, phone","HP, Xiaomi","223 Jason Groves, Bennettview",Unknown,Unknown,Unknown
927,,19,female,63.0,,New Rhondaside,?ali@@gmail..com,2022-12-12 17:13:14,ds,,pending,,good,188.0,2004-12-09 22:13:35,"Apartment 44, Pamelaburgh district, Tashkent, UZ, 100968","{hobbies:['anything', 'election']}",False,invalid_format,,,,,,,,,,,,,,0,False,False,0,,,"Apartment 44, Pamelaburgh district, Tashkent, UZ, 100968",100968,Tashkent,Pamelaburgh
928,,21,MALE,70.0,,Lake Adam,april93@morris.com,2017-04-17 21:31:07,data_sciense,110,active,0.0,excellent,248.0,1993-06-28 00:00:00,"Apartment 29, Lake Debraville district, Tashkent, UZ, 100194","{""hobbies"": [""one"", ""clearly""], ""skills"": {""tech"": {""python"": 3, ""excel"": 4, ""sql"": 5}, ""soft"": [""of"", ""hand""]}, ""family"": {""siblings"": 5, ""income"": {""father"": 807, ""mother"": 714}}, ""devices"": [{""type"": ""laptop"", ""brand"": ""Dell"", ""year"": 2022}, {""type"": ""phone"", ""brand"": ""Apple"", ""year"": 2019}]}",True,valid,,,,"one, clearly",3.0,4.0,5.0,2.0,"of, hand",5.0,807.0,714.0,1521.0,2,True,True,2022,"laptop, phone","Dell, Apple","Apartment 29, Lake Debraville district, Tashkent, UZ, 100194",100194,Tashkent,Debraville
929,,,male,63.0,588-717-3328,South Matthewmouth,western,2001-08-05 08:12:58,data-sciens,110,inactive,37.0,good,232.0,2019-04-19 00:00:00,"1888 Weaver Tunnel Suite 109, North Theresa","{'hobbies': ['whatever', 'remember'], 'skills': {'tech': {'python': 4, 'excel': 4, 'sql': 3}, 'soft': ['memory', 'top']}, 'family': {'siblings': 1, 'income': {'father': 1430, 'mother': 1235}}, 'devices': [{'type': 'laptop', 'brand': 'Dell', 'year': 2022}, {'type': 'phone', 'brand': 'Xiaomi', 'year': 2020}]}",False,invalid_format,5887173328,+998 88 717 33 28,Unknown,"whatever, remember",4.0,4.0,3.0,2.0,"memory, top",1.0,1430.0,1235.0,2665.0,2,True,True,2022,"laptop, phone","Dell, Xiaomi","1888 Weaver Tunnel Suite 109, North Theresa",Unknown,Unknown,Unknown
930,Joshua Graham,19,,63.0,,Ramosfort,kathryn35@yahoo.com,1975-10-12 10:00:00,ds,100,active,-2.0,average,234.0,2021-12-30 01:03:41,UZ 100170 Tashkent West Miguelview,"{""hobbies"": [""any"", ""learn""], ""skills"": {""tech"": {""python"": 5, ""excel"": 4, ""sql"": 2}, ""soft"": [""bag"", ""serve""]}, ""family"": {""siblings"": 0, ""income"": {""father"": 1174, ""mother"": 1077}}, ""devices"": [{""type"": ""laptop"", ""brand"": ""HP"", ""year"": 2024}, {""type"": ""phone"", ""brand"": ""Samsung"", ""year"": 2018}]}",True,valid,,,,"any, learn",5.0,4.0,2.0,2.0,"bag, serve",0.0,1174.0,1077.0,2251.0,2,True,True,2024,"laptop, phone","HP, Samsung",UZ 100170 Tashkent West Miguelview,100170,Tashkent,Unknown
931,,18,,,,West Clinton,annette52@@yahoo.com,1992-09-15 00:00:00,python,,pending,0.0,excellent,156.0,2014-08-07 00:00:00,UZ 100464 Tashkent New Jenniferview,"{'hobbies': ['list', 'assume'], 'skills': {'tech': {'python': 1, 'excel': 4, 'sql': 1}, 'soft': ['stock', 'fight']}, 'family': {'siblings': 4, 'income': {'father': 1008, 'mother': 320}}, 'devices': [{'type': 'laptop', 'brand': 'Lenovo', 'year': 2023}, {'type': 'phone', 'brand': 'Samsung', 'year': 2023}]}",False,invalid_format,,,,"list, assume",1.0,4.0,1.0,2.0,"stock, fight",4.0,1008.0,320.0,1328.0,2,True,True,2023,"laptop, phone","Lenovo, Samsung",UZ 100464 Tashkent New Jenniferview,100464,Tashkent,Unknown
932,,20,MALE,,080-943-4080x30578,Marciashire,?ali@@gmail..com,2009-06-11 03:36:51,data science,,pending,,,152.0,1986-03-06 00:00:00,"Apartment 2, Sarahbury district, Tashkent, UZ, 100195",INVALID_JSON_DATA,False,invalid_format,080943408030578,+998 40 803 05 78,Unknown,,,,,,,,,,,0,False,False,0,,,"Apartment 2, Sarahbury district, Tashkent, UZ, 100195",100195,Tashkent,Sarahbury
933,,18,MALE,66.0,6733451499,New Russellstad,money,2004-03-10 00:00:00,DATA SCIENCE,94,pending,,excellent,165.0,2005-05-06 05:51:00,"West Lisa 12-kv, dom 32, Tashkent","{hobbies:['above', 'approach']}",False,invalid_format,6733451499,+998 73 345 14 99,Unknown,,,,,,,,,,,0,False,False,0,,,"West Lisa 12-kv, dom 32, Tashkent",Unknown,Tashkent,Unknown
934,,21,female,72.0,4957765449,Hollandburgh,,1983-04-05 00:00:00,Pyhton,75,inactive,,good,276.0,1973-02-03 00:00:00,"0358 Brian Lock, Ramirezstad",INVALID_JSON_DATA,False,missing,4957765449,+998 95 776 54 49,Uzmobile,,,,,,,,,,,0,False,False,0,,,"0358 Brian Lock, Ramirezstad",Unknown,Unknown,Unknown
935,Sabrina Morrison,19,Male,,,North Jessica,enough,2023-06-10 19:02:00,DATA SCIENCE,110,active,37.0,excellent,200.0,1977-09-09 00:00:00,"BROKEN,ADDRESS,DATA,,,","{hobbies:['nation', 'Republican']}",False,invalid_format,,,,,,,,,,,,,,0,False,False,0,,,"BROKEN,ADDRESS,DATA,,,",Unknown,Unknown,Unknown
936,,22,FEMALE,85.0,,Lake Audreyville,someonegmail.com,1983-09-01 00:00:00,data science,72,active,2.16,average,61.0,1986-08-24 00:00:00,"Apartment 40, Danielview district, Tashkent, UZ, 100189","{'hobbies': ['rather', 'yourself'], 'skills': {'tech': {'python': 1, 'excel': 5, 'sql': 5}, 'soft': ['reason', 'speech']}, 'family': {'siblings': 4, 'income': {'father': 1439, 'mother': 1112}}, 'devices': [{'type': 'laptop', 'brand': 'HP', 'year': 2017}, {'type': 'phone', 'brand': 'Xiaomi', 'year': 2019}]}",False,invalid_format,,,,"rather, yourself",1.0,5.0,5.0,2.0,"reason, speech",4.0,1439.0,1112.0,2551.0,2,True,True,2019,"laptop, phone","HP, Xiaomi","Apartment 40, Danielview district, Tashkent, UZ, 100189",100189,Tashkent,Danielview
937,Tara Randolph,20,femlae,71.0,,New Timothyville,icummings@pierce.info,2019-09-30 10:22:00,DATA SCIENCE,83,inactive,,excellent,286.0,1995-05-24 06:26:00,"BROKEN,ADDRESS,DATA,,,",INVALID_JSON_DATA,True,valid,,,,,,,,,,,,,,0,False,False,0,,,"BROKEN,ADDRESS,DATA,,,",Unknown,Unknown,Unknown
938,Robert Jacobs,20,femlae,,(958)107-2357,Lamshire,,1977-01-20 00:00:00,Pyhton,110,inactive,15.5,good,15800.0,1986-08-10 00:00:00,"98665 Bell Cliffs Suite 152, Amandamouth",INVALID_JSON_DATA,False,missing,9581072357,+998 58 107 23 57,Unknown,,,,,,,,,,,0,False,False,0,,,"98665 Bell Cliffs Suite 152, Amandamouth",98665,Unknown,Unknown
939,,20,fmale,,747.198.5597,Melvinshire,someonegmail.com,1976-04-03 00:00:00,data_sciense,90,active,15.5,good,19700.0,2022-05-05 17:17:39,"8302 Ray Light, Caitlinborough","{""hobbies"": [""behind"", ""wonder""], ""skills"": {""tech"": {""python"": 5, ""excel"": 4, ""sql"": 5}, ""soft"": [""need"", ""station""]}, ""family"": {""siblings"": 3, ""income"": {""father"": 1062, ""mother"": 338}}, ""devices"": [{""type"": ""laptop"", ""brand"": ""HP"", ""year"": 2019}, {""type"": ""phone"", ""brand"": ""Xiaomi"", ""year"": 2024}]}",False,invalid_format,7471985597,+998 47 198 55 97,Unknown,"behind, wonder",5.0,4.0,5.0,2.0,"need, station",3.0,1062.0,338.0,1400.0,2,True,True,2024,"laptop, phone","HP, Xiaomi","8302 Ray Light, Caitlinborough",Unknown,Unknown,Unknown
940,,22,Male,92.0,,Bakerland,someonegmail.com,1993-10-13 00:00:00,data-sciens,110,active,-2.0,,230.0,2020-09-21 04:17:00,"BROKEN,ADDRESS,DATA,,,",INVALID_JSON_DATA,False,invalid_format,,,,,,,,,,,,,,0,False,False,0,,,"BROKEN,ADDRESS,DATA,,,",Unknown,Unknown,Unknown
941,Philip Miller,19,fmale,,,West Craigfurt,sarahrichardson@@hotmail.com,2010-11-20 00:00:00,Data Science,110,inactive,37.0,,7500.0,2016-01-31 15:58:00,UZ 100249 Tashkent Port Alicia,"{'hobbies': ['oil', 'research'], 'skills': {'tech': {'python': 1, 'excel': 2, 'sql': 2}, 'soft': ['project', 'cell']}, 'family': {'siblings': 4, 'income': {'father': 1361, 'mother': 488}}, 'devices': [{'type': 'laptop', 'brand': 'HP', 'year': 2024}, {'type': 'phone', 'brand': 'Samsung', 'year': 2020}]}",False,invalid_format,,,,"oil, research",1.0,2.0,2.0,2.0,"project, cell",4.0,1361.0,488.0,1849.0,2,True,True,2024,"laptop, phone","HP, Samsung",UZ 100249 Tashkent Port Alicia,100249,Tashkent,Unknown
942,Ann Wong,20,female,,,Lake Kenneth,?ali@@gmail..com,1970-02-01 00:00:00,Pyhton,110,pending,1.64,average,120.0,2007-04-22 00:00:00,"BROKEN,ADDRESS,DATA,,,","{'hobbies': ['possible', 'eight'], 'skills': {'tech': {'python': 5, 'excel': 4, 'sql': 2}, 'soft': ['simply', 'fire']}, 'family': {'siblings': 4, 'income': {'father': 724, 'mother': 659}}, 'devices': [{'type': 'laptop', 'brand': 'Dell', 'year': 2016}, {'type': 'phone', 'brand': 'Samsung', 'year': 2019}]}",False,invalid_format,,,,"possible, eight",5.0,4.0,2.0,2.0,"simply, fire",4.0,724.0,659.0,1383.0,2,True,True,2019,"laptop, phone","Dell, Samsung","BROKEN,ADDRESS,DATA,,,",Unknown,Unknown,Unknown
943,Rita Grimes,,Female,58.0,,Sydneyborough,?ali@@gmail..com,1986-02-18 00:00:00,ds,110,inactive,37.0,,187.0,1998-03-29 00:00:00,"BROKEN,ADDRESS,DATA,,,","{""hobbies"": [""computer"", ""technology""], ""skills"": {""tech"": {""python"": 5, ""excel"": 1, ""sql"": 2}, ""soft"": [""organization"", ""finish""]}, ""family"": {""siblings"": 4, ""income"": {""father"": 1485, ""mother"": 1227}}, ""devices"": [{""type"": ""laptop"", ""brand"": ""Lenovo"", ""year"": 2016}, {""type"": ""phone"", ""brand"": ""Samsung"", ""year"": 2022}]}",False,invalid_format,,,,"computer, technology",5.0,1.0,2.0,2.0,"organization, finish",4.0,1485.0,1227.0,2712.0,2,True,True,2022,"laptop, phone","Lenovo, Samsung","BROKEN,ADDRESS,DATA,,,",Unknown,Unknown,Unknown
944,,18,,69.0,,Maryhaven,,2022-04-22 23:43:48,data science,,inactive,,excellent,223.0,2010-07-09 00:00:00,"Apartment 31, Lake Megan district, Tashkent, UZ, 100435",INVALID_JSON_DATA,False,missing,,,,,,,,,,,,,,0,False,False,0,,,"Apartment 31, Lake Megan district, Tashkent, UZ, 100435",100435,Tashkent,Megan
945,,20,fmale,,879.617.4664x508,Hamptonstad,phone,2013-02-06 22:37:00,data_sciense,93,pending,,,231.0,1994-09-15 00:00:00,"Apartment 13, Pennyland district, Tashkent, UZ, 100302","{""hobbies"": [""class"", ""father""], ""skills"": {""tech"": {""python"": 3, ""excel"": 5, ""sql"": 5}, ""soft"": [""let"", ""watch""]}, ""family"": {""siblings"": 4, ""income"": {""father"": 532, ""mother"": 848}}, ""devices"": [{""type"": ""laptop"", ""brand"": ""HP"", ""year"": 2016}, {""type"": ""phone"", ""brand"": ""Samsung"", ""year"": 2024}]}",False,invalid_format,8796174664508,+998 17 466 45 08,Unknown,"class, father",3.0,5.0,5.0,2.0,"let, watch",4.0,532.0,848.0,1380.0,2,True,True,2024,"laptop, phone","HP, Samsung","Apartment 13, Pennyland district, Tashkent, UZ, 100302",100302,Tashkent,Pennyland
946,Rebecca Archer,22,female,84.0,+1-263-938-9573x063,East Teresa,,2021-03-22 13:50:59,data science,110,active,15.5,excellent,222.0,2009-08-21 00:00:00,"BROKEN,ADDRESS,DATA,,,","{hobbies:['will', 'enter']}",False,missing,12639389573063,+998 38 957 30 63,Unknown,,,,,,,,,,,0,False,False,0,,,"BROKEN,ADDRESS,DATA,,,",Unknown,Unknown,Unknown
947,Ann Hayes,20,fmale,,,Gordonport,,2023-09-04 15:35:07,DATA SCIENCE,67,active,-2.0,excellent,185.0,2015-10-22 00:00:00,"Apartment 44, North Philip district, Tashkent, UZ, 100111","{'hobbies': ['single', 'player'], 'skills': {'tech': {'python': 4, 'excel': 3, 'sql': 1}, 'soft': ['trade', 'score']}, 'family': {'siblings': 3, 'income': {'father': 1475, 'mother': 1225}}, 'devices': [{'type': 'laptop', 'brand': 'HP', 'year': 2024}, {'type': 'phone', 'brand': 'Xiaomi', 'year': 2022}]}",False,missing,,,,"single, player",4.0,3.0,1.0,2.0,"trade, score",3.0,1475.0,1225.0,2700.0,2,True,True,2024,"laptop, phone","HP, Xiaomi","Apartment 44, North Philip district, Tashkent, UZ, 100111",100111,Tashkent,Philip
948,Thomas Harris,20,FEMALE,,,Port Phyllis,,1993-01-05 20:29:39,Data Science,,active,-2.0,,272.0,2021-07-30 09:01:57,"BROKEN,ADDRESS,DATA,,,","{hobbies:['true', 'discuss']}",False,missing,,,,,,,,,,,,,,0,False,False,0,,,"BROKEN,ADDRESS,DATA,,,",Unknown,Unknown,Unknown
949,Theresa Jordan,,femlae,60.0,001-445-828-0575,Lake Jeremy,someonegmail.com,1978-01-01 00:00:00,data science,105,pending,15.5,excellent,145.0,2004-05-26 20:30:10,"BROKEN,ADDRESS,DATA,,,","{'hobbies': ['baby', 'rule'], 'skills': {'tech': {'python': 5, 'excel': 1, 'sql': 3}, 'soft': ['apply', 'on']}, 'family': {'siblings': 2, 'income': {'father': 573, 'mother': 1228}}, 'devices': [{'type': 'laptop', 'brand': 'HP', 'year': 2015}, {'type': 'phone', 'brand': 'Samsung', 'year': 2022}]}",False,invalid_format,0014458280575,+998 45 828 05 75,Unknown,"baby, rule",5.0,1.0,3.0,2.0,"apply, on",2.0,573.0,1228.0,1801.0,2,True,True,2022,"laptop, phone","HP, Samsung","BROKEN,ADDRESS,DATA,,,",Unknown,Unknown,Unknown
950,Jason Smith,20,femlae,,+1-757-243-5588,Leemouth,from,2010-11-02 15:29:00,data science,110,inactive,0.0,excellent,66.0,1982-10-15 00:00:00,"West Davidmouth 11-kv, dom 27, Tashkent","{'hobbies': ['real', 'wind'], 'skills': {'tech': {'python': 4, 'excel': 3, 'sql': 1}, 'soft': ['teacher', 'network']}, 'family': {'siblings': 3, 'income': {'father': 1485, 'mother': 1174}}, 'devices': [{'type': 'laptop', 'brand': 'HP', 'year': 2017}, {'type': 'phone', 'brand': 'Apple', 'year': 2019}]}",False,invalid_format,17572435588,+998 57 243 55 88,Unknown,"real, wind",4.0,3.0,1.0,2.0,"teacher, network",3.0,1485.0,1174.0,2659.0,2,True,True,2019,"laptop, phone","HP, Apple","West Davidmouth 11-kv, dom 27, Tashkent",Unknown,Tashkent,Unknown
951,Robert Poole,,fmale,,078-106-8230x4943,West Lucas,?ali@@gmail..com,2010-06-23 00:00:00,DATA SCIENCE,110,inactive,,,7500.0,2021-08-17 14:51:56,"BROKEN,ADDRESS,DATA,,,",INVALID_JSON_DATA,False,invalid_format,07810682304943,+998 68 230 49 43,Unknown,,,,,,,,,,,0,False,False,0,,,"BROKEN,ADDRESS,DATA,,,",Unknown,Unknown,Unknown
952,Brittany Jackson,,,77.0,387-793-3845x630,Dianeberg,someonegmail.com,1987-01-20 00:00:00,Data Science,,active,37.0,,245.0,1997-11-30 11:37:00,"BROKEN,ADDRESS,DATA,,,","{""hobbies"": [""send"", ""our""], ""skills"": {""tech"": {""python"": 1, ""excel"": 5, ""sql"": 5}, ""soft"": [""environment"", ""action""]}, ""family"": {""siblings"": 0, ""income"": {""father"": 922, ""mother"": 1459}}, ""devices"": [{""type"": ""laptop"", ""brand"": ""Lenovo"", ""year"": 2016}, {""type"": ""phone"", ""brand"": ""Samsung"", ""year"": 2021}]}",False,invalid_format,3877933845630,+998 93 384 56 30,Ucell,"send, our",1.0,5.0,5.0,2.0,"environment, action",0.0,922.0,1459.0,2381.0,2,True,True,2021,"laptop, phone","Lenovo, Samsung","BROKEN,ADDRESS,DATA,,,",Unknown,Unknown,Unknown
953,Sheila Hansen,,male,85.0,,Estesmouth,nsummers@@wood.net,1989-12-21 21:59:49,d.s.,110,inactive,15.5,good,18500.0,2013-08-12 20:32:00,UZ 100069 Tashkent East James,INVALID_JSON_DATA,False,invalid_format,,,,,,,,,,,,,,0,False,False,0,,,UZ 100069 Tashkent East James,100069,Tashkent,Unknown
954,Amanda Mullins,19,Female,,,West Ashley,,2013-11-17 00:00:00,d.s.,110,pending,,,254.0,1980-02-03 00:00:00,"Apartment 13, West Nicholas district, Tashkent, UZ, 100505","{hobbies:['nearly', 'partner']}",False,missing,,,,,,,,,,,,,,0,False,False,0,,,"Apartment 13, West Nicholas district, Tashkent, UZ, 100505",100505,Tashkent,Nicholas
955,Desiree Wade,20,Male,54.0,,Liushire,say,2012-04-14 00:00:00,DATA SCIENCE,78,active,2.89,excellent,120.0,2009-02-27 00:00:00,"East Susan 21-kv, dom 38, Tashkent","{""hobbies"": [""far"", ""half""], ""skills"": {""tech"": {""python"": 2, ""excel"": 1, ""sql"": 3}, ""soft"": [""evidence"", ""get""]}, ""family"": {""siblings"": 3, ""income"": {""father"": 845, ""mother"": 1126}}, ""devices"": [{""type"": ""laptop"", ""brand"": ""Dell"", ""year"": 2018}, {""type"": ""phone"", ""brand"": ""Xiaomi"", ""year"": 2021}]}",False,invalid_format,,,,"far, half",2.0,1.0,3.0,2.0,"evidence, get",3.0,845.0,1126.0,1971.0,2,True,True,2021,"laptop, phone","Dell, Xiaomi","East Susan 21-kv, dom 38, Tashkent",Unknown,Tashkent,Unknown
956,Ashley Scott,19,female,81.0,+1-803-752-6910x3743,Darrellmouth,thomas01@yahoo.com,2012-08-26 00:00:00,data science,,pending,,average,64.0,2021-04-02 00:00:00,UZ 100730 Tashkent Lake April,"{""hobbies"": [""again"", ""plan""], ""skills"": {""tech"": {""python"": 1, ""excel"": 5, ""sql"": 2}, ""soft"": [""experience"", ""develop""]}, ""family"": {""siblings"": 2, ""income"": {""father"": 1417, ""mother"": 558}}, ""devices"": [{""type"": ""laptop"", ""brand"": ""Lenovo"", ""year"": 2018}, {""type"": ""phone"", ""brand"": ""Xiaomi"", ""year"": 2022}]}",True,valid,180375269103743,+998 26 910 37 43,Unknown,"again, plan",1.0,5.0,2.0,2.0,"experience, develop",2.0,1417.0,558.0,1975.0,2,True,True,2022,"laptop, phone","Lenovo, Xiaomi",UZ 100730 Tashkent Lake April,100730,Tashkent,Unknown
957,Mrs. Erica Wright DVM,,MALE,84.0,001-231-625-1591x35321,East Patricia,along,2002-04-30 00:00:00,Pyhton,76,inactive,2.41,excellent,88.0,1984-05-09 00:00:00,"BROKEN,ADDRESS,DATA,,,","{""hobbies"": [""tell"", ""late""], ""skills"": {""tech"": {""python"": 5, ""excel"": 1, ""sql"": 1}, ""soft"": [""paper"", ""according""]}, ""family"": {""siblings"": 4, ""income"": {""father"": 992, ""mother"": 945}}, ""devices"": [{""type"": ""laptop"", ""brand"": ""Dell"", ""year"": 2023}, {""type"": ""phone"", ""brand"": ""Apple"", ""year"": 2021}]}",False,invalid_format,001231625159135321,+998 15 913 53 21,Unknown,"tell, late",5.0,1.0,1.0,2.0,"paper, according",4.0,992.0,945.0,1937.0,2,True,True,2023,"laptop, phone","Dell, Apple","BROKEN,ADDRESS,DATA,,,",Unknown,Unknown,Unknown
958,Daniel Delacruz,,Male,93.0,928.634.5122x803,South Christopherland,someonegmail.com,1971-06-24 00:00:00,data-sciens,80,pending,-2.0,excellent,157.0,1977-02-25 00:00:00,"7424 Dawn Crossroad Apt. 545, Williamsmouth","{""hobbies"": [""good"", ""which""], ""skills"": {""tech"": {""python"": 3, ""excel"": 4, ""sql"": 1}, ""soft"": [""social"", ""live""]}, ""family"": {""siblings"": 1, ""income"": {""father"": 982, ""mother"": 308}}, ""devices"": [{""type"": ""laptop"", ""brand"": ""Dell"", ""year"": 2019}, {""type"": ""phone"", ""brand"": ""Xiaomi"", ""year"": 2024}]}",False,invalid_format,9286345122803,+998 34 512 28 03,Unknown,"good, which",3.0,4.0,1.0,2.0,"social, live",1.0,982.0,308.0,1290.0,2,True,True,2024,"laptop, phone","Dell, Xiaomi","7424 Dawn Crossroad Apt. 545, Williamsmouth",Unknown,Unknown,Unknown
959,Jasmine Miller,18,,70.0,,Lisaburgh,sarah07@gmail.com,2010-06-22 00:00:00,data science,,inactive,37.0,excellent,173.0,1978-08-07 07:15:00,"Evanshaven 13-kv, dom 18, Tashkent","{'hobbies': ['able', 'operation'], 'skills': {'tech': {'python': 3, 'excel': 2, 'sql': 5}, 'soft': ['after', 'thing']}, 'family': {'siblings': 0, 'income': {'father': 500, 'mother': 1493}}, 'devices': [{'type': 'laptop', 'brand': 'HP', 'year': 2023}, {'type': 'phone', 'brand': 'Apple', 'year': 2024}]}",True,valid,,,,"able, operation",3.0,2.0,5.0,2.0,"after, thing",0.0,500.0,1493.0,1993.0,2,True,True,2024,"laptop, phone","HP, Apple","Evanshaven 13-kv, dom 18, Tashkent",Unknown,Tashkent,Unknown
960,Valerie Cervantes,18,FEMALE,,,Hansenport,osullivan@yahoo.com,2014-03-07 00:00:00,data_sciense,110,active,1.41,excellent,124.0,1991-09-27 00:00:00,"Apartment 6, Moniquefurt district, Tashkent, UZ, 100111","{""hobbies"": [""artist"", ""give""], ""skills"": {""tech"": {""python"": 2, ""excel"": 2, ""sql"": 2}, ""soft"": [""conference"", ""probably""]}, ""family"": {""siblings"": 0, ""income"": {""father"": 1179, ""mother"": 773}}, ""devices"": [{""type"": ""laptop"", ""brand"": ""HP"", ""year"": 2018}, {""type"": ""phone"", ""brand"": ""Samsung"", ""year"": 2022}]}",True,valid,,,,"artist, give",2.0,2.0,2.0,2.0,"conference, probably",0.0,1179.0,773.0,1952.0,2,True,True,2022,"laptop, phone","HP, Samsung","Apartment 6, Moniquefurt district, Tashkent, UZ, 100111",100111,Tashkent,Moniquefurt
961,,20,male,91.0,(568)254-6200x07184,Jonestown,someonegmail.com,2021-05-16 12:42:06,data_sciense,64,pending,,average,133.0,2021-02-02 06:59:15,"Apartment 44, Andreafort district, Tashkent, UZ, 100038","{""hobbies"": [""soldier"", ""interesting""], ""skills"": {""tech"": {""python"": 1, ""excel"": 3, ""sql"": 1}, ""soft"": [""computer"", ""after""]}, ""family"": {""siblings"": 2, ""income"": {""father"": 621, ""mother"": 242}}, ""devices"": [{""type"": ""laptop"", ""brand"": ""Lenovo"", ""year"": 2020}, {""type"": ""phone"", ""brand"": ""Samsung"", ""year"": 2018}]}",False,invalid_format,568254620007184,+998 62 000 71 84,Unknown,"soldier, interesting",1.0,3.0,1.0,2.0,"computer, after",2.0,621.0,242.0,863.0,2,True,True,2020,"laptop, phone","Lenovo, Samsung","Apartment 44, Andreafort district, Tashkent, UZ, 100038",100038,Tashkent,Andreafort
962,,,femlae,94.0,719.332.8005x82636,Jamesport,raven66@williams.info,1998-02-10 00:16:50,data-sciens,110,inactive,37.0,excellent,263.0,2020-10-11 23:20:30,"14283 Jillian Pine Suite 363, Gibsonchester","{'hobbies': ['fact', 'exactly'], 'skills': {'tech': {'python': 3, 'excel': 3, 'sql': 5}, 'soft': ['will', 'prepare']}, 'family': {'siblings': 1, 'income': {'father': 1444, 'mother': 1181}}, 'devices': [{'type': 'laptop', 'brand': 'HP', 'year': 2024}, {'type': 'phone', 'brand': 'Samsung', 'year': 2022}]}",True,valid,719332800582636,+998 80 058 26 36,Unknown,"fact, exactly",3.0,3.0,5.0,2.0,"will, prepare",1.0,1444.0,1181.0,2625.0,2,True,True,2024,"laptop, phone","HP, Samsung","14283 Jillian Pine Suite 363, Gibsonchester",14283,Unknown,Unknown
963,Steven Knight,22,female,51.0,(454)199-9513,North Samantha,smithjoseph@gmail.com,2018-03-28 00:00:00,data-sciens,,pending,1.35,excellent,24300.0,2017-05-23 00:00:00,"Olsonbury 8-kv, dom 16, Tashkent","{""hobbies"": [""technology"", ""long""], ""skills"": {""tech"": {""python"": 1, ""excel"": 3, ""sql"": 5}, ""soft"": [""happen"", ""activity""]}, ""family"": {""siblings"": 2, ""income"": {""father"": 1418, ""mother"": 825}}, ""devices"": [{""type"": ""laptop"", ""brand"": ""Dell"", ""year"": 2022}, {""type"": ""phone"", ""brand"": ""Samsung"", ""year"": 2018}]}",True,valid,4541999513,+998 54 199 95 13,Unknown,"technology, long",1.0,3.0,5.0,2.0,"happen, activity",2.0,1418.0,825.0,2243.0,2,True,True,2022,"laptop, phone","Dell, Samsung","Olsonbury 8-kv, dom 16, Tashkent",Unknown,Tashkent,Unknown
964,,22,femlae,76.0,422.908.8874,North Michaelstad,someonegmail.com,1983-09-07 00:00:00,data science,110,inactive,,excellent,237.0,1997-10-09 00:00:00,"Edwardtown 22-kv, dom 5, Tashkent",INVALID_JSON_DATA,False,invalid_format,4229088874,+998 22 908 88 74,Unknown,,,,,,,,,,,0,False,False,0,,,"Edwardtown 22-kv, dom 5, Tashkent",Unknown,Tashkent,Unknown
965,Laura Rhodes,20,fmale,98.0,3203925508,New Joe,,1970-03-11 03:21:00,ds,,active,,excellent,229.0,1996-11-23 14:42:00,UZ 100945 Tashkent South Glen,INVALID_JSON_DATA,False,missing,3203925508,+998 20 392 55 08,Unknown,,,,,,,,,,,0,False,False,0,,,UZ 100945 Tashkent South Glen,100945,Tashkent,Unknown
966,,,Male,,001-706-232-6552,New Dianebury,someonegmail.com,2015-04-26 00:00:00,data science,110,inactive,0.0,average,201.0,1979-03-05 18:41:01,"New Jonathanfort 22-kv, dom 35, Tashkent","{'hobbies': ['fear', 'section'], 'skills': {'tech': {'python': 2, 'excel': 1, 'sql': 1}, 'soft': ['goal', 'short']}, 'family': {'siblings': 1, 'income': {'father': 606, 'mother': 676}}, 'devices': [{'type': 'laptop', 'brand': 'Dell', 'year': 2018}, {'type': 'phone', 'brand': 'Xiaomi', 'year': 2022}]}",False,invalid_format,0017062326552,+998 06 232 65 52,Unknown,"fear, section",2.0,1.0,1.0,2.0,"goal, short",1.0,606.0,676.0,1282.0,2,True,True,2022,"laptop, phone","Dell, Xiaomi","New Jonathanfort 22-kv, dom 35, Tashkent",Unknown,Tashkent,Unknown
967,,,MALE,68.0,001-541-406-2379x0056,New Alexander,richardsnicholas@@parker.com,1994-05-26 12:16:00,Data Science,63,inactive,,good,179.0,1976-01-09 19:59:08,"Apartment 8, New Cynthia district, Tashkent, UZ, 100877","{'hobbies': ['run', 'without'], 'skills': {'tech': {'python': 4, 'excel': 5, 'sql': 2}, 'soft': ['day', 'he']}, 'family': {'siblings': 4, 'income': {'father': 888, 'mother': 647}}, 'devices': [{'type': 'laptop', 'brand': 'Lenovo', 'year': 2023}, {'type': 'phone', 'brand': 'Xiaomi', 'year': 2023}]}",False,invalid_format,00154140623790056,+998 62 379 00 56,Unknown,"run, without",4.0,5.0,2.0,2.0,"day, he",4.0,888.0,647.0,1535.0,2,True,True,2023,"laptop, phone","Lenovo, Xiaomi","Apartment 8, New Cynthia district, Tashkent, UZ, 100877",100877,Tashkent,Cynthia
968,Patricia Young,,Male,67.0,+1-817-734-5117,Savannahmouth,,1997-11-26 11:56:00,DATA SCIENCE,,pending,37.0,,159.0,1977-02-16 00:00:00,"BROKEN,ADDRESS,DATA,,,","{'hobbies': ['who', 'quickly'], 'skills': {'tech': {'python': 1, 'excel': 2, 'sql': 2}, 'soft': ['white', 'these']}, 'family': {'siblings': 1, 'income': {'father': 1116, 'mother': 1181}}, 'devices': [{'type': 'laptop', 'brand': 'HP', 'year': 2020}, {'type': 'phone', 'brand': 'Apple', 'year': 2018}]}",False,missing,18177345117,+998 17 734 51 17,Unknown,"who, quickly",1.0,2.0,2.0,2.0,"white, these",1.0,1116.0,1181.0,2297.0,2,True,True,2020,"laptop, phone","HP, Apple","BROKEN,ADDRESS,DATA,,,",Unknown,Unknown,Unknown
969,Juan Johnson,21,fmale,,044-983-9164,Mcleanchester,tiffany97@@underwood.com,2025-02-10 00:00:00,Pyhton,89,inactive,0.0,,245.0,2001-04-27 00:00:00,"BROKEN,ADDRESS,DATA,,,","{'hobbies': ['country', 'main'], 'skills': {'tech': {'python': 5, 'excel': 4, 'sql': 2}, 'soft': ['police', 'either']}, 'family': {'siblings': 5, 'income': {'father': 252, 'mother': 626}}, 'devices': [{'type': 'laptop', 'brand': 'Lenovo', 'year': 2021}, {'type': 'phone', 'brand': 'Apple', 'year': 2018}]}",False,invalid_format,0449839164,+998 44 983 91 64,Unknown,"country, main",5.0,4.0,2.0,2.0,"police, either",5.0,252.0,626.0,878.0,2,True,True,2021,"laptop, phone","Lenovo, Apple","BROKEN,ADDRESS,DATA,,,",Unknown,Unknown,Unknown
970,,,femlae,,(573)817-2792,Lake Brittneyburgh,steven18@yahoo.com,2021-12-09 06:05:57,data-sciens,83,active,15.5,average,6700.0,2016-05-31 00:00:00,"Apartment 19, Morganburgh district, Tashkent, UZ, 100859",INVALID_JSON_DATA,True,valid,5738172792,+998 73 817 27 92,Unknown,,,,,,,,,,,0,False,False,0,,,"Apartment 19, Morganburgh district, Tashkent, UZ, 100859",100859,Tashkent,Morganburgh
971,,,fmale,,(972)776-8849,Valeriemouth,really,2017-02-28 18:52:00,data science,,active,0.0,excellent,57.0,2002-03-29 14:18:29,UZ 100597 Tashkent Florestown,INVALID_JSON_DATA,False,invalid_format,9727768849,+998 72 776 88 49,Unknown,,,,,,,,,,,0,False,False,0,,,UZ 100597 Tashkent Florestown,100597,Tashkent,Unknown
972,Patty Cortez,19,FEMALE,,001-087-466-9864,Stephanieberg,jongarcia@yahoo.com,2013-12-10 00:00:00,DATA SCIENCE,,active,15.5,,117.0,2007-06-19 04:46:47,UZ 100171 Tashkent New Jefferystad,"{""hobbies"": [""something"", ""grow""], ""skills"": {""tech"": {""python"": 4, ""excel"": 2, ""sql"": 4}, ""soft"": [""another"", ""sing""]}, ""family"": {""siblings"": 1, ""income"": {""father"": 1487, ""mother"": 547}}, ""devices"": [{""type"": ""laptop"", ""brand"": ""HP"", ""year"": 2023}, {""type"": ""phone"", ""brand"": ""Apple"", ""year"": 2024}]}",True,valid,0010874669864,+998 87 466 98 64,Unknown,"something, grow",4.0,2.0,4.0,2.0,"another, sing",1.0,1487.0,547.0,2034.0,2,True,True,2024,"laptop, phone","HP, Apple",UZ 100171 Tashkent New Jefferystad,100171,Tashkent,Unknown
973,,22,MALE,,(978)581-2834,Crystalbury,she,2019-03-01 12:08:03,python,87,inactive,37.0,excellent,246.0,2011-02-18 10:42:00,UZ 100511 Tashkent West Ericafurt,INVALID_JSON_DATA,False,invalid_format,9785812834,+998 78 581 28 34,Unknown,,,,,,,,,,,0,False,False,0,,,UZ 100511 Tashkent West Ericafurt,100511,Tashkent,Unknown
974,,,,,,Lake Emmamouth,someonegmail.com,2012-05-06 00:00:00,python,76,pending,37.0,average,193.0,1994-11-02 09:21:00,"48540 Teresa Walk Suite 843, Jenkinshaven",INVALID_JSON_DATA,False,invalid_format,,,,,,,,,,,,,,0,False,False,0,,,"48540 Teresa Walk Suite 843, Jenkinshaven",48540,Unknown,Unknown
975,,,,74.0,,Baileyside,,2006-04-02 16:13:00,data-sciens,110,active,0.0,,116.0,1973-03-04 00:48:22,UZ 100834 Tashkent Wilsonfurt,"{'hobbies': ['industry', 'face'], 'skills': {'tech': {'python': 1, 'excel': 1, 'sql': 3}, 'soft': ['hour', 'show']}, 'family': {'siblings': 4, 'income': {'father': 364, 'mother': 1242}}, 'devices': [{'type': 'laptop', 'brand': 'Lenovo', 'year': 2020}, {'type': 'phone', 'brand': 'Samsung', 'year': 2023}]}",False,missing,,,,"industry, face",1.0,1.0,3.0,2.0,"hour, show",4.0,364.0,1242.0,1606.0,2,True,True,2023,"laptop, phone","Lenovo, Samsung",UZ 100834 Tashkent Wilsonfurt,100834,Tashkent,Unknown
976,,,femlae,,,New Vincentfurt,seem,2022-08-12 15:18:40,Data Science,,active,,,147.0,2021-03-29 05:08:35,"Apartment 6, West Patriciaborough district, Tashkent, UZ, 100253","{hobbies:['do', 'they']}",False,invalid_format,,,,,,,,,,,,,,0,False,False,0,,,"Apartment 6, West Patriciaborough district, Tashkent, UZ, 100253",100253,Tashkent,Patriciaborough
977,Dana Williams,20,female,93.0,443-145-5738x7527,Port Andrea,,2022-11-23 21:21:09,Pyhton,113,inactive,2.97,average,174.0,1971-06-07 00:00:00,"Apartment 30, Port Jamesland district, Tashkent, UZ, 100655","{'hobbies': ['concern', 'PM'], 'skills': {'tech': {'python': 4, 'excel': 5, 'sql': 5}, 'soft': ['summer', 'option']}, 'family': {'siblings': 2, 'income': {'father': 627, 'mother': 413}}, 'devices': [{'type': 'laptop', 'brand': 'Dell', 'year': 2020}, {'type': 'phone', 'brand': 'Xiaomi', 'year': 2022}]}",False,missing,44314557387527,+998 55 738 75 27,Unknown,"concern, PM",4.0,5.0,5.0,2.0,"summer, option",2.0,627.0,413.0,1040.0,2,True,True,2022,"laptop, phone","Dell, Xiaomi","Apartment 30, Port Jamesland district, Tashkent, UZ, 100655",100655,Tashkent,Jamesland
978,,20,male,63.0,,East Stephanie,scott37@gmail.com,2020-12-16 12:38:51,data science,110,active,,excellent,152.0,2021-04-22 16:11:45,"253 Hamilton Drives Apt. 911, South Kelsey","{hobbies:['bag', 'go']}",True,valid,,,,,,,,,,,,,,0,False,False,0,,,"253 Hamilton Drives Apt. 911, South Kelsey",Unknown,Unknown,Unknown
979,Susan Flowers,18,Female,73.0,(079)125-7590x717,Michaelchester,someonegmail.com,2021-04-15 16:46:07,data-sciens,,active,1.5,,282.0,1976-07-16 00:00:00,"BROKEN,ADDRESS,DATA,,,","{'hobbies': ['teacher', 'rate'], 'skills': {'tech': {'python': 4, 'excel': 5, 'sql': 1}, 'soft': ['memory', 'cultural']}, 'family': {'siblings': 1, 'income': {'father': 975, 'mother': 892}}, 'devices': [{'type': 'laptop', 'brand': 'Lenovo', 'year': 2021}, {'type': 'phone', 'brand': 'Xiaomi', 'year': 2018}]}",False,invalid_format,0791257590717,+998 25 759 07 17,Unknown,"teacher, rate",4.0,5.0,1.0,2.0,"memory, cultural",1.0,975.0,892.0,1867.0,2,True,True,2021,"laptop, phone","Lenovo, Xiaomi","BROKEN,ADDRESS,DATA,,,",Unknown,Unknown,Unknown
980,John Reed,18,MALE,56.0,,Cookstad,bryan28@@stephenson.com,2017-09-21 00:00:00,d.s.,90,inactive,15.5,average,231.0,2016-01-28 00:00:00,"BROKEN,ADDRESS,DATA,,,","{'hobbies': ['career', 'term'], 'skills': {'tech': {'python': 5, 'excel': 1, 'sql': 5}, 'soft': ['appear', 'body']}, 'family': {'siblings': 2, 'income': {'father': 1487, 'mother': 1460}}, 'devices': [{'type': 'laptop', 'brand': 'Dell', 'year': 2019}, {'type': 'phone', 'brand': 'Apple', 'year': 2020}]}",False,invalid_format,,,,"career, term",5.0,1.0,5.0,2.0,"appear, body",2.0,1487.0,1460.0,2947.0,2,True,True,2020,"laptop, phone","Dell, Apple","BROKEN,ADDRESS,DATA,,,",Unknown,Unknown,Unknown
981,David Price,20,MALE,,,South Shawn,mention,2022-09-29 00:00:00,d.s.,,active,,excellent,74.0,2021-11-17 00:00:00,"Apartment 28, Heatherville district, Tashkent, UZ, 100202","{'hobbies': ['themselves', 'work'], 'skills': {'tech': {'python': 1, 'excel': 1, 'sql': 1}, 'soft': ['third', 'radio']}, 'family': {'siblings': 3, 'income': {'father': 1229, 'mother': 563}}, 'devices': [{'type': 'laptop', 'brand': 'Dell', 'year': 2021}, {'type': 'phone', 'brand': 'Xiaomi', 'year': 2019}]}",False,invalid_format,,,,"themselves, work",1.0,1.0,1.0,2.0,"third, radio",3.0,1229.0,563.0,1792.0,2,True,True,2021,"laptop, phone","Dell, Xiaomi","Apartment 28, Heatherville district, Tashkent, UZ, 100202",100202,Tashkent,Heatherville
982,Richard Stewart,20,Male,,+1-944-166-3388x7441,West Brett,someonegmail.com,1996-01-08 01:46:36,Data Science,85,pending,3.76,average,252.0,1984-07-16 22:14:00,"08244 Richard Hill, Juliaburgh","{""hobbies"": [""store"", ""over""], ""skills"": {""tech"": {""python"": 4, ""excel"": 5, ""sql"": 2}, ""soft"": [""force"", ""its""]}, ""family"": {""siblings"": 1, ""income"": {""father"": 593, ""mother"": 1029}}, ""devices"": [{""type"": ""laptop"", ""brand"": ""Dell"", ""year"": 2016}, {""type"": ""phone"", ""brand"": ""Apple"", ""year"": 2019}]}",False,invalid_format,194416633887441,+998 63 388 74 41,Unknown,"store, over",4.0,5.0,2.0,2.0,"force, its",1.0,593.0,1029.0,1622.0,2,True,True,2019,"laptop, phone","Dell, Apple","08244 Richard Hill, Juliaburgh",08244,Unknown,Unknown
983,Heather Morton,21,Female,,,East Blakeburgh,ashleyhardy@hotmail.com,1983-12-16 00:00:00,ds,110,pending,0.0,,17000.0,1978-10-14 00:00:00,"BROKEN,ADDRESS,DATA,,,","{""hobbies"": [""beat"", ""order""], ""skills"": {""tech"": {""python"": 2, ""excel"": 5, ""sql"": 1}, ""soft"": [""crime"", ""need""]}, ""family"": {""siblings"": 3, ""income"": {""father"": 1163, ""mother"": 833}}, ""devices"": [{""type"": ""laptop"", ""brand"": ""Lenovo"", ""year"": 2023}, {""type"": ""phone"", ""brand"": ""Samsung"", ""year"": 2021}]}",True,valid,,,,"beat, order",2.0,5.0,1.0,2.0,"crime, need",3.0,1163.0,833.0,1996.0,2,True,True,2023,"laptop, phone","Lenovo, Samsung","BROKEN,ADDRESS,DATA,,,",Unknown,Unknown,Unknown
984,Thomas Camacho,18,femlae,63.0,+1-835-010-3376x51483,East Apriltown,kristina81@barr-morgan.biz,2012-05-13 00:00:00,DATA SCIENCE,79,pending,,excellent,227.0,1980-11-17 00:00:00,UZ 100095 Tashkent East Erinburgh,"{'hobbies': ['create', 'degree'], 'skills': {'tech': {'python': 2, 'excel': 5, 'sql': 2}, 'soft': ['mother', 'late']}, 'family': {'siblings': 4, 'income': {'father': 588, 'mother': 1100}}, 'devices': [{'type': 'laptop', 'brand': 'HP', 'year': 2016}, {'type': 'phone', 'brand': 'Apple', 'year': 2022}]}",True,valid,1835010337651483,+998 33 765 14 83,Unknown,"create, degree",2.0,5.0,2.0,2.0,"mother, late",4.0,588.0,1100.0,1688.0,2,True,True,2022,"laptop, phone","HP, Apple",UZ 100095 Tashkent East Erinburgh,100095,Tashkent,Unknown
985,,,,,990.062.6664x003,North Dawnstad,paul87@@miller.biz,2021-03-12 00:00:00,ds,110,active,-2.0,excellent,128.0,1998-12-04 18:51:00,"Apartment 11, Natalietown district, Tashkent, UZ, 100409","{hobbies:['morning', 'production']}",False,invalid_format,9900626664003,+998 62 666 40 03,Unknown,,,,,,,,,,,0,False,False,0,,,"Apartment 11, Natalietown district, Tashkent, UZ, 100409",100409,Tashkent,Natalietown
986,,20,male,,287.772.4324x8257,Murrayfort,,2019-08-09 01:16:30,d.s.,110,active,15.5,excellent,108.0,2023-09-24 02:38:22,UZ 100367 Tashkent New Annton,"{'hobbies': ['reveal', 'fund'], 'skills': {'tech': {'python': 1, 'excel': 3, 'sql': 1}, 'soft': ['wrong', 'finally']}, 'family': {'siblings': 5, 'income': {'father': 768, 'mother': 329}}, 'devices': [{'type': 'laptop', 'brand': 'Lenovo', 'year': 2021}, {'type': 'phone', 'brand': 'Apple', 'year': 2023}]}",False,missing,28777243248257,+998 24 324 82 57,Unknown,"reveal, fund",1.0,3.0,1.0,2.0,"wrong, finally",5.0,768.0,329.0,1097.0,2,True,True,2023,"laptop, phone","Lenovo, Apple",UZ 100367 Tashkent New Annton,100367,Tashkent,Unknown
987,Kathy Smith,,male,,,South Katherineton,must,2021-01-15 00:00:00,Pyhton,110,inactive,-2.0,,14900.0,1994-05-15 10:14:57,"Andersonville 26-kv, dom 42, Tashkent","{'hobbies': ['up', 'quality'], 'skills': {'tech': {'python': 2, 'excel': 1, 'sql': 4}, 'soft': ['almost', 'offer']}, 'family': {'siblings': 1, 'income': {'father': 1030, 'mother': 1243}}, 'devices': [{'type': 'laptop', 'brand': 'HP', 'year': 2020}, {'type': 'phone', 'brand': 'Samsung', 'year': 2022}]}",False,invalid_format,,,,"up, quality",2.0,1.0,4.0,2.0,"almost, offer",1.0,1030.0,1243.0,2273.0,2,True,True,2022,"laptop, phone","HP, Samsung","Andersonville 26-kv, dom 42, Tashkent",Unknown,Tashkent,Unknown
988,,,female,,,Tammymouth,alisoncohen@gmail.com,2022-06-14 07:31:04,data_sciense,67,pending,-2.0,excellent,97.0,2021-12-23 18:06:47,"38142 Price Shoals Suite 938, Port Kevintown","{'hobbies': ['main', 'sister'], 'skills': {'tech': {'python': 1, 'excel': 1, 'sql': 5}, 'soft': ['worker', 'charge']}, 'family': {'siblings': 3, 'income': {'father': 519, 'mother': 425}}, 'devices': [{'type': 'laptop', 'brand': 'Lenovo', 'year': 2020}, {'type': 'phone', 'brand': 'Xiaomi', 'year': 2020}]}",True,valid,,,,"main, sister",1.0,1.0,5.0,2.0,"worker, charge",3.0,519.0,425.0,944.0,2,True,True,2020,"laptop, phone","Lenovo, Xiaomi","38142 Price Shoals Suite 938, Port Kevintown",38142,Unknown,Unknown
989,Robert Knight,22,FEMALE,88.0,001-662-166-1550x062,Micheleshire,interesting,2024-04-05 00:00:00,data-sciens,110,pending,,average,215.0,2005-10-30 00:00:00,"7190 Myers Loaf Apt. 911, Dennisville","{""hobbies"": [""similar"", ""seem""], ""skills"": {""tech"": {""python"": 3, ""excel"": 2, ""sql"": 3}, ""soft"": [""resource"", ""performance""]}, ""family"": {""siblings"": 0, ""income"": {""father"": 774, ""mother"": 1169}}, ""devices"": [{""type"": ""laptop"", ""brand"": ""HP"", ""year"": 2023}, {""type"": ""phone"", ""brand"": ""Apple"", ""year"": 2018}]}",False,invalid_format,0016621661550062,+998 66 155 00 62,Unknown,"similar, seem",3.0,2.0,3.0,2.0,"resource, performance",0.0,774.0,1169.0,1943.0,2,True,True,2023,"laptop, phone","HP, Apple","7190 Myers Loaf Apt. 911, Dennisville",Unknown,Unknown,Unknown
990,Anthony Bradford,21,MALE,85.0,,South Anna,,2021-09-26 00:00:00,d.s.,,inactive,15.5,average,55.0,1980-10-01 00:00:00,UZ 100994 Tashkent Samanthamouth,INVALID_JSON_DATA,False,missing,,,,,,,,,,,,,,0,False,False,0,,,UZ 100994 Tashkent Samanthamouth,100994,Tashkent,Unknown
991,,,Male,74.0,(711)374-9360x99211,Luismouth,srogers@hotmail.com,1981-08-07 20:47:00,PYTHNO,116,pending,15.5,excellent,98.0,2004-07-20 00:00:00,"Brianborough 12-kv, dom 21, Tashkent",INVALID_JSON_DATA,True,valid,711374936099211,+998 93 609 92 11,Ucell,,,,,,,,,,,0,False,False,0,,,"Brianborough 12-kv, dom 21, Tashkent",Unknown,Tashkent,Unknown
992,,21,FEMALE,73.0,545-622-4455,East Rebeccashire,tv,1990-07-13 00:00:00,DATA SCIENCE,75,active,,excellent,140.0,2008-10-22 00:00:00,"1137 Victor Garden, Crosbymouth","{hobbies:['level', 'owner']}",False,invalid_format,5456224455,+998 45 622 44 55,Unknown,,,,,,,,,,,0,False,False,0,,,"1137 Victor Garden, Crosbymouth",Unknown,Unknown,Unknown
993,Lisa Gardner,19,femlae,,001-997-333-6462x330,West Laurieshire,yet,2017-07-21 00:00:00,Pyhton,,pending,37.0,average,25300.0,1985-05-26 16:20:56,"New Karenborough 13-kv, dom 30, Tashkent","{hobbies:['address', 'feel']}",False,invalid_format,0019973336462330,+998 33 646 23 30,Unknown,,,,,,,,,,,0,False,False,0,,,"New Karenborough 13-kv, dom 30, Tashkent",Unknown,Tashkent,Unknown
994,,18,,,549-823-0512x679,Matthewton,?ali@@gmail..com,2011-03-11 19:46:31,d.s.,110,pending,,excellent,227.0,2000-10-15 19:37:43,"18583 Ross Landing Suite 657, Kellyfurt",INVALID_JSON_DATA,False,invalid_format,5498230512679,+998 23 051 26 79,Unknown,,,,,,,,,,,0,False,False,0,,,"18583 Ross Landing Suite 657, Kellyfurt",18583,Unknown,Unknown
995,Kelly Martin,,male,,,Teresaville,someonegmail.com,2005-02-26 23:42:53,Data Science,110,active,3.07,good,160.0,1976-03-31 00:00:00,"Apartment 40, Port Ashley district, Tashkent, UZ, 100498","{hobbies:['understand', 'support']}",False,invalid_format,,,,,,,,,,,,,,0,False,False,0,,,"Apartment 40, Port Ashley district, Tashkent, UZ, 100498",100498,Tashkent,Ashley
996,Gary Sawyer,22,fmale,,,Gabriellefurt,amy97@woodard.net,1992-11-13 00:00:00,DATA SCIENCE,,inactive,,excellent,64.0,2007-10-14 18:53:00,"Apartment 12, Laurenhaven district, Tashkent, UZ, 100254","{'hobbies': ['collection', 'his'], 'skills': {'tech': {'python': 3, 'excel': 5, 'sql': 1}, 'soft': ['increase', 'everything']}, 'family': {'siblings': 5, 'income': {'father': 1382, 'mother': 1335}}, 'devices': [{'type': 'laptop', 'brand': 'Dell', 'year': 2017}, {'type': 'phone', 'brand': 'Xiaomi', 'year': 2019}]}",True,valid,,,,"collection, his",3.0,5.0,1.0,2.0,"increase, everything",5.0,1382.0,1335.0,2717.0,2,True,True,2019,"laptop, phone","Dell, Xiaomi","Apartment 12, Laurenhaven district, Tashkent, UZ, 100254",100254,Tashkent,Laurenhaven
997,Scott Clark,20,,,001-205-065-8737,Rogerborough,katiepage@hensley.com,2024-10-05 00:00:00,DATA SCIENCE,,pending,37.0,,143.0,2021-06-21 07:46:27,"Patrickmouth 4-kv, dom 6, Tashkent",INVALID_JSON_DATA,True,valid,0012050658737,+998 05 065 87 37,Unknown,,,,,,,,,,,0,False,False,0,,,"Patrickmouth 4-kv, dom 6, Tashkent",Unknown,Tashkent,Unknown
998,,20,MALE,,264-577-8585,South Mary,someonegmail.com,2021-11-19 02:23:00,data_sciense,95,inactive,-2.0,excellent,79.0,1975-05-11 00:00:00,"Apartment 38, New Brendan district, Tashkent, UZ, 100394","{'hobbies': ['street', 'read'], 'skills': {'tech': {'python': 1, 'excel': 4, 'sql': 4}, 'soft': ['dinner', 'while']}, 'family': {'siblings': 5, 'income': {'father': 1285, 'mother': 1005}}, 'devices': [{'type': 'laptop', 'brand': 'HP', 'year': 2020}, {'type': 'phone', 'brand': 'Xiaomi', 'year': 2024}]}",False,invalid_format,2645778585,+998 64 577 85 85,Unknown,"street, read",1.0,4.0,4.0,2.0,"dinner, while",5.0,1285.0,1005.0,2290.0,2,True,True,2024,"laptop, phone","HP, Xiaomi","Apartment 38, New Brendan district, Tashkent, UZ, 100394",100394,Tashkent,Brendan
999,Brittany Barrett,21,FEMALE,86.0,001-663-118-1327x207,Port Rachael,richardgreen@@shannon-jenkins.info,2021-07-08 05:51:03,data_sciense,110,active,3.06,average,23800.0,2015-05-24 00:00:00,"25998 Martinez Grove Apt. 473, West Scott","{'hobbies': ['game', 'total'], 'skills': {'tech': {'python': 2, 'excel': 2, 'sql': 1}, 'soft': ['present', 'cup']}, 'family': {'siblings': 3, 'income': {'father': 541, 'mother': 571}}, 'devices': [{'type': 'laptop', 'brand': 'Dell', 'year': 2022}, {'type': 'phone', 'brand': 'Samsung', 'year': 2019}]}",False,invalid_format,0016631181327207,+998 18 132 72 07,Unknown,"game, total",2.0,2.0,1.0,2.0,"present, cup",3.0,541.0,571.0,1112.0,2,True,True,2022,"laptop, phone","Dell, Samsung","25998 Martinez Grove Apt. 473, West Scott",25998,Unknown,Unknown
1000,,,,,486.754.8735,Dariusborough,?ali@@gmail..com,2021-06-24 11:13:51,PYTHNO,70,inactive,,excellent,224.0,2015-06-27 08:04:00,"Apartment 24, Grossbury district, Tashkent, UZ, 100222",INVALID_JSON_DATA,False,invalid_format,4867548735,+998 86 754 87 35,Unknown,,,,,,,,,,,0,False,False,0,,,"Apartment 24, Grossbury district, Tashkent, UZ, 100222",100222,Tashkent,Grossbury
